source_learner_id,age,sex,learning_level,modality,is_re_enrollee,distance_km,target_not_completed,monthly_income,occupation
ALS_03166,31,MALE,JUNIOR_HIGH_SCHOOL,MODULAR,0,,1,16513.87,Other
ALS_06252,17,MALE,JUNIOR_HIGH_SCHOOL,FACE_TO_FACE,0,,0,7654.85,Self-Employed / Business Owner
ALS_00423,25,FEMALE,JUNIOR_HIGH_SCHOOL,MODULAR,0,1.62,0,12188.61,Informal / Contractual Worker
ALS_04650,25,FEMALE,JUNIOR_HIGH_SCHOOL,MODULAR,0,,0,4659.45,Informal / Contractual Worker
ALS_00778,20,FEMALE,JUNIOR_HIGH_SCHOOL,FACE_TO_FACE,0,0,0,20498.3,Other
ALS_01182,21,MALE,JUNIOR_HIGH_SCHOOL,MODULAR,1,,0,14577.47,Informal / Contractual Worker
ALS_05105,16,MALE,JUNIOR_HIGH_SCHOOL,MODULAR,0,,1,7857.88,Self-Employed / Business Owner
ALS_01995,29,MALE,JUNIOR_HIGH_SCHOOL,FACE_TO_FACE,1,,1,8014.47,Informal / Contractual Worker
ALS_05998,16,MALE,JUNIOR_HIGH_SCHOOL,FACE_TO_FACE,0,,0,9590.98,Retired / Pensioner
ALS_04558,27,MALE,JUNIOR_HIGH_SCHOOL,FACE_TO_FACE,0,,1,4477.16,Unemployed / No Income
ALS_00167,23,MALE,JUNIOR_HIGH_SCHOOL,MODULAR,0,5.99,0,9505.47,Formal Employment
ALS_03386,27,MALE,JUNIOR_HIGH_SCHOOL,BLENDED,0,,1,5108.74,Self-Employed / Business Owner
ALS_04156,31,MALE,JUNIOR_HIGH_SCHOOL,MODULAR,0,,1,12760.51,Self-Employed / Business Owner
ALS_02098,43,FEMALE,JUNIOR_HIGH_SCHOOL,FACE_TO_FACE,1,,1,5728.76,Unemployed / No Income
ALS_04812,15,FEMALE,JUNIOR_HIGH_SCHOOL,FACE_TO_FACE,0,,1,17662.04,Formal Employment
ALS_00370,17,MALE,JUNIOR_HIGH_SCHOOL,FACE_TO_FACE,0,0.6,0,12540.59,Self-Employed / Business Owner
ALS_05064,19,MALE,JUNIOR_HIGH_SCHOOL,BLENDED,0,,1,3883.04,Informal / Contractual Worker
ALS_03405,32,MALE,JUNIOR_HIGH_SCHOOL,MODULAR,0,,0,9696.82,OFW (Overseas Filipino Worker)
ALS_01882,37,FEMALE,JUNIOR_HIGH_SCHOOL,FACE_TO_FACE,1,,1,6670.11,Informal / Contractual Worker
ALS_03476,28,FEMALE,JUNIOR_HIGH_SCHOOL,BLENDED,0,,0,9880.72,Formal Employment
ALS_05593,24,MALE,JUNIOR_HIGH_SCHOOL,MODULAR,0,,1,6569.23,Formal Employment
ALS_01961,26,MALE,JUNIOR_HIGH_SCHOOL,BLENDED,1,,1,5179.01,Formal Employment
ALS_00504,18,MALE,JUNIOR_HIGH_SCHOOL,MODULAR,0,,0,15123.88,Formal Employment
ALS_05842,16,FEMALE,JUNIOR_HIGH_SCHOOL,FACE_TO_FACE,0,,1,6220.46,Formal Employment
ALS_04637,22,MALE,JUNIOR_HIGH_SCHOOL,MODULAR,0,,1,6588.99,Formal Employment
ALS_05872,16,MALE,JUNIOR_HIGH_SCHOOL,BLENDED,0,,0,13788.87,Unemployed / No Income
ALS_06278,22,FEMALE,JUNIOR_HIGH_SCHOOL,MODULAR,0,,1,7894.61,Unemployed / No Income
ALS_00267,26,MALE,JUNIOR_HIGH_SCHOOL,FACE_TO_FACE,0,0,0,10626.89,Other
ALS_04814,16,FEMALE,JUNIOR_HIGH_SCHOOL,FACE_TO_FACE,1,0.42,0,10525.28,Unemployed / No Income
ALS_04178,16,MALE,JUNIOR_HIGH_SCHOOL,BLENDED,0,,1,6950.94,Informal / Contractual Worker
ALS_03744,20,MALE,JUNIOR_HIGH_SCHOOL,FACE_TO_FACE,0,,1,12174.87,Self-Employed / Business Owner
ALS_00979,18,MALE,JUNIOR_HIGH_SCHOOL,FACE_TO_FACE,1,0,1,25152.03,Formal Employment
ALS_05968,39,FEMALE,JUNIOR_HIGH_SCHOOL,FACE_TO_FACE,0,,1,10541.61,OFW (Overseas Filipino Worker)
ALS_04586,20,FEMALE,JUNIOR_HIGH_SCHOOL,FACE_TO_FACE,0,,1,8878.56,Informal / Contractual Worker
ALS_04605,25,MALE,JUNIOR_HIGH_SCHOOL,FACE_TO_FACE,0,,1,4448.5,Formal Employment
ALS_06271,32,FEMALE,JUNIOR_HIGH_SCHOOL,MODULAR,0,,1,5556.01,Unemployed / No Income
ALS_03839,20,MALE,JUNIOR_HIGH_SCHOOL,MODULAR,0,,1,3128.95,Informal / Contractual Worker
ALS_00511,16,MALE,JUNIOR_HIGH_SCHOOL,FACE_TO_FACE,0,1.64,0,11759.45,Retired / Pensioner
ALS_03492,31,FEMALE,JUNIOR_HIGH_SCHOOL,MODULAR,0,,1,9295.15,Formal Employment
ALS_03620,17,MALE,JUNIOR_HIGH_SCHOOL,FACE_TO_FACE,1,,1,3490.86,OFW (Overseas Filipino Worker)
ALS_03893,19,FEMALE,JUNIOR_HIGH_SCHOOL,MODULAR,0,,1,10271.55,Informal / Contractual Worker
ALS_04925,19,MALE,JUNIOR_HIGH_SCHOOL,MODULAR,0,,1,5015.06,Informal / Contractual Worker
ALS_02388,18,MALE,JUNIOR_HIGH_SCHOOL,MODULAR,0,,1,8753.55,Unemployed / No Income
ALS_06362,16,MALE,JUNIOR_HIGH_SCHOOL,FACE_TO_FACE,0,,1,9494.31,Unemployed / No Income
ALS_01518,24,FEMALE,JUNIOR_HIGH_SCHOOL,FACE_TO_FACE,0,,1,2856.11,Unemployed / No Income
ALS_01770,30,FEMALE,JUNIOR_HIGH_SCHOOL,MODULAR,0,,1,4926.52,Informal / Contractual Worker
ALS_03834,20,FEMALE,JUNIOR_HIGH_SCHOOL,MODULAR,0,,1,8765.78,Unemployed / No Income
ALS_06140,15,MALE,ELEMENTARY,FACE_TO_FACE,0,,1,9311.09,Informal / Contractual Worker
ALS_05227,18,FEMALE,JUNIOR_HIGH_SCHOOL,FACE_TO_FACE,0,,1,10930.44,Informal / Contractual Worker
ALS_03512,26,FEMALE,ELEMENTARY,FACE_TO_FACE,0,,1,6178.84,Unemployed / No Income
ALS_05317,23,MALE,JUNIOR_HIGH_SCHOOL,FACE_TO_FACE,0,,0,8297.35,Formal Employment
ALS_05956,15,FEMALE,JUNIOR_HIGH_SCHOOL,FACE_TO_FACE,0,,1,6999.71,Informal / Contractual Worker
ALS_00957,44,FEMALE,JUNIOR_HIGH_SCHOOL,FACE_TO_FACE,0,0,0,9120.8,Self-Employed / Business Owner
ALS_01422,15,MALE,JUNIOR_HIGH_SCHOOL,FACE_TO_FACE,0,,1,17895.7,Informal / Contractual Worker
ALS_04813,16,FEMALE,JUNIOR_HIGH_SCHOOL,FACE_TO_FACE,0,,1,8100.12,Informal / Contractual Worker
ALS_04010,15,MALE,ELEMENTARY,FACE_TO_FACE,0,,1,11060.71,OFW (Overseas Filipino Worker)
ALS_02563,16,FEMALE,ELEMENTARY,FACE_TO_FACE,0,,1,6427.85,Unemployed / No Income
ALS_05178,24,FEMALE,ELEMENTARY,BLENDED,0,,1,3455.38,Unemployed / No Income
ALS_03135,18,FEMALE,JUNIOR_HIGH_SCHOOL,FACE_TO_FACE,0,,1,9257.78,Formal Employment
ALS_05273,19,FEMALE,JUNIOR_HIGH_SCHOOL,FACE_TO_FACE,1,,0,13998.66,Self-Employed / Business Owner
ALS_01794,48,FEMALE,JUNIOR_HIGH_SCHOOL,FACE_TO_FACE,1,,1,9631.06,Retired / Pensioner
ALS_03963,25,MALE,JUNIOR_HIGH_SCHOOL,FACE_TO_FACE,0,,1,11748.93,Informal / Contractual Worker
ALS_03572,25,FEMALE,JUNIOR_HIGH_SCHOOL,MODULAR,0,,0,10314.26,Self-Employed / Business Owner
ALS_06466,13,FEMALE,ELEMENTARY,FACE_TO_FACE,0,,0,5892.93,Self-Employed / Business Owner
ALS_05141,42,FEMALE,JUNIOR_HIGH_SCHOOL,MODULAR,0,50.23,0,8823.95,Informal / Contractual Worker
ALS_04414,19,MALE,JUNIOR_HIGH_SCHOOL,MODULAR,1,,0,14698.19,Formal Employment
ALS_02048,22,MALE,ELEMENTARY,FACE_TO_FACE,1,,1,4676.77,Informal / Contractual Worker
ALS_04719,15,FEMALE,JUNIOR_HIGH_SCHOOL,FACE_TO_FACE,1,,0,9852.42,Informal / Contractual Worker
ALS_06257,15,MALE,JUNIOR_HIGH_SCHOOL,FACE_TO_FACE,0,,1,5149.63,Formal Employment
ALS_00775,33,FEMALE,JUNIOR_HIGH_SCHOOL,FACE_TO_FACE,0,0,0,10229.9,Unemployed / No Income
ALS_05157,28,FEMALE,JUNIOR_HIGH_SCHOOL,FACE_TO_FACE,1,,0,14600.73,Informal / Contractual Worker
ALS_04108,11,MALE,ELEMENTARY,FACE_TO_FACE,0,,0,24861.47,Formal Employment
ALS_01003,28,MALE,JUNIOR_HIGH_SCHOOL,MODULAR,0,0,0,7935.21,Other
ALS_06622,34,FEMALE,JUNIOR_HIGH_SCHOOL,BLENDED,0,,0,20064.21,Informal / Contractual Worker
ALS_01351,16,MALE,JUNIOR_HIGH_SCHOOL,FACE_TO_FACE,0,,1,2488.99,Unemployed / No Income
ALS_01020,27,MALE,JUNIOR_HIGH_SCHOOL,MODULAR,0,0,0,6288.6,Unemployed / No Income
ALS_02064,54,MALE,BLP,FACE_TO_FACE,1,,1,9704.95,Formal Employment
ALS_03048,23,MALE,JUNIOR_HIGH_SCHOOL,FACE_TO_FACE,0,,1,11011.11,Other
ALS_02574,24,MALE,JUNIOR_HIGH_SCHOOL,FACE_TO_FACE,0,,1,5239.79,Self-Employed / Business Owner
ALS_00427,24,MALE,JUNIOR_HIGH_SCHOOL,BLENDED,0,1.64,0,11834.09,OFW (Overseas Filipino Worker)
ALS_03784,28,FEMALE,JUNIOR_HIGH_SCHOOL,FACE_TO_FACE,0,,0,6462.11,Formal Employment
ALS_05234,17,MALE,JUNIOR_HIGH_SCHOOL,FACE_TO_FACE,0,,1,5881.73,Informal / Contractual Worker
ALS_03302,18,MALE,JUNIOR_HIGH_SCHOOL,BLENDED,1,,1,6584.47,Unemployed / No Income
ALS_06261,21,MALE,ELEMENTARY,FACE_TO_FACE,0,,1,16238.8,Informal / Contractual Worker
ALS_05057,16,MALE,JUNIOR_HIGH_SCHOOL,FACE_TO_FACE,0,,1,11539.06,Formal Employment
ALS_05525,17,MALE,JUNIOR_HIGH_SCHOOL,MODULAR,0,,1,12965.15,Unemployed / No Income
ALS_05249,16,MALE,JUNIOR_HIGH_SCHOOL,FACE_TO_FACE,0,,0,20093.59,Unemployed / No Income
ALS_01732,21,MALE,JUNIOR_HIGH_SCHOOL,MODULAR,0,,1,6811.76,Self-Employed / Business Owner
ALS_04168,15,FEMALE,JUNIOR_HIGH_SCHOOL,BLENDED,0,,0,15918.95,Informal / Contractual Worker
ALS_03804,20,MALE,JUNIOR_HIGH_SCHOOL,FACE_TO_FACE,0,,0,18250.95,Other
ALS_06456,16,FEMALE,JUNIOR_HIGH_SCHOOL,MODULAR,0,0.42,1,5870.34,Informal / Contractual Worker
ALS_06054,28,MALE,JUNIOR_HIGH_SCHOOL,FACE_TO_FACE,0,,1,12714.67,Unemployed / No Income
ALS_00770,21,MALE,JUNIOR_HIGH_SCHOOL,FACE_TO_FACE,0,0,0,7343.05,Informal / Contractual Worker
ALS_03190,21,MALE,ELEMENTARY,FACE_TO_FACE,1,,1,3200.34,OFW (Overseas Filipino Worker)
ALS_06349,13,FEMALE,ELEMENTARY,FACE_TO_FACE,0,,1,9473.86,Informal / Contractual Worker
ALS_02661,15,MALE,JUNIOR_HIGH_SCHOOL,MODULAR,0,,0,14884.11,Formal Employment
ALS_04676,41,MALE,JUNIOR_HIGH_SCHOOL,FACE_TO_FACE,0,,1,3828.45,Informal / Contractual Worker
ALS_06465,11,FEMALE,ELEMENTARY,FACE_TO_FACE,0,,0,8659.77,OFW (Overseas Filipino Worker)
ALS_03075,27,MALE,JUNIOR_HIGH_SCHOOL,MODULAR,1,,1,10856.37,Informal / Contractual Worker
ALS_00850,15,MALE,JUNIOR_HIGH_SCHOOL,MODULAR,0,0,0,8903.29,Other
ALS_04593,26,MALE,JUNIOR_HIGH_SCHOOL,FACE_TO_FACE,0,,1,9450.71,Other
ALS_06638,22,MALE,ELEMENTARY,BLENDED,0,,1,4700.79,Self-Employed / Business Owner
ALS_06428,16,MALE,JUNIOR_HIGH_SCHOOL,MODULAR,0,0.42,1,8177.14,Unemployed / No Income
ALS_05976,34,FEMALE,JUNIOR_HIGH_SCHOOL,BLENDED,0,,1,4158.1,Unemployed / No Income
ALS_04308,15,MALE,JUNIOR_HIGH_SCHOOL,FACE_TO_FACE,0,,1,4337.7,Formal Employment
ALS_05255,16,MALE,JUNIOR_HIGH_SCHOOL,FACE_TO_FACE,1,,0,13738.28,Other
ALS_06740,28,FEMALE,JUNIOR_HIGH_SCHOOL,MODULAR,0,,0,16228.48,Unemployed / No Income
ALS_02192,12,FEMALE,ELEMENTARY,FACE_TO_FACE,1,,1,6015.57,Formal Employment
ALS_03622,22,MALE,JUNIOR_HIGH_SCHOOL,FACE_TO_FACE,0,,1,5004.78,Self-Employed / Business Owner
ALS_03883,21,MALE,ELEMENTARY,MODULAR,1,,1,12001.41,Formal Employment
ALS_02807,36,MALE,JUNIOR_HIGH_SCHOOL,FACE_TO_FACE,0,,1,20782.81,Formal Employment
ALS_00410,22,FEMALE,JUNIOR_HIGH_SCHOOL,MODULAR,0,,0,11991.93,Unemployed / No Income
ALS_02212,24,MALE,JUNIOR_HIGH_SCHOOL,MODULAR,1,,0,8245.36,OFW (Overseas Filipino Worker)
ALS_06309,29,FEMALE,JUNIOR_HIGH_SCHOOL,FACE_TO_FACE,0,,1,7334.46,Self-Employed / Business Owner
ALS_06163,24,MALE,JUNIOR_HIGH_SCHOOL,MODULAR,0,,1,7302.33,Unemployed / No Income
ALS_05784,18,MALE,ELEMENTARY,FACE_TO_FACE,0,,0,7543.06,OFW (Overseas Filipino Worker)
ALS_00253,23,MALE,JUNIOR_HIGH_SCHOOL,FACE_TO_FACE,0,0.05,0,20951.02,Informal / Contractual Worker
ALS_05837,22,MALE,JUNIOR_HIGH_SCHOOL,FACE_TO_FACE,0,,1,10621.62,Unemployed / No Income
ALS_02994,16,FEMALE,JUNIOR_HIGH_SCHOOL,MODULAR,0,0.12,0,14289.43,Informal / Contractual Worker
ALS_05945,14,MALE,ELEMENTARY,FACE_TO_FACE,0,,1,6233.43,Other
ALS_05401,38,FEMALE,JUNIOR_HIGH_SCHOOL,FACE_TO_FACE,0,,1,9156.55,Self-Employed / Business Owner
ALS_04982,18,MALE,JUNIOR_HIGH_SCHOOL,FACE_TO_FACE,0,,0,15121.57,Unemployed / No Income
ALS_06333,16,MALE,JUNIOR_HIGH_SCHOOL,FACE_TO_FACE,0,,1,2852.2,Unemployed / No Income
ALS_02502,13,FEMALE,ELEMENTARY,FACE_TO_FACE,1,,1,5159.52,Self-Employed / Business Owner
ALS_00041,16,MALE,JUNIOR_HIGH_SCHOOL,MODULAR,0,5.16,0,29218.86,Self-Employed / Business Owner
ALS_01456,14,MALE,ELEMENTARY,FACE_TO_FACE,0,,1,3374.54,Unemployed / No Income
ALS_04461,25,FEMALE,JUNIOR_HIGH_SCHOOL,FACE_TO_FACE,0,,0,7576.92,Formal Employment
ALS_05433,16,MALE,JUNIOR_HIGH_SCHOOL,MODULAR,0,,0,34605.09,OFW (Overseas Filipino Worker)
ALS_04134,26,FEMALE,JUNIOR_HIGH_SCHOOL,MODULAR,0,,0,45157.36,Formal Employment
ALS_05345,23,MALE,JUNIOR_HIGH_SCHOOL,MODULAR,1,,1,2804.27,Unemployed / No Income
ALS_01000,30,MALE,JUNIOR_HIGH_SCHOOL,FACE_TO_FACE,0,0,0,22658.4,Formal Employment
ALS_04258,27,FEMALE,JUNIOR_HIGH_SCHOOL,BLENDED,0,0,0,15870.19,Formal Employment
ALS_00510,32,FEMALE,JUNIOR_HIGH_SCHOOL,MODULAR,0,0.71,0,8113.46,Formal Employment
ALS_02427,15,FEMALE,JUNIOR_HIGH_SCHOOL,FACE_TO_FACE,0,,1,11724.8,Informal / Contractual Worker
ALS_01901,16,FEMALE,JUNIOR_HIGH_SCHOOL,MODULAR,0,,0,17111.71,Formal Employment
ALS_06609,24,MALE,JUNIOR_HIGH_SCHOOL,FACE_TO_FACE,0,,1,6265.8,Informal / Contractual Worker
ALS_01480,29,FEMALE,JUNIOR_HIGH_SCHOOL,BLENDED,1,,1,15961.46,Other
ALS_06625,25,MALE,JUNIOR_HIGH_SCHOOL,FACE_TO_FACE,0,,1,15460.47,Unemployed / No Income
ALS_05796,14,MALE,ELEMENTARY,FACE_TO_FACE,0,,0,8962.36,Formal Employment
ALS_03152,13,FEMALE,ELEMENTARY,FACE_TO_FACE,0,,0,10831.97,Other
ALS_00941,17,MALE,ELEMENTARY,FACE_TO_FACE,1,0,0,9597.95,Other
ALS_02715,30,MALE,ELEMENTARY,BLENDED,0,,1,7055.83,Informal / Contractual Worker
ALS_05767,40,FEMALE,BLP,FACE_TO_FACE,0,,1,5912.64,Unemployed / No Income
ALS_01885,22,FEMALE,JUNIOR_HIGH_SCHOOL,BLENDED,1,,1,4991.26,Informal / Contractual Worker
ALS_02976,21,MALE,ELEMENTARY,MODULAR,0,,1,2148.61,Unemployed / No Income
ALS_03777,15,MALE,ELEMENTARY,FACE_TO_FACE,0,,1,5572.78,Unemployed / No Income
ALS_00774,17,FEMALE,JUNIOR_HIGH_SCHOOL,FACE_TO_FACE,0,2.02,0,12428.2,Formal Employment
ALS_04200,14,MALE,JUNIOR_HIGH_SCHOOL,FACE_TO_FACE,0,,1,6345.48,Retired / Pensioner
ALS_02279,31,MALE,JUNIOR_HIGH_SCHOOL,MODULAR,0,,1,5196.62,Informal / Contractual Worker
ALS_00994,28,MALE,JUNIOR_HIGH_SCHOOL,FACE_TO_FACE,0,2.61,0,19528.59,Self-Employed / Business Owner
ALS_01714,24,MALE,JUNIOR_HIGH_SCHOOL,FACE_TO_FACE,0,,1,4476.09,Retired / Pensioner
ALS_05487,24,MALE,JUNIOR_HIGH_SCHOOL,FACE_TO_FACE,0,,0,8518.43,OFW (Overseas Filipino Worker)
ALS_04013,31,MALE,JUNIOR_HIGH_SCHOOL,MODULAR,0,,1,6963.74,Informal / Contractual Worker
ALS_06052,19,MALE,JUNIOR_HIGH_SCHOOL,FACE_TO_FACE,0,,1,6043.12,Informal / Contractual Worker
ALS_08439,17,MALE,JUNIOR_HIGH_SCHOOL,FACE_TO_FACE,0,,0,7020.35,Unemployed / No Income
ALS_05816,23,MALE,JUNIOR_HIGH_SCHOOL,FACE_TO_FACE,0,,1,7780.63,Informal / Contractual Worker
ALS_03345,31,MALE,JUNIOR_HIGH_SCHOOL,MODULAR,1,1.28,1,4436.81,Retired / Pensioner
ALS_05995,15,MALE,JUNIOR_HIGH_SCHOOL,FACE_TO_FACE,0,,1,18599.1,Other
ALS_00460,22,MALE,JUNIOR_HIGH_SCHOOL,FACE_TO_FACE,0,3.24,0,6965.12,Formal Employment
ALS_03397,19,MALE,JUNIOR_HIGH_SCHOOL,BLENDED,1,,1,9519.85,Unemployed / No Income
ALS_00138,22,FEMALE,JUNIOR_HIGH_SCHOOL,FACE_TO_FACE,0,0,0,7074.66,OFW (Overseas Filipino Worker)
ALS_05846,18,MALE,JUNIOR_HIGH_SCHOOL,BLENDED,0,,1,6699.57,Retired / Pensioner
ALS_01756,30,MALE,JUNIOR_HIGH_SCHOOL,FACE_TO_FACE,1,,1,4909.44,Informal / Contractual Worker
ALS_06683,18,MALE,JUNIOR_HIGH_SCHOOL,MODULAR,0,,0,5744.53,Self-Employed / Business Owner
ALS_02178,15,FEMALE,JUNIOR_HIGH_SCHOOL,FACE_TO_FACE,1,,1,4474.66,Informal / Contractual Worker
ALS_05307,31,FEMALE,JUNIOR_HIGH_SCHOOL,FACE_TO_FACE,0,,1,10763.47,Formal Employment
ALS_05726,16,MALE,JUNIOR_HIGH_SCHOOL,FACE_TO_FACE,0,,0,7253.07,Self-Employed / Business Owner
ALS_06100,18,FEMALE,JUNIOR_HIGH_SCHOOL,FACE_TO_FACE,0,,0,19574.24,Formal Employment
ALS_03981,33,FEMALE,JUNIOR_HIGH_SCHOOL,FACE_TO_FACE,1,,1,5913.48,Informal / Contractual Worker
ALS_06633,42,FEMALE,ELEMENTARY,FACE_TO_FACE,0,,0,8375.03,Formal Employment
ALS_06136,30,FEMALE,JUNIOR_HIGH_SCHOOL,FACE_TO_FACE,0,,1,7437.96,Unemployed / No Income
ALS_04449,24,MALE,ELEMENTARY,MODULAR,0,,1,8919.26,Unemployed / No Income
ALS_06286,16,FEMALE,JUNIOR_HIGH_SCHOOL,FACE_TO_FACE,0,,1,5530.99,Unemployed / No Income
ALS_01919,16,MALE,JUNIOR_HIGH_SCHOOL,BLENDED,0,5.16,0,12279.65,Informal / Contractual Worker
ALS_03819,33,MALE,ELEMENTARY,FACE_TO_FACE,1,,0,6325.84,Self-Employed / Business Owner
ALS_06661,14,MALE,BLP,FACE_TO_FACE,0,,1,8243.49,Unemployed / No Income
ALS_04760,19,FEMALE,JUNIOR_HIGH_SCHOOL,FACE_TO_FACE,0,,0,11805.76,Formal Employment
ALS_07028,17,FEMALE,JUNIOR_HIGH_SCHOOL,BLENDED,0,,0,4997.28,Self-Employed / Business Owner
ALS_04881,16,MALE,JUNIOR_HIGH_SCHOOL,FACE_TO_FACE,0,,1,2865.31,Self-Employed / Business Owner
ALS_01883,20,MALE,JUNIOR_HIGH_SCHOOL,MODULAR,1,,1,4482.59,Unemployed / No Income
ALS_08455,16,MALE,JUNIOR_HIGH_SCHOOL,MODULAR,1,,0,7986.91,Informal / Contractual Worker
ALS_03374,19,MALE,JUNIOR_HIGH_SCHOOL,FACE_TO_FACE,0,,1,2762.9,Self-Employed / Business Owner
ALS_05133,21,FEMALE,ELEMENTARY,MODULAR,0,,0,30168.17,OFW (Overseas Filipino Worker)
ALS_06109,16,FEMALE,JUNIOR_HIGH_SCHOOL,FACE_TO_FACE,0,,0,8414.1,Informal / Contractual Worker
ALS_04506,17,MALE,JUNIOR_HIGH_SCHOOL,FACE_TO_FACE,0,,0,18105.83,Unemployed / No Income
ALS_00598,14,FEMALE,ELEMENTARY,FACE_TO_FACE,0,0,0,13423.66,Formal Employment
ALS_06143,21,MALE,JUNIOR_HIGH_SCHOOL,FACE_TO_FACE,0,,1,5908.6,Unemployed / No Income
ALS_04164,22,MALE,JUNIOR_HIGH_SCHOOL,MODULAR,0,,1,5860.59,Informal / Contractual Worker
ALS_06504,30,FEMALE,JUNIOR_HIGH_SCHOOL,MODULAR,0,,1,17404.46,Informal / Contractual Worker
ALS_04933,15,FEMALE,JUNIOR_HIGH_SCHOOL,FACE_TO_FACE,0,,1,4891.88,Retired / Pensioner
ALS_05833,15,FEMALE,ELEMENTARY,FACE_TO_FACE,0,,1,7771.15,Unemployed / No Income
ALS_03225,25,MALE,JUNIOR_HIGH_SCHOOL,MODULAR,1,,1,8893.18,Retired / Pensioner
ALS_04833,18,MALE,JUNIOR_HIGH_SCHOOL,FACE_TO_FACE,1,,0,10210.34,Self-Employed / Business Owner
ALS_04616,20,FEMALE,JUNIOR_HIGH_SCHOOL,FACE_TO_FACE,0,,1,14485.84,OFW (Overseas Filipino Worker)
ALS_03776,28,MALE,JUNIOR_HIGH_SCHOOL,FACE_TO_FACE,0,,1,9052.68,Informal / Contractual Worker
ALS_00445,18,MALE,JUNIOR_HIGH_SCHOOL,FACE_TO_FACE,0,2.65,0,8156.35,Formal Employment
ALS_05236,32,FEMALE,JUNIOR_HIGH_SCHOOL,MODULAR,0,,1,10455.48,Informal / Contractual Worker
ALS_03413,43,FEMALE,JUNIOR_HIGH_SCHOOL,MODULAR,0,,0,19518.33,Informal / Contractual Worker
ALS_06296,29,FEMALE,ELEMENTARY,FACE_TO_FACE,0,,1,17625.37,Informal / Contractual Worker
ALS_05067,19,MALE,JUNIOR_HIGH_SCHOOL,BLENDED,0,,0,10098.86,Formal Employment
ALS_03747,36,FEMALE,ELEMENTARY,MODULAR,0,,1,3125.21,Informal / Contractual Worker
ALS_05562,59,FEMALE,ELEMENTARY,MODULAR,0,,1,5395.3,Unemployed / No Income
ALS_02673,12,FEMALE,BLP,MODULAR,0,,1,5961.81,Unemployed / No Income
ALS_05359,17,MALE,JUNIOR_HIGH_SCHOOL,FACE_TO_FACE,1,,0,21749.39,OFW (Overseas Filipino Worker)
ALS_03944,20,FEMALE,JUNIOR_HIGH_SCHOOL,FACE_TO_FACE,0,,1,6959.48,Informal / Contractual Worker
ALS_04564,20,FEMALE,JUNIOR_HIGH_SCHOOL,FACE_TO_FACE,0,,1,5243.11,OFW (Overseas Filipino Worker)
ALS_02787,17,MALE,JUNIOR_HIGH_SCHOOL,FACE_TO_FACE,0,,1,12252.39,Unemployed / No Income
ALS_01270,19,FEMALE,JUNIOR_HIGH_SCHOOL,MODULAR,0,0.12,0,7914.2,Unemployed / No Income
ALS_05481,33,FEMALE,JUNIOR_HIGH_SCHOOL,MODULAR,0,,1,5276.88,Self-Employed / Business Owner
ALS_02941,18,MALE,JUNIOR_HIGH_SCHOOL,BLENDED,0,,0,11223.92,Informal / Contractual Worker
ALS_05776,24,MALE,JUNIOR_HIGH_SCHOOL,FACE_TO_FACE,0,0,1,5191.41,Unemployed / No Income
ALS_01979,25,FEMALE,JUNIOR_HIGH_SCHOOL,FACE_TO_FACE,1,,1,9043.03,Formal Employment
ALS_04485,23,FEMALE,JUNIOR_HIGH_SCHOOL,MODULAR,1,,1,4963.05,Formal Employment
ALS_01502,32,MALE,JUNIOR_HIGH_SCHOOL,MODULAR,0,,1,4252.69,Formal Employment
ALS_03632,18,MALE,JUNIOR_HIGH_SCHOOL,MODULAR,0,,1,3741.59,Informal / Contractual Worker
ALS_04431,24,MALE,JUNIOR_HIGH_SCHOOL,FACE_TO_FACE,0,,1,6702.46,Formal Employment
ALS_05755,16,MALE,JUNIOR_HIGH_SCHOOL,FACE_TO_FACE,0,,0,13486.91,Informal / Contractual Worker
ALS_02327,32,MALE,JUNIOR_HIGH_SCHOOL,FACE_TO_FACE,0,,0,12937.98,Unemployed / No Income
ALS_06608,18,MALE,JUNIOR_HIGH_SCHOOL,FACE_TO_FACE,0,,0,6277.89,Self-Employed / Business Owner
ALS_03696,18,FEMALE,JUNIOR_HIGH_SCHOOL,MODULAR,1,,1,11892.33,Informal / Contractual Worker
ALS_05242,15,FEMALE,JUNIOR_HIGH_SCHOOL,FACE_TO_FACE,1,,1,10639.04,Self-Employed / Business Owner
ALS_03000,22,MALE,JUNIOR_HIGH_SCHOOL,MODULAR,0,,0,8112.58,Formal Employment
ALS_05719,17,MALE,JUNIOR_HIGH_SCHOOL,FACE_TO_FACE,0,,1,8948.2,Formal Employment
ALS_04447,15,MALE,ELEMENTARY,FACE_TO_FACE,0,,1,7581.74,Informal / Contractual Worker
ALS_06370,18,MALE,JUNIOR_HIGH_SCHOOL,FACE_TO_FACE,0,,0,10014.7,Formal Employment
ALS_01400,21,MALE,JUNIOR_HIGH_SCHOOL,MODULAR,1,,1,5414.83,Informal / Contractual Worker
ALS_03780,52,FEMALE,ELEMENTARY,FACE_TO_FACE,1,,1,6815.97,Retired / Pensioner
ALS_06494,13,MALE,JUNIOR_HIGH_SCHOOL,FACE_TO_FACE,0,,1,3880.03,Informal / Contractual Worker
ALS_00567,16,FEMALE,JUNIOR_HIGH_SCHOOL,MODULAR,0,1.64,0,7449,Formal Employment
ALS_02260,35,FEMALE,JUNIOR_HIGH_SCHOOL,FACE_TO_FACE,0,,1,7728.07,Informal / Contractual Worker
ALS_04180,17,MALE,ELEMENTARY,FACE_TO_FACE,1,,1,11767.59,Informal / Contractual Worker
ALS_04852,22,MALE,ELEMENTARY,FACE_TO_FACE,0,,1,3178.96,Unemployed / No Income
ALS_03189,20,MALE,ELEMENTARY,FACE_TO_FACE,1,,1,13800.6,Unemployed / No Income
ALS_00987,14,MALE,JUNIOR_HIGH_SCHOOL,FACE_TO_FACE,1,0.61,1,2431.78,Unemployed / No Income
ALS_04979,15,MALE,JUNIOR_HIGH_SCHOOL,FACE_TO_FACE,0,,1,4850.14,Formal Employment
ALS_04456,17,MALE,JUNIOR_HIGH_SCHOOL,FACE_TO_FACE,1,,0,14835.77,Formal Employment
ALS_04947,20,MALE,JUNIOR_HIGH_SCHOOL,FACE_TO_FACE,0,,1,4170.84,Informal / Contractual Worker
ALS_04063,31,FEMALE,JUNIOR_HIGH_SCHOOL,BLENDED,0,,0,14251.37,Self-Employed / Business Owner
ALS_05146,18,MALE,JUNIOR_HIGH_SCHOOL,FACE_TO_FACE,0,0.42,1,4987.81,Informal / Contractual Worker
ALS_04513,15,MALE,JUNIOR_HIGH_SCHOOL,FACE_TO_FACE,1,,0,4533.78,Unemployed / No Income
ALS_04169,15,MALE,JUNIOR_HIGH_SCHOOL,FACE_TO_FACE,1,,1,5974.11,OFW (Overseas Filipino Worker)
ALS_03505,37,FEMALE,JUNIOR_HIGH_SCHOOL,MODULAR,1,,1,13331.54,Informal / Contractual Worker
ALS_06732,15,MALE,JUNIOR_HIGH_SCHOOL,FACE_TO_FACE,0,,1,4315.28,Self-Employed / Business Owner
ALS_05613,31,FEMALE,JUNIOR_HIGH_SCHOOL,MODULAR,0,,0,4854.38,Self-Employed / Business Owner
ALS_03299,24,MALE,JUNIOR_HIGH_SCHOOL,MODULAR,1,,1,4494.01,Informal / Contractual Worker
ALS_03994,17,MALE,JUNIOR_HIGH_SCHOOL,FACE_TO_FACE,0,0.42,0,6144.4,OFW (Overseas Filipino Worker)
ALS_06766,16,FEMALE,JUNIOR_HIGH_SCHOOL,FACE_TO_FACE,0,,1,4918.5,Informal / Contractual Worker
ALS_04288,27,MALE,JUNIOR_HIGH_SCHOOL,MODULAR,0,,1,5406.05,Informal / Contractual Worker
ALS_03767,29,MALE,JUNIOR_HIGH_SCHOOL,BLENDED,0,,0,11530.68,Informal / Contractual Worker
ALS_04002,20,MALE,JUNIOR_HIGH_SCHOOL,MODULAR,0,,1,5168.06,OFW (Overseas Filipino Worker)
ALS_05443,17,FEMALE,JUNIOR_HIGH_SCHOOL,FACE_TO_FACE,0,,1,3657.85,Informal / Contractual Worker
ALS_01955,28,MALE,JUNIOR_HIGH_SCHOOL,FACE_TO_FACE,0,,1,8068.53,Self-Employed / Business Owner
ALS_00186,34,FEMALE,JUNIOR_HIGH_SCHOOL,FACE_TO_FACE,0,0,1,6649.54,Unemployed / No Income
ALS_02102,21,MALE,JUNIOR_HIGH_SCHOOL,BLENDED,1,3.18,1,11661.63,Unemployed / No Income
ALS_02116,17,MALE,JUNIOR_HIGH_SCHOOL,BLENDED,0,,1,13160.47,Other
ALS_04946,26,MALE,JUNIOR_HIGH_SCHOOL,FACE_TO_FACE,0,,1,3261.92,Other
ALS_05734,18,MALE,JUNIOR_HIGH_SCHOOL,BLENDED,0,,0,27307.8,Informal / Contractual Worker
ALS_05071,38,FEMALE,JUNIOR_HIGH_SCHOOL,BLENDED,0,,1,15589.15,Informal / Contractual Worker
ALS_01418,18,FEMALE,JUNIOR_HIGH_SCHOOL,FACE_TO_FACE,0,,1,9175.33,Retired / Pensioner
ALS_04996,16,FEMALE,JUNIOR_HIGH_SCHOOL,FACE_TO_FACE,0,,1,13383.51,Formal Employment
ALS_05189,16,MALE,JUNIOR_HIGH_SCHOOL,FACE_TO_FACE,0,,1,6789.51,Retired / Pensioner
ALS_05017,16,FEMALE,JUNIOR_HIGH_SCHOOL,FACE_TO_FACE,1,,0,9209.03,Unemployed / No Income
ALS_02322,23,MALE,JUNIOR_HIGH_SCHOOL,FACE_TO_FACE,1,,1,9823.12,OFW (Overseas Filipino Worker)
ALS_06446,26,MALE,ELEMENTARY,MODULAR,0,0.42,1,9419.95,Other
ALS_06351,15,FEMALE,JUNIOR_HIGH_SCHOOL,FACE_TO_FACE,0,,1,13917.32,Formal Employment
ALS_03625,18,MALE,JUNIOR_HIGH_SCHOOL,FACE_TO_FACE,0,,1,5246.82,Other
ALS_05768,13,MALE,JUNIOR_HIGH_SCHOOL,FACE_TO_FACE,0,,1,5270.3,Informal / Contractual Worker
ALS_03083,21,MALE,JUNIOR_HIGH_SCHOOL,FACE_TO_FACE,1,,1,6280,OFW (Overseas Filipino Worker)
ALS_03789,26,MALE,JUNIOR_HIGH_SCHOOL,FACE_TO_FACE,1,,1,14014.77,Formal Employment
ALS_04875,16,MALE,ELEMENTARY,FACE_TO_FACE,0,,1,15295.79,OFW (Overseas Filipino Worker)
ALS_00496,28,FEMALE,JUNIOR_HIGH_SCHOOL,FACE_TO_FACE,0,0,0,12244.02,Informal / Contractual Worker
ALS_06774,18,FEMALE,JUNIOR_HIGH_SCHOOL,FACE_TO_FACE,0,,1,4092.23,Self-Employed / Business Owner
ALS_03272,18,MALE,JUNIOR_HIGH_SCHOOL,MODULAR,1,,1,9348.96,Informal / Contractual Worker
ALS_01349,21,FEMALE,JUNIOR_HIGH_SCHOOL,BLENDED,0,,0,6779.1,Informal / Contractual Worker
ALS_05762,43,FEMALE,JUNIOR_HIGH_SCHOOL,BLENDED,0,0,1,7055.73,Self-Employed / Business Owner
ALS_03855,20,FEMALE,JUNIOR_HIGH_SCHOOL,MODULAR,0,,1,6379.96,Informal / Contractual Worker
ALS_03354,22,FEMALE,JUNIOR_HIGH_SCHOOL,MODULAR,0,1.28,0,6828.93,Formal Employment
ALS_03184,16,FEMALE,JUNIOR_HIGH_SCHOOL,MODULAR,0,,1,9392.88,Unemployed / No Income
ALS_00487,16,FEMALE,JUNIOR_HIGH_SCHOOL,FACE_TO_FACE,0,0,0,4533.49,Formal Employment
ALS_04708,33,FEMALE,JUNIOR_HIGH_SCHOOL,BLENDED,0,,0,10799.39,Unemployed / No Income
ALS_06764,12,MALE,ELEMENTARY,FACE_TO_FACE,0,,1,18200.86,Other
ALS_03750,26,FEMALE,ELEMENTARY,FACE_TO_FACE,1,,1,9667.5,Other
ALS_03864,15,MALE,JUNIOR_HIGH_SCHOOL,MODULAR,1,,1,5738.04,Unemployed / No Income
ALS_04276,37,MALE,JUNIOR_HIGH_SCHOOL,MODULAR,0,,1,5273.08,Unemployed / No Income
ALS_00705,38,MALE,JUNIOR_HIGH_SCHOOL,FACE_TO_FACE,0,12.23,0,16751.57,Self-Employed / Business Owner
ALS_04865,30,FEMALE,JUNIOR_HIGH_SCHOOL,FACE_TO_FACE,1,,0,9315.91,Formal Employment
ALS_04277,23,FEMALE,JUNIOR_HIGH_SCHOOL,BLENDED,0,,1,9302.61,Unemployed / No Income
ALS_06459,42,FEMALE,JUNIOR_HIGH_SCHOOL,MODULAR,0,0.42,1,8248.77,Formal Employment
ALS_06929,17,MALE,ELEMENTARY,FACE_TO_FACE,0,0.42,0,20504.59,Self-Employed / Business Owner
ALS_00416,17,MALE,JUNIOR_HIGH_SCHOOL,FACE_TO_FACE,0,1.28,0,11956.55,Formal Employment
ALS_05222,25,FEMALE,JUNIOR_HIGH_SCHOOL,MODULAR,0,,1,12771.91,Informal / Contractual Worker
ALS_02209,23,MALE,JUNIOR_HIGH_SCHOOL,MODULAR,1,,1,14604.02,Informal / Contractual Worker
ALS_00376,17,MALE,JUNIOR_HIGH_SCHOOL,FACE_TO_FACE,0,0.06,0,10760.25,Formal Employment
ALS_05495,25,FEMALE,JUNIOR_HIGH_SCHOOL,MODULAR,0,,1,8246.42,Unemployed / No Income
ALS_00039,17,FEMALE,JUNIOR_HIGH_SCHOOL,FACE_TO_FACE,0,1.14,0,13804.7,Informal / Contractual Worker
ALS_00224,16,MALE,JUNIOR_HIGH_SCHOOL,BLENDED,0,0.7,0,13620.34,Formal Employment
ALS_01906,14,MALE,ELEMENTARY,BLENDED,0,,1,9868.95,Informal / Contractual Worker
ALS_04036,27,MALE,ELEMENTARY,MODULAR,0,,1,16817.05,Other
ALS_04930,26,FEMALE,ELEMENTARY,MODULAR,0,,1,13960.4,Informal / Contractual Worker
ALS_03998,43,MALE,JUNIOR_HIGH_SCHOOL,BLENDED,0,0.42,0,18334.01,Formal Employment
ALS_03115,15,MALE,JUNIOR_HIGH_SCHOOL,MODULAR,0,,0,7624.49,Informal / Contractual Worker
ALS_02146,34,MALE,JUNIOR_HIGH_SCHOOL,FACE_TO_FACE,0,,1,4651.17,Self-Employed / Business Owner
ALS_04345,28,FEMALE,JUNIOR_HIGH_SCHOOL,MODULAR,0,,1,3573.45,Formal Employment
ALS_03660,21,MALE,JUNIOR_HIGH_SCHOOL,FACE_TO_FACE,1,,1,3692.11,Other
ALS_04631,21,FEMALE,JUNIOR_HIGH_SCHOOL,FACE_TO_FACE,0,,1,3036.62,Unemployed / No Income
ALS_05882,25,MALE,JUNIOR_HIGH_SCHOOL,MODULAR,0,,1,8867.84,Unemployed / No Income
ALS_02493,17,MALE,JUNIOR_HIGH_SCHOOL,MODULAR,0,,1,3903.17,Self-Employed / Business Owner
ALS_04773,19,MALE,JUNIOR_HIGH_SCHOOL,FACE_TO_FACE,0,,1,10265.89,Unemployed / No Income
ALS_06339,11,FEMALE,ELEMENTARY,FACE_TO_FACE,0,,1,4841.63,Unemployed / No Income
ALS_04692,17,FEMALE,JUNIOR_HIGH_SCHOOL,BLENDED,0,,0,3906.42,Formal Employment
ALS_05123,34,MALE,JUNIOR_HIGH_SCHOOL,MODULAR,0,,1,11758.76,Informal / Contractual Worker
ALS_04741,20,FEMALE,JUNIOR_HIGH_SCHOOL,FACE_TO_FACE,1,,0,11517.65,Unemployed / No Income
ALS_02846,23,FEMALE,JUNIOR_HIGH_SCHOOL,FACE_TO_FACE,0,,1,10000.59,Informal / Contractual Worker
ALS_04752,21,MALE,JUNIOR_HIGH_SCHOOL,MODULAR,0,,0,8306.11,Self-Employed / Business Owner
ALS_01766,38,FEMALE,JUNIOR_HIGH_SCHOOL,MODULAR,0,,1,7885.82,Informal / Contractual Worker
ALS_05419,12,MALE,BLP,FACE_TO_FACE,0,,1,9129.05,Self-Employed / Business Owner
ALS_03336,22,MALE,JUNIOR_HIGH_SCHOOL,MODULAR,1,,1,3817.73,Self-Employed / Business Owner
ALS_03327,23,FEMALE,JUNIOR_HIGH_SCHOOL,BLENDED,1,,1,2114.47,Unemployed / No Income
ALS_06237,48,MALE,JUNIOR_HIGH_SCHOOL,MODULAR,0,,0,10805.06,Informal / Contractual Worker
ALS_03383,25,FEMALE,JUNIOR_HIGH_SCHOOL,FACE_TO_FACE,0,,1,5487.68,Self-Employed / Business Owner
ALS_06650,25,FEMALE,JUNIOR_HIGH_SCHOOL,BLENDED,0,,1,8997.84,OFW (Overseas Filipino Worker)
ALS_06438,17,MALE,ELEMENTARY,FACE_TO_FACE,0,,1,3744.36,Self-Employed / Business Owner
ALS_04508,23,MALE,JUNIOR_HIGH_SCHOOL,MODULAR,0,,1,9960.21,Self-Employed / Business Owner
ALS_03097,19,MALE,JUNIOR_HIGH_SCHOOL,FACE_TO_FACE,1,,1,9685.4,Unemployed / No Income
ALS_06520,14,FEMALE,JUNIOR_HIGH_SCHOOL,FACE_TO_FACE,0,,1,7617.76,Other
ALS_02187,16,MALE,JUNIOR_HIGH_SCHOOL,FACE_TO_FACE,0,,0,23131.14,Formal Employment
ALS_06195,20,FEMALE,JUNIOR_HIGH_SCHOOL,FACE_TO_FACE,0,0.42,0,6658.98,Informal / Contractual Worker
ALS_01432,15,FEMALE,JUNIOR_HIGH_SCHOOL,FACE_TO_FACE,0,,1,8171.69,Other
ALS_03600,40,FEMALE,JUNIOR_HIGH_SCHOOL,MODULAR,0,,0,15431.39,Formal Employment
ALS_06635,17,MALE,JUNIOR_HIGH_SCHOOL,BLENDED,0,,1,6844.46,Informal / Contractual Worker
ALS_04755,16,MALE,JUNIOR_HIGH_SCHOOL,FACE_TO_FACE,0,,0,16741.41,Informal / Contractual Worker
ALS_02298,45,MALE,ELEMENTARY,MODULAR,0,,1,7697.26,Formal Employment
ALS_04325,19,MALE,JUNIOR_HIGH_SCHOOL,FACE_TO_FACE,0,,1,3793.52,Self-Employed / Business Owner
ALS_03670,18,FEMALE,JUNIOR_HIGH_SCHOOL,FACE_TO_FACE,1,,1,12128.87,Self-Employed / Business Owner
ALS_01997,21,MALE,JUNIOR_HIGH_SCHOOL,BLENDED,0,5.16,0,13458.03,Self-Employed / Business Owner
ALS_04906,16,MALE,JUNIOR_HIGH_SCHOOL,MODULAR,0,,1,8495.77,Self-Employed / Business Owner
ALS_01044,35,MALE,JUNIOR_HIGH_SCHOOL,MODULAR,0,0,0,18093.87,Informal / Contractual Worker
ALS_00539,22,FEMALE,JUNIOR_HIGH_SCHOOL,FACE_TO_FACE,0,1.3,0,8899.38,Self-Employed / Business Owner
ALS_03899,21,MALE,JUNIOR_HIGH_SCHOOL,MODULAR,1,,1,9362.05,Informal / Contractual Worker
ALS_06708,16,MALE,JUNIOR_HIGH_SCHOOL,MODULAR,0,,0,8049.14,Formal Employment
ALS_04899,29,FEMALE,JUNIOR_HIGH_SCHOOL,MODULAR,0,,1,4911.28,Unemployed / No Income
ALS_05144,22,MALE,JUNIOR_HIGH_SCHOOL,FACE_TO_FACE,0,,1,3394.1,Retired / Pensioner
ALS_05477,17,MALE,JUNIOR_HIGH_SCHOOL,FACE_TO_FACE,0,,1,13234.61,Informal / Contractual Worker
ALS_02751,24,MALE,JUNIOR_HIGH_SCHOOL,FACE_TO_FACE,0,,1,3415.13,Informal / Contractual Worker
ALS_06778,12,FEMALE,ELEMENTARY,MODULAR,0,,1,6045.37,Informal / Contractual Worker
ALS_00368,17,MALE,JUNIOR_HIGH_SCHOOL,FACE_TO_FACE,0,0.06,0,17457.81,Informal / Contractual Worker
ALS_04210,18,MALE,JUNIOR_HIGH_SCHOOL,MODULAR,0,,1,6751.18,Informal / Contractual Worker
ALS_02236,27,FEMALE,JUNIOR_HIGH_SCHOOL,MODULAR,1,,1,8086.85,Self-Employed / Business Owner
ALS_01788,36,MALE,JUNIOR_HIGH_SCHOOL,BLENDED,1,,1,8406.8,Unemployed / No Income
ALS_05293,20,MALE,ELEMENTARY,MODULAR,0,,1,7071.89,Self-Employed / Business Owner
ALS_03478,30,MALE,JUNIOR_HIGH_SCHOOL,BLENDED,0,,0,15125.46,Unemployed / No Income
ALS_05281,24,FEMALE,JUNIOR_HIGH_SCHOOL,FACE_TO_FACE,0,,1,3487.2,Self-Employed / Business Owner
ALS_03497,19,MALE,ELEMENTARY,MODULAR,1,,1,6218.09,Informal / Contractual Worker
ALS_03393,17,MALE,JUNIOR_HIGH_SCHOOL,BLENDED,1,,1,6823.46,Informal / Contractual Worker
ALS_03006,17,MALE,ELEMENTARY,MODULAR,0,,1,9340.71,Retired / Pensioner
ALS_03056,16,FEMALE,JUNIOR_HIGH_SCHOOL,FACE_TO_FACE,0,,0,20448.61,Formal Employment
ALS_01717,38,FEMALE,JUNIOR_HIGH_SCHOOL,FACE_TO_FACE,1,,1,8043.2,Informal / Contractual Worker
ALS_00615,16,MALE,JUNIOR_HIGH_SCHOOL,FACE_TO_FACE,0,3.29,0,12034.47,Self-Employed / Business Owner
ALS_02000,22,MALE,JUNIOR_HIGH_SCHOOL,FACE_TO_FACE,1,,1,12598.37,Informal / Contractual Worker
ALS_01412,16,MALE,JUNIOR_HIGH_SCHOOL,MODULAR,1,,0,22710.97,Formal Employment
ALS_04092,43,FEMALE,JUNIOR_HIGH_SCHOOL,FACE_TO_FACE,0,,1,10873.56,Informal / Contractual Worker
ALS_00692,36,FEMALE,ELEMENTARY,MODULAR,1,2.66,1,3771.72,OFW (Overseas Filipino Worker)
ALS_01052,16,FEMALE,ELEMENTARY,FACE_TO_FACE,1,1.81,1,7385.85,Unemployed / No Income
ALS_02717,49,FEMALE,JUNIOR_HIGH_SCHOOL,BLENDED,0,,1,8907.89,Formal Employment
ALS_02274,41,FEMALE,ELEMENTARY,FACE_TO_FACE,0,,1,5542.68,Self-Employed / Business Owner
ALS_05499,24,FEMALE,JUNIOR_HIGH_SCHOOL,MODULAR,0,0,0,9634.1,Formal Employment
ALS_02488,28,FEMALE,JUNIOR_HIGH_SCHOOL,MODULAR,0,,1,15208.64,Self-Employed / Business Owner
ALS_03378,23,FEMALE,JUNIOR_HIGH_SCHOOL,FACE_TO_FACE,0,,1,5425.78,Unemployed / No Income
ALS_04660,39,MALE,JUNIOR_HIGH_SCHOOL,FACE_TO_FACE,0,,0,6787.59,Self-Employed / Business Owner
ALS_06623,16,MALE,JUNIOR_HIGH_SCHOOL,FACE_TO_FACE,0,,1,3744.29,Unemployed / No Income
ALS_03359,19,MALE,JUNIOR_HIGH_SCHOOL,BLENDED,1,,1,2940.38,Formal Employment
ALS_00606,16,FEMALE,JUNIOR_HIGH_SCHOOL,FACE_TO_FACE,0,1.64,0,4373.46,Informal / Contractual Worker
ALS_02970,17,FEMALE,JUNIOR_HIGH_SCHOOL,MODULAR,0,,1,5659.41,Formal Employment
ALS_02638,21,MALE,JUNIOR_HIGH_SCHOOL,MODULAR,0,,1,5673.37,Unemployed / No Income
ALS_02797,17,MALE,JUNIOR_HIGH_SCHOOL,FACE_TO_FACE,0,,1,5929.2,Informal / Contractual Worker
ALS_02039,18,MALE,JUNIOR_HIGH_SCHOOL,FACE_TO_FACE,0,,1,2369.45,Informal / Contractual Worker
ALS_06372,14,MALE,ELEMENTARY,FACE_TO_FACE,0,,0,6663.3,Retired / Pensioner
ALS_00281,16,FEMALE,JUNIOR_HIGH_SCHOOL,FACE_TO_FACE,1,0,1,7214.89,Informal / Contractual Worker
ALS_06315,14,MALE,ELEMENTARY,FACE_TO_FACE,0,,1,12764.69,Unemployed / No Income
ALS_00345,21,MALE,JUNIOR_HIGH_SCHOOL,MODULAR,0,1.7,0,15808.87,Unemployed / No Income
ALS_05915,19,FEMALE,JUNIOR_HIGH_SCHOOL,MODULAR,0,,0,5657.75,Self-Employed / Business Owner
ALS_05675,27,MALE,JUNIOR_HIGH_SCHOOL,FACE_TO_FACE,0,,0,8923.43,Self-Employed / Business Owner
ALS_04919,16,MALE,JUNIOR_HIGH_SCHOOL,FACE_TO_FACE,0,,1,5208.62,Formal Employment
ALS_05243,40,FEMALE,JUNIOR_HIGH_SCHOOL,MODULAR,0,,1,9737.2,Unemployed / No Income
ALS_02844,16,FEMALE,JUNIOR_HIGH_SCHOOL,FACE_TO_FACE,0,,1,5288.09,Self-Employed / Business Owner
ALS_05923,17,FEMALE,JUNIOR_HIGH_SCHOOL,FACE_TO_FACE,0,,1,4782.16,Unemployed / No Income
ALS_04301,30,FEMALE,JUNIOR_HIGH_SCHOOL,BLENDED,1,,0,28224.98,Informal / Contractual Worker
ALS_06425,31,FEMALE,JUNIOR_HIGH_SCHOOL,FACE_TO_FACE,0,,0,16011.43,Self-Employed / Business Owner
ALS_01985,20,MALE,ELEMENTARY,FACE_TO_FACE,1,,1,14175.49,Unemployed / No Income
ALS_06489,17,MALE,BLP,FACE_TO_FACE,0,,1,10410.19,Retired / Pensioner
ALS_04216,15,FEMALE,JUNIOR_HIGH_SCHOOL,BLENDED,0,,1,11306.83,Formal Employment
ALS_02166,32,MALE,JUNIOR_HIGH_SCHOOL,FACE_TO_FACE,1,,1,23385.53,Informal / Contractual Worker
ALS_02796,17,MALE,JUNIOR_HIGH_SCHOOL,FACE_TO_FACE,0,,1,7299.23,Formal Employment
ALS_03451,76,MALE,JUNIOR_HIGH_SCHOOL,BLENDED,1,,1,7241.56,Informal / Contractual Worker
ALS_04354,16,MALE,BLP,FACE_TO_FACE,0,,1,7853.02,Informal / Contractual Worker
ALS_04957,20,FEMALE,JUNIOR_HIGH_SCHOOL,FACE_TO_FACE,0,,1,15028.28,Self-Employed / Business Owner
ALS_06057,16,MALE,JUNIOR_HIGH_SCHOOL,FACE_TO_FACE,0,,1,11758.5,Informal / Contractual Worker
ALS_04941,25,MALE,JUNIOR_HIGH_SCHOOL,FACE_TO_FACE,0,,1,4694.4,Formal Employment
ALS_05171,17,MALE,JUNIOR_HIGH_SCHOOL,BLENDED,0,,0,24488.11,Formal Employment
ALS_02989,18,MALE,JUNIOR_HIGH_SCHOOL,FACE_TO_FACE,0,,1,4859.3,Self-Employed / Business Owner
ALS_00964,15,MALE,JUNIOR_HIGH_SCHOOL,BLENDED,0,0,0,7000.92,OFW (Overseas Filipino Worker)
ALS_03548,15,MALE,JUNIOR_HIGH_SCHOOL,FACE_TO_FACE,0,0.42,0,3615.59,Formal Employment
ALS_03084,22,MALE,JUNIOR_HIGH_SCHOOL,FACE_TO_FACE,1,,1,8842.27,Informal / Contractual Worker
ALS_00191,16,FEMALE,JUNIOR_HIGH_SCHOOL,FACE_TO_FACE,0,0.05,0,21641.57,Formal Employment
ALS_04590,26,MALE,ELEMENTARY,FACE_TO_FACE,0,,1,9445.84,Formal Employment
ALS_05625,20,MALE,JUNIOR_HIGH_SCHOOL,FACE_TO_FACE,0,,0,5781.25,Self-Employed / Business Owner
ALS_02081,22,MALE,JUNIOR_HIGH_SCHOOL,FACE_TO_FACE,1,,1,9272.29,Informal / Contractual Worker
ALS_04493,17,MALE,JUNIOR_HIGH_SCHOOL,FACE_TO_FACE,0,,0,11394.84,Unemployed / No Income
ALS_05431,22,MALE,JUNIOR_HIGH_SCHOOL,MODULAR,0,,1,9650.69,Unemployed / No Income
ALS_01114,33,FEMALE,JUNIOR_HIGH_SCHOOL,FACE_TO_FACE,0,,1,6664.85,Unemployed / No Income
ALS_01835,19,MALE,JUNIOR_HIGH_SCHOOL,MODULAR,1,,1,9980.16,Retired / Pensioner
ALS_01739,22,FEMALE,JUNIOR_HIGH_SCHOOL,MODULAR,1,,1,10120.39,Informal / Contractual Worker
ALS_00852,32,MALE,JUNIOR_HIGH_SCHOOL,BLENDED,0,0,0,12060.51,Informal / Contractual Worker
ALS_00955,35,FEMALE,JUNIOR_HIGH_SCHOOL,FACE_TO_FACE,0,0,0,7136.63,Informal / Contractual Worker
ALS_03024,15,MALE,BLP,FACE_TO_FACE,1,,0,21997.52,Self-Employed / Business Owner
ALS_03220,15,MALE,JUNIOR_HIGH_SCHOOL,FACE_TO_FACE,1,,1,4687.91,Formal Employment
ALS_03872,34,MALE,JUNIOR_HIGH_SCHOOL,MODULAR,0,0,1,3909.47,Self-Employed / Business Owner
ALS_04747,25,FEMALE,JUNIOR_HIGH_SCHOOL,FACE_TO_FACE,0,,0,21964.92,OFW (Overseas Filipino Worker)
ALS_05688,16,FEMALE,JUNIOR_HIGH_SCHOOL,FACE_TO_FACE,0,,1,8254.01,Self-Employed / Business Owner
ALS_03565,17,FEMALE,JUNIOR_HIGH_SCHOOL,MODULAR,1,,1,5975.53,Self-Employed / Business Owner
ALS_03817,52,MALE,ELEMENTARY,FACE_TO_FACE,0,,1,3569.48,Informal / Contractual Worker
ALS_05972,20,MALE,JUNIOR_HIGH_SCHOOL,MODULAR,0,,1,10799.09,Formal Employment
ALS_04710,28,FEMALE,JUNIOR_HIGH_SCHOOL,BLENDED,0,,0,14018.73,Informal / Contractual Worker
ALS_05262,18,MALE,JUNIOR_HIGH_SCHOOL,FACE_TO_FACE,0,,0,10793.82,Self-Employed / Business Owner
ALS_04287,32,MALE,JUNIOR_HIGH_SCHOOL,FACE_TO_FACE,0,0,0,11922.07,Informal / Contractual Worker
ALS_06480,17,FEMALE,JUNIOR_HIGH_SCHOOL,FACE_TO_FACE,0,,0,6679.79,Formal Employment
ALS_05256,19,MALE,JUNIOR_HIGH_SCHOOL,FACE_TO_FACE,0,,1,9053.31,Self-Employed / Business Owner
ALS_02117,17,MALE,JUNIOR_HIGH_SCHOOL,BLENDED,0,,1,14725.77,Formal Employment
ALS_05167,46,FEMALE,JUNIOR_HIGH_SCHOOL,MODULAR,0,,0,9822.41,Self-Employed / Business Owner
ALS_01974,26,FEMALE,JUNIOR_HIGH_SCHOOL,MODULAR,0,,1,7138.6,Informal / Contractual Worker
ALS_03970,52,FEMALE,JUNIOR_HIGH_SCHOOL,BLENDED,0,,0,10433.53,Self-Employed / Business Owner
ALS_02060,18,FEMALE,JUNIOR_HIGH_SCHOOL,MODULAR,0,,1,7614.42,Self-Employed / Business Owner
ALS_05761,15,MALE,JUNIOR_HIGH_SCHOOL,BLENDED,0,,0,7453.92,OFW (Overseas Filipino Worker)
ALS_05455,16,FEMALE,JUNIOR_HIGH_SCHOOL,FACE_TO_FACE,1,,0,16028.87,Unemployed / No Income
ALS_03182,54,FEMALE,JUNIOR_HIGH_SCHOOL,MODULAR,0,,0,5756.49,Formal Employment
ALS_02688,10,FEMALE,ELEMENTARY,FACE_TO_FACE,0,,0,8919.2,OFW (Overseas Filipino Worker)
ALS_07034,16,MALE,JUNIOR_HIGH_SCHOOL,FACE_TO_FACE,0,,0,3968.74,Informal / Contractual Worker
ALS_04498,15,MALE,ELEMENTARY,FACE_TO_FACE,0,,0,13678.33,OFW (Overseas Filipino Worker)
ALS_01105,25,MALE,JUNIOR_HIGH_SCHOOL,BLENDED,1,,1,3562.2,Informal / Contractual Worker
ALS_02690,18,FEMALE,JUNIOR_HIGH_SCHOOL,BLENDED,0,,0,15278.05,Informal / Contractual Worker
ALS_02172,22,MALE,JUNIOR_HIGH_SCHOOL,FACE_TO_FACE,1,,1,14843.51,Formal Employment
ALS_02446,17,FEMALE,JUNIOR_HIGH_SCHOOL,FACE_TO_FACE,0,,1,9979.08,Self-Employed / Business Owner
ALS_06423,16,FEMALE,JUNIOR_HIGH_SCHOOL,FACE_TO_FACE,0,,0,14466.36,Formal Employment
ALS_02620,31,MALE,JUNIOR_HIGH_SCHOOL,BLENDED,0,,0,40665.65,Formal Employment
ALS_05494,27,MALE,JUNIOR_HIGH_SCHOOL,MODULAR,0,0,0,16695.69,Formal Employment
ALS_06417,15,FEMALE,JUNIOR_HIGH_SCHOOL,FACE_TO_FACE,0,,0,7158.85,Self-Employed / Business Owner
ALS_05620,22,MALE,JUNIOR_HIGH_SCHOOL,MODULAR,0,,1,11461.34,Formal Employment
ALS_01923,23,MALE,JUNIOR_HIGH_SCHOOL,BLENDED,1,,1,6465.21,Self-Employed / Business Owner
ALS_02330,32,MALE,BLP,FACE_TO_FACE,0,,0,36264.45,Unemployed / No Income
ALS_04016,26,MALE,JUNIOR_HIGH_SCHOOL,MODULAR,0,,1,7109.85,Informal / Contractual Worker
ALS_04917,40,MALE,JUNIOR_HIGH_SCHOOL,MODULAR,0,,1,8625.98,Formal Employment
ALS_03525,20,MALE,ELEMENTARY,MODULAR,0,,1,5009.22,Informal / Contractual Worker
ALS_04932,25,FEMALE,JUNIOR_HIGH_SCHOOL,FACE_TO_FACE,0,,1,4958.49,Other
ALS_00936,14,FEMALE,ELEMENTARY,BLENDED,0,4.27,0,7229.01,Informal / Contractual Worker
ALS_06457,14,FEMALE,ELEMENTARY,FACE_TO_FACE,0,0.42,1,19853.11,Unemployed / No Income
ALS_05628,17,MALE,JUNIOR_HIGH_SCHOOL,MODULAR,0,,1,8674.5,Informal / Contractual Worker
ALS_05897,13,MALE,ELEMENTARY,FACE_TO_FACE,0,,1,5171.92,Self-Employed / Business Owner
ALS_05428,19,MALE,JUNIOR_HIGH_SCHOOL,MODULAR,0,,1,3582.07,OFW (Overseas Filipino Worker)
ALS_01320,36,MALE,JUNIOR_HIGH_SCHOOL,FACE_TO_FACE,0,,1,4050.18,OFW (Overseas Filipino Worker)
ALS_06124,17,FEMALE,JUNIOR_HIGH_SCHOOL,MODULAR,0,,1,8597.41,Informal / Contractual Worker
ALS_05214,20,MALE,JUNIOR_HIGH_SCHOOL,MODULAR,0,,1,4515.16,Self-Employed / Business Owner
ALS_00526,32,MALE,JUNIOR_HIGH_SCHOOL,MODULAR,0,1.64,0,15598.54,Self-Employed / Business Owner
ALS_05475,30,FEMALE,JUNIOR_HIGH_SCHOOL,FACE_TO_FACE,0,,1,4239.29,Unemployed / No Income
ALS_06209,19,MALE,JUNIOR_HIGH_SCHOOL,FACE_TO_FACE,0,,0,15281.64,Informal / Contractual Worker
ALS_00599,26,FEMALE,JUNIOR_HIGH_SCHOOL,FACE_TO_FACE,0,0,0,7362.28,Formal Employment
ALS_02920,26,FEMALE,JUNIOR_HIGH_SCHOOL,MODULAR,0,,0,20494.4,Self-Employed / Business Owner
ALS_05145,33,MALE,JUNIOR_HIGH_SCHOOL,FACE_TO_FACE,0,,1,6559.46,Self-Employed / Business Owner
ALS_04988,18,MALE,JUNIOR_HIGH_SCHOOL,FACE_TO_FACE,1,0.42,0,12830.33,OFW (Overseas Filipino Worker)
ALS_02747,15,MALE,JUNIOR_HIGH_SCHOOL,FACE_TO_FACE,0,,1,8718.34,Informal / Contractual Worker
ALS_05615,40,FEMALE,JUNIOR_HIGH_SCHOOL,MODULAR,0,,1,13841.49,Self-Employed / Business Owner
ALS_02589,16,MALE,JUNIOR_HIGH_SCHOOL,FACE_TO_FACE,0,,1,4828.85,Unemployed / No Income
ALS_05811,15,MALE,ELEMENTARY,BLENDED,0,,1,5134.96,Informal / Contractual Worker
ALS_06688,17,MALE,JUNIOR_HIGH_SCHOOL,FACE_TO_FACE,0,,0,14142.36,Self-Employed / Business Owner
ALS_04352,24,MALE,JUNIOR_HIGH_SCHOOL,BLENDED,1,,0,8070.09,Formal Employment
ALS_02223,16,MALE,JUNIOR_HIGH_SCHOOL,FACE_TO_FACE,1,,0,19656.93,Retired / Pensioner
ALS_06724,16,FEMALE,JUNIOR_HIGH_SCHOOL,FACE_TO_FACE,0,,0,7424.78,Formal Employment
ALS_02744,17,MALE,JUNIOR_HIGH_SCHOOL,FACE_TO_FACE,0,,1,8752.63,Self-Employed / Business Owner
ALS_04224,31,MALE,JUNIOR_HIGH_SCHOOL,MODULAR,0,,1,5707.32,Unemployed / No Income
ALS_01327,14,FEMALE,JUNIOR_HIGH_SCHOOL,FACE_TO_FACE,0,,1,11060.58,Self-Employed / Business Owner
ALS_01840,35,FEMALE,JUNIOR_HIGH_SCHOOL,FACE_TO_FACE,0,,1,5757.06,Informal / Contractual Worker
ALS_01911,15,MALE,ELEMENTARY,BLENDED,0,0.95,0,4911.71,Retired / Pensioner
ALS_01778,16,MALE,ELEMENTARY,BLENDED,0,,1,3738.65,Other
ALS_02397,19,MALE,ELEMENTARY,MODULAR,0,,1,5090.66,Self-Employed / Business Owner
ALS_04924,35,MALE,JUNIOR_HIGH_SCHOOL,MODULAR,0,,1,3341.05,Self-Employed / Business Owner
ALS_04937,15,FEMALE,JUNIOR_HIGH_SCHOOL,FACE_TO_FACE,0,,1,5571.89,Unemployed / No Income
ALS_04040,25,FEMALE,JUNIOR_HIGH_SCHOOL,MODULAR,0,,1,9239.96,Informal / Contractual Worker
ALS_00484,16,MALE,JUNIOR_HIGH_SCHOOL,FACE_TO_FACE,0,0,0,20770.88,Informal / Contractual Worker
ALS_03294,27,MALE,JUNIOR_HIGH_SCHOOL,MODULAR,1,,1,7454.71,Self-Employed / Business Owner
ALS_02403,15,MALE,JUNIOR_HIGH_SCHOOL,FACE_TO_FACE,0,,0,9026.97,Formal Employment
ALS_04140,52,FEMALE,JUNIOR_HIGH_SCHOOL,FACE_TO_FACE,0,,0,11153.59,Formal Employment
ALS_05777,23,MALE,JUNIOR_HIGH_SCHOOL,MODULAR,0,,1,6849.75,Unemployed / No Income
ALS_02714,23,MALE,JUNIOR_HIGH_SCHOOL,FACE_TO_FACE,0,,1,3830.28,Retired / Pensioner
ALS_06692,51,FEMALE,ELEMENTARY,MODULAR,0,,0,25984.11,Self-Employed / Business Owner
ALS_06151,14,FEMALE,JUNIOR_HIGH_SCHOOL,FACE_TO_FACE,0,,1,4963.67,Other
ALS_03668,35,FEMALE,JUNIOR_HIGH_SCHOOL,MODULAR,0,,1,5979.02,Unemployed / No Income
ALS_02876,18,FEMALE,JUNIOR_HIGH_SCHOOL,MODULAR,0,,1,8212.15,Self-Employed / Business Owner
ALS_02041,33,MALE,JUNIOR_HIGH_SCHOOL,FACE_TO_FACE,0,,1,25682.78,Other
ALS_00626,16,FEMALE,JUNIOR_HIGH_SCHOOL,FACE_TO_FACE,0,2.03,0,18240.89,Self-Employed / Business Owner
ALS_06313,15,MALE,ELEMENTARY,FACE_TO_FACE,0,,1,5147.22,Unemployed / No Income
ALS_06656,24,FEMALE,JUNIOR_HIGH_SCHOOL,BLENDED,0,,1,11615.55,Informal / Contractual Worker
ALS_03034,41,FEMALE,JUNIOR_HIGH_SCHOOL,FACE_TO_FACE,0,,0,14540.88,Informal / Contractual Worker
ALS_00814,16,FEMALE,JUNIOR_HIGH_SCHOOL,FACE_TO_FACE,0,0,0,17702.5,Unemployed / No Income
ALS_03926,16,MALE,JUNIOR_HIGH_SCHOOL,FACE_TO_FACE,1,,1,4070.04,Formal Employment
ALS_05731,17,FEMALE,JUNIOR_HIGH_SCHOOL,FACE_TO_FACE,0,,1,4315.35,Self-Employed / Business Owner
ALS_05327,22,FEMALE,JUNIOR_HIGH_SCHOOL,MODULAR,0,0.42,0,7884.24,Self-Employed / Business Owner
ALS_04247,22,MALE,ELEMENTARY,FACE_TO_FACE,0,,1,2701.35,Self-Employed / Business Owner
ALS_03719,55,FEMALE,JUNIOR_HIGH_SCHOOL,MODULAR,0,0.42,0,15350.29,Unemployed / No Income
ALS_04832,22,MALE,ELEMENTARY,FACE_TO_FACE,1,,0,18024.22,Informal / Contractual Worker
ALS_03702,14,MALE,ELEMENTARY,MODULAR,1,,1,4894.2,Informal / Contractual Worker
ALS_02959,16,MALE,JUNIOR_HIGH_SCHOOL,FACE_TO_FACE,0,,1,12194.34,Informal / Contractual Worker
ALS_05639,29,FEMALE,JUNIOR_HIGH_SCHOOL,MODULAR,0,,1,7149.66,Other
ALS_05044,17,FEMALE,JUNIOR_HIGH_SCHOOL,MODULAR,0,,1,13301.61,Unemployed / No Income
ALS_00414,16,MALE,JUNIOR_HIGH_SCHOOL,MODULAR,0,,0,15366.42,Formal Employment
ALS_00954,28,FEMALE,JUNIOR_HIGH_SCHOOL,FACE_TO_FACE,0,0,0,9978.01,OFW (Overseas Filipino Worker)
ALS_02636,15,MALE,ELEMENTARY,FACE_TO_FACE,1,,1,5628.85,Informal / Contractual Worker
ALS_03460,62,FEMALE,JUNIOR_HIGH_SCHOOL,FACE_TO_FACE,0,,1,12310.99,Formal Employment
ALS_03108,18,MALE,JUNIOR_HIGH_SCHOOL,FACE_TO_FACE,0,,0,2025.69,Informal / Contractual Worker
ALS_01750,25,FEMALE,JUNIOR_HIGH_SCHOOL,FACE_TO_FACE,0,,0,14055.74,Formal Employment
ALS_04136,15,FEMALE,JUNIOR_HIGH_SCHOOL,BLENDED,0,,0,11518.32,Self-Employed / Business Owner
ALS_04311,22,MALE,JUNIOR_HIGH_SCHOOL,FACE_TO_FACE,0,,1,5470.09,Self-Employed / Business Owner
ALS_00709,15,MALE,JUNIOR_HIGH_SCHOOL,FACE_TO_FACE,0,2.09,0,9262.24,OFW (Overseas Filipino Worker)
ALS_05282,19,MALE,JUNIOR_HIGH_SCHOOL,MODULAR,0,,1,11250.71,Other
ALS_06641,18,MALE,JUNIOR_HIGH_SCHOOL,BLENDED,0,,1,16346.88,Self-Employed / Business Owner
ALS_05637,20,FEMALE,JUNIOR_HIGH_SCHOOL,MODULAR,0,,1,6439.74,OFW (Overseas Filipino Worker)
ALS_06591,16,FEMALE,JUNIOR_HIGH_SCHOOL,FACE_TO_FACE,0,,0,15524.03,OFW (Overseas Filipino Worker)
ALS_08515,21,FEMALE,JUNIOR_HIGH_SCHOOL,FACE_TO_FACE,0,,1,3675.39,Formal Employment
ALS_01759,42,FEMALE,JUNIOR_HIGH_SCHOOL,MODULAR,0,,1,18089.85,Informal / Contractual Worker
ALS_05952,31,MALE,JUNIOR_HIGH_SCHOOL,MODULAR,0,,1,4671.89,Informal / Contractual Worker
ALS_03636,16,MALE,JUNIOR_HIGH_SCHOOL,FACE_TO_FACE,0,,0,12327.24,Self-Employed / Business Owner
ALS_02368,15,FEMALE,JUNIOR_HIGH_SCHOOL,MODULAR,0,,1,5440.07,Other
ALS_05834,33,FEMALE,JUNIOR_HIGH_SCHOOL,BLENDED,0,,0,11989.42,OFW (Overseas Filipino Worker)
ALS_04020,15,MALE,ELEMENTARY,FACE_TO_FACE,0,,0,5610.44,Informal / Contractual Worker
ALS_04030,26,MALE,JUNIOR_HIGH_SCHOOL,MODULAR,0,,1,6179.62,Formal Employment
ALS_04621,31,MALE,JUNIOR_HIGH_SCHOOL,FACE_TO_FACE,0,,1,11403.37,Unemployed / No Income
ALS_06461,33,MALE,JUNIOR_HIGH_SCHOOL,FACE_TO_FACE,0,,0,5672.04,Informal / Contractual Worker
ALS_02126,41,MALE,JUNIOR_HIGH_SCHOOL,FACE_TO_FACE,1,,1,10188.48,Informal / Contractual Worker
ALS_02726,22,FEMALE,JUNIOR_HIGH_SCHOOL,BLENDED,0,,1,10016.84,Self-Employed / Business Owner
ALS_06632,20,FEMALE,JUNIOR_HIGH_SCHOOL,FACE_TO_FACE,0,,1,6295.93,Formal Employment
ALS_00782,28,MALE,JUNIOR_HIGH_SCHOOL,FACE_TO_FACE,0,0,0,12922.71,Formal Employment
ALS_02410,20,MALE,JUNIOR_HIGH_SCHOOL,MODULAR,0,,1,6555.24,Informal / Contractual Worker
ALS_02583,34,MALE,JUNIOR_HIGH_SCHOOL,FACE_TO_FACE,0,,1,10892.99,Self-Employed / Business Owner
ALS_01782,30,MALE,JUNIOR_HIGH_SCHOOL,BLENDED,1,,1,16619.96,Informal / Contractual Worker
ALS_02211,22,MALE,JUNIOR_HIGH_SCHOOL,MODULAR,1,,1,3872.53,Informal / Contractual Worker
ALS_00372,17,MALE,JUNIOR_HIGH_SCHOOL,FACE_TO_FACE,0,1.92,0,11318.86,Informal / Contractual Worker
ALS_02866,24,FEMALE,JUNIOR_HIGH_SCHOOL,FACE_TO_FACE,0,,1,13537.28,Unemployed / No Income
ALS_04953,20,FEMALE,JUNIOR_HIGH_SCHOOL,FACE_TO_FACE,0,,1,11733.84,Informal / Contractual Worker
ALS_02603,39,MALE,JUNIOR_HIGH_SCHOOL,FACE_TO_FACE,0,,1,10089.99,Self-Employed / Business Owner
ALS_04241,13,MALE,ELEMENTARY,FACE_TO_FACE,1,,1,5123.02,Self-Employed / Business Owner
ALS_00143,16,FEMALE,JUNIOR_HIGH_SCHOOL,FACE_TO_FACE,0,2.13,0,11642.69,Formal Employment
ALS_00973,26,MALE,JUNIOR_HIGH_SCHOOL,FACE_TO_FACE,0,0,0,11787.78,Other
ALS_02449,27,FEMALE,JUNIOR_HIGH_SCHOOL,FACE_TO_FACE,0,,1,7638.6,OFW (Overseas Filipino Worker)
ALS_06260,15,MALE,JUNIOR_HIGH_SCHOOL,FACE_TO_FACE,0,,1,8840.32,Unemployed / No Income
ALS_00381,34,FEMALE,ELEMENTARY,FACE_TO_FACE,0,6.21,0,13162.87,Formal Employment
ALS_04554,14,MALE,JUNIOR_HIGH_SCHOOL,FACE_TO_FACE,0,,1,5288.41,Informal / Contractual Worker
ALS_03664,14,MALE,ELEMENTARY,FACE_TO_FACE,1,0,0,11116.99,Unemployed / No Income
ALS_00452,28,MALE,JUNIOR_HIGH_SCHOOL,MODULAR,0,1.62,0,11742.82,Self-Employed / Business Owner
ALS_06340,17,FEMALE,JUNIOR_HIGH_SCHOOL,FACE_TO_FACE,0,,1,13159.27,Unemployed / No Income
ALS_03389,22,MALE,JUNIOR_HIGH_SCHOOL,MODULAR,1,,1,5770.08,Unemployed / No Income
ALS_06028,22,MALE,BLP,FACE_TO_FACE,0,,1,15769.11,Informal / Contractual Worker
ALS_05396,28,MALE,ELEMENTARY,FACE_TO_FACE,0,,0,12274.16,Formal Employment
ALS_04163,32,FEMALE,JUNIOR_HIGH_SCHOOL,FACE_TO_FACE,0,0,0,16617.88,Formal Employment
ALS_03370,34,FEMALE,JUNIOR_HIGH_SCHOOL,BLENDED,1,,1,3458.59,Unemployed / No Income
ALS_00464,17,MALE,ELEMENTARY,FACE_TO_FACE,1,0.79,0,8676.64,Self-Employed / Business Owner
ALS_00685,23,FEMALE,JUNIOR_HIGH_SCHOOL,FACE_TO_FACE,0,2.99,0,15582.1,Informal / Contractual Worker
ALS_06553,13,MALE,BLP,FACE_TO_FACE,0,,1,3681.37,Unemployed / No Income
ALS_03054,32,FEMALE,JUNIOR_HIGH_SCHOOL,FACE_TO_FACE,0,,0,14564.94,Informal / Contractual Worker
ALS_06765,39,FEMALE,JUNIOR_HIGH_SCHOOL,MODULAR,0,0.42,1,2836.09,Formal Employment
ALS_05513,16,MALE,JUNIOR_HIGH_SCHOOL,MODULAR,0,,0,11469.32,Self-Employed / Business Owner
ALS_01091,22,MALE,JUNIOR_HIGH_SCHOOL,FACE_TO_FACE,0,,0,8832.56,Formal Employment
ALS_01988,35,MALE,JUNIOR_HIGH_SCHOOL,FACE_TO_FACE,1,,1,10450.97,Informal / Contractual Worker
ALS_03949,19,MALE,ELEMENTARY,FACE_TO_FACE,0,,1,4652.87,Self-Employed / Business Owner
ALS_03535,21,MALE,JUNIOR_HIGH_SCHOOL,MODULAR,1,,1,4849.87,Informal / Contractual Worker
ALS_03978,49,FEMALE,BLP,FACE_TO_FACE,0,,1,11540.13,Informal / Contractual Worker
ALS_04176,39,FEMALE,BLP,FACE_TO_FACE,0,,1,17431.32,Formal Employment
ALS_06502,41,FEMALE,JUNIOR_HIGH_SCHOOL,MODULAR,0,,1,5014.52,Retired / Pensioner
ALS_05534,36,FEMALE,JUNIOR_HIGH_SCHOOL,MODULAR,0,,1,14467.29,Self-Employed / Business Owner
ALS_05151,30,FEMALE,JUNIOR_HIGH_SCHOOL,FACE_TO_FACE,0,,1,9575.91,Other
ALS_05826,35,FEMALE,JUNIOR_HIGH_SCHOOL,MODULAR,0,0,1,7256.15,Self-Employed / Business Owner
ALS_05425,15,MALE,JUNIOR_HIGH_SCHOOL,FACE_TO_FACE,0,,1,4012.04,Formal Employment
ALS_02021,18,MALE,JUNIOR_HIGH_SCHOOL,FACE_TO_FACE,0,,1,3603.75,Informal / Contractual Worker
ALS_02794,19,MALE,JUNIOR_HIGH_SCHOOL,FACE_TO_FACE,0,,1,7530.6,Informal / Contractual Worker
ALS_01725,28,FEMALE,JUNIOR_HIGH_SCHOOL,BLENDED,0,,0,12914.59,Formal Employment
ALS_05460,35,FEMALE,JUNIOR_HIGH_SCHOOL,FACE_TO_FACE,0,,0,16135.67,Retired / Pensioner
ALS_03186,19,MALE,JUNIOR_HIGH_SCHOOL,MODULAR,0,,0,6743,Informal / Contractual Worker
ALS_00654,17,FEMALE,JUNIOR_HIGH_SCHOOL,FACE_TO_FACE,0,3.59,0,11248.22,Self-Employed / Business Owner
ALS_06639,15,MALE,ELEMENTARY,BLENDED,0,,1,7797.71,Informal / Contractual Worker
ALS_04601,17,MALE,JUNIOR_HIGH_SCHOOL,FACE_TO_FACE,0,,0,11261.38,Self-Employed / Business Owner
ALS_04870,27,MALE,JUNIOR_HIGH_SCHOOL,FACE_TO_FACE,0,,1,5160.8,Unemployed / No Income
ALS_06183,16,MALE,JUNIOR_HIGH_SCHOOL,FACE_TO_FACE,0,0.42,0,8123.04,Self-Employed / Business Owner
ALS_02836,27,FEMALE,JUNIOR_HIGH_SCHOOL,FACE_TO_FACE,0,,1,4440.67,Formal Employment
ALS_01321,19,FEMALE,JUNIOR_HIGH_SCHOOL,FACE_TO_FACE,0,,1,3773.21,Unemployed / No Income
ALS_00377,24,MALE,JUNIOR_HIGH_SCHOOL,FACE_TO_FACE,0,2.92,0,8277.7,Informal / Contractual Worker
ALS_03851,46,MALE,JUNIOR_HIGH_SCHOOL,MODULAR,1,,1,8711.79,Informal / Contractual Worker
ALS_03876,15,FEMALE,JUNIOR_HIGH_SCHOOL,BLENDED,0,,1,10224.12,Unemployed / No Income
ALS_03235,28,FEMALE,JUNIOR_HIGH_SCHOOL,FACE_TO_FACE,0,,0,5442.45,Informal / Contractual Worker
ALS_03267,37,FEMALE,JUNIOR_HIGH_SCHOOL,MODULAR,0,,1,10455.9,Unemployed / No Income
ALS_03339,19,MALE,JUNIOR_HIGH_SCHOOL,MODULAR,1,,1,9917.91,Unemployed / No Income
ALS_03840,23,MALE,ELEMENTARY,MODULAR,0,,1,5556.96,OFW (Overseas Filipino Worker)
ALS_00794,18,FEMALE,JUNIOR_HIGH_SCHOOL,BLENDED,0,2.66,0,6658.12,Formal Employment
ALS_03721,15,FEMALE,BLP,FACE_TO_FACE,1,,1,16243.64,Unemployed / No Income
ALS_02984,18,MALE,JUNIOR_HIGH_SCHOOL,FACE_TO_FACE,0,,1,4404.49,OFW (Overseas Filipino Worker)
ALS_04768,18,MALE,JUNIOR_HIGH_SCHOOL,FACE_TO_FACE,0,,1,9699.27,Retired / Pensioner
ALS_03004,19,MALE,JUNIOR_HIGH_SCHOOL,FACE_TO_FACE,0,,1,5965.93,Informal / Contractual Worker
ALS_05630,33,FEMALE,JUNIOR_HIGH_SCHOOL,MODULAR,0,,1,4171.26,Informal / Contractual Worker
ALS_06653,19,FEMALE,JUNIOR_HIGH_SCHOOL,BLENDED,0,,1,5277.75,Formal Employment
ALS_00661,44,MALE,JUNIOR_HIGH_SCHOOL,BLENDED,0,1.64,0,5476.03,Retired / Pensioner
ALS_02376,20,MALE,JUNIOR_HIGH_SCHOOL,MODULAR,0,,1,9586.78,Informal / Contractual Worker
ALS_04031,16,MALE,JUNIOR_HIGH_SCHOOL,FACE_TO_FACE,0,,1,12573.89,Formal Employment
ALS_05668,15,FEMALE,JUNIOR_HIGH_SCHOOL,FACE_TO_FACE,0,,1,8578.25,Retired / Pensioner
ALS_03401,17,MALE,JUNIOR_HIGH_SCHOOL,MODULAR,1,,1,2000,Informal / Contractual Worker
ALS_04412,17,MALE,JUNIOR_HIGH_SCHOOL,FACE_TO_FACE,0,,1,10543.76,Retired / Pensioner
ALS_00050,16,FEMALE,JUNIOR_HIGH_SCHOOL,FACE_TO_FACE,0,0.995,0,8287.82,Unemployed / No Income
ALS_01926,27,MALE,BLP,MODULAR,0,,1,2520.34,Informal / Contractual Worker
ALS_05953,18,MALE,JUNIOR_HIGH_SCHOOL,FACE_TO_FACE,0,,1,19147.01,Other
ALS_02239,30,FEMALE,JUNIOR_HIGH_SCHOOL,MODULAR,0,,1,8138.55,Self-Employed / Business Owner
ALS_03717,20,MALE,ELEMENTARY,MODULAR,1,1.41,1,7859.88,Retired / Pensioner
ALS_03085,18,MALE,JUNIOR_HIGH_SCHOOL,FACE_TO_FACE,0,,1,12071.21,Unemployed / No Income
ALS_02111,30,MALE,JUNIOR_HIGH_SCHOOL,MODULAR,1,,1,6338.73,Informal / Contractual Worker
ALS_04798,33,MALE,JUNIOR_HIGH_SCHOOL,FACE_TO_FACE,0,0.42,1,6420.8,Formal Employment
ALS_04442,19,FEMALE,JUNIOR_HIGH_SCHOOL,MODULAR,0,,0,8501.57,Informal / Contractual Worker
ALS_01307,16,MALE,JUNIOR_HIGH_SCHOOL,FACE_TO_FACE,0,,0,8573.42,Unemployed / No Income
ALS_02189,21,MALE,JUNIOR_HIGH_SCHOOL,FACE_TO_FACE,1,,1,6033.94,Retired / Pensioner
ALS_03012,18,FEMALE,ELEMENTARY,FACE_TO_FACE,0,,1,7790.35,Self-Employed / Business Owner
ALS_03929,17,MALE,ELEMENTARY,MODULAR,1,,0,12930.31,Informal / Contractual Worker
ALS_05744,27,FEMALE,JUNIOR_HIGH_SCHOOL,FACE_TO_FACE,0,,0,10052.68,Informal / Contractual Worker
ALS_03238,17,MALE,JUNIOR_HIGH_SCHOOL,FACE_TO_FACE,1,,1,7615.01,Formal Employment
ALS_04608,31,FEMALE,JUNIOR_HIGH_SCHOOL,FACE_TO_FACE,0,,1,8188.54,Retired / Pensioner
ALS_00813,22,FEMALE,JUNIOR_HIGH_SCHOOL,BLENDED,0,0,0,7879.26,Self-Employed / Business Owner
ALS_05200,26,MALE,JUNIOR_HIGH_SCHOOL,FACE_TO_FACE,0,,0,7904.22,Formal Employment
ALS_05977,16,MALE,JUNIOR_HIGH_SCHOOL,BLENDED,0,,1,2000,Self-Employed / Business Owner
ALS_06686,35,MALE,JUNIOR_HIGH_SCHOOL,MODULAR,0,,0,6573.62,Formal Employment
ALS_02988,19,MALE,JUNIOR_HIGH_SCHOOL,MODULAR,0,,1,6966.65,Unemployed / No Income
ALS_05260,17,MALE,BLP,FACE_TO_FACE,0,,1,3285.08,Self-Employed / Business Owner
ALS_03966,23,MALE,JUNIOR_HIGH_SCHOOL,FACE_TO_FACE,0,,1,28607.68,Unemployed / No Income
ALS_03603,15,MALE,BLP,FACE_TO_FACE,1,,1,10881.97,Informal / Contractual Worker
ALS_05996,16,MALE,JUNIOR_HIGH_SCHOOL,FACE_TO_FACE,0,,1,11646.81,Self-Employed / Business Owner
ALS_03399,17,MALE,JUNIOR_HIGH_SCHOOL,BLENDED,1,,1,9263.97,Self-Employed / Business Owner
ALS_03676,72,FEMALE,JUNIOR_HIGH_SCHOOL,FACE_TO_FACE,0,0,0,10013.85,Informal / Contractual Worker
ALS_04125,28,MALE,JUNIOR_HIGH_SCHOOL,BLENDED,0,,1,10221.52,Self-Employed / Business Owner
ALS_02306,46,FEMALE,JUNIOR_HIGH_SCHOOL,MODULAR,0,,1,4659.19,Self-Employed / Business Owner
ALS_04604,25,MALE,JUNIOR_HIGH_SCHOOL,FACE_TO_FACE,1,,1,10840.1,Retired / Pensioner
ALS_02698,11,FEMALE,ELEMENTARY,MODULAR,0,,0,9933.57,Informal / Contractual Worker
ALS_05788,38,MALE,JUNIOR_HIGH_SCHOOL,FACE_TO_FACE,0,0.05,0,22704.79,Formal Employment
ALS_02957,15,FEMALE,JUNIOR_HIGH_SCHOOL,FACE_TO_FACE,0,1.28,0,21815.33,Informal / Contractual Worker
ALS_03519,29,MALE,JUNIOR_HIGH_SCHOOL,MODULAR,0,0.42,0,21270.06,Informal / Contractual Worker
ALS_06306,27,FEMALE,ELEMENTARY,BLENDED,0,0.42,1,11224.39,Informal / Contractual Worker
ALS_00728,20,FEMALE,JUNIOR_HIGH_SCHOOL,MODULAR,0,0,0,27879.84,Formal Employment
ALS_01743,32,MALE,JUNIOR_HIGH_SCHOOL,BLENDED,1,,1,7998.8,Self-Employed / Business Owner
ALS_06311,12,MALE,ELEMENTARY,FACE_TO_FACE,0,,1,10769.16,Other
ALS_04463,44,FEMALE,JUNIOR_HIGH_SCHOOL,FACE_TO_FACE,0,,1,12448.62,Informal / Contractual Worker
ALS_05997,17,MALE,JUNIOR_HIGH_SCHOOL,FACE_TO_FACE,0,,0,6325.34,Formal Employment
ALS_03277,24,MALE,JUNIOR_HIGH_SCHOOL,MODULAR,0,1.28,0,14806.82,Self-Employed / Business Owner
ALS_04350,48,MALE,JUNIOR_HIGH_SCHOOL,FACE_TO_FACE,1,,1,7369.22,Informal / Contractual Worker
ALS_01195,47,FEMALE,JUNIOR_HIGH_SCHOOL,FACE_TO_FACE,1,,0,15405.41,Formal Employment
ALS_03217,28,FEMALE,ELEMENTARY,FACE_TO_FACE,0,,1,4178.26,Informal / Contractual Worker
ALS_04610,17,FEMALE,JUNIOR_HIGH_SCHOOL,FACE_TO_FACE,0,,1,11045.91,Self-Employed / Business Owner
ALS_06042,15,MALE,JUNIOR_HIGH_SCHOOL,MODULAR,0,,1,15740.38,Unemployed / No Income
ALS_05152,32,FEMALE,JUNIOR_HIGH_SCHOOL,FACE_TO_FACE,0,,0,13552.1,Self-Employed / Business Owner
ALS_02909,21,MALE,JUNIOR_HIGH_SCHOOL,BLENDED,0,,0,28481.27,Self-Employed / Business Owner
ALS_03870,18,MALE,JUNIOR_HIGH_SCHOOL,MODULAR,0,,1,4027.77,Self-Employed / Business Owner
ALS_00314,16,MALE,JUNIOR_HIGH_SCHOOL,BLENDED,0,0,1,13136.76,Informal / Contractual Worker
ALS_05441,14,FEMALE,JUNIOR_HIGH_SCHOOL,FACE_TO_FACE,1,,1,8351.83,Other
ALS_00458,29,FEMALE,JUNIOR_HIGH_SCHOOL,FACE_TO_FACE,0,0,0,34270.63,Informal / Contractual Worker
ALS_06063,16,FEMALE,JUNIOR_HIGH_SCHOOL,FACE_TO_FACE,0,,1,9981.21,Informal / Contractual Worker
ALS_05590,22,MALE,JUNIOR_HIGH_SCHOOL,FACE_TO_FACE,0,,0,16995.69,Unemployed / No Income
ALS_05275,34,FEMALE,JUNIOR_HIGH_SCHOOL,FACE_TO_FACE,1,,0,14675.22,Formal Employment
ALS_00542,19,FEMALE,JUNIOR_HIGH_SCHOOL,FACE_TO_FACE,0,1.5,0,6600.63,Unemployed / No Income
ALS_03831,28,MALE,JUNIOR_HIGH_SCHOOL,BLENDED,0,,0,6606.69,Unemployed / No Income
ALS_04769,17,MALE,JUNIOR_HIGH_SCHOOL,FACE_TO_FACE,0,,1,11204.47,Unemployed / No Income
ALS_02473,12,MALE,ELEMENTARY,MODULAR,0,,1,4310.31,Informal / Contractual Worker
ALS_00968,25,FEMALE,JUNIOR_HIGH_SCHOOL,FACE_TO_FACE,0,0,0,14989.43,Informal / Contractual Worker
ALS_05623,44,MALE,JUNIOR_HIGH_SCHOOL,MODULAR,0,,1,8491.15,Self-Employed / Business Owner
ALS_00867,20,MALE,JUNIOR_HIGH_SCHOOL,FACE_TO_FACE,0,0,0,10572.01,Self-Employed / Business Owner
ALS_05158,25,FEMALE,JUNIOR_HIGH_SCHOOL,FACE_TO_FACE,0,,0,6010.41,Informal / Contractual Worker
ALS_05107,15,FEMALE,JUNIOR_HIGH_SCHOOL,MODULAR,0,,1,12237.58,Informal / Contractual Worker
ALS_02561,43,FEMALE,JUNIOR_HIGH_SCHOOL,FACE_TO_FACE,0,,1,14976.41,Informal / Contractual Worker
ALS_06144,16,MALE,ELEMENTARY,FACE_TO_FACE,0,,1,11362.85,Unemployed / No Income
ALS_04187,40,MALE,JUNIOR_HIGH_SCHOOL,MODULAR,0,,1,4600.03,OFW (Overseas Filipino Worker)
ALS_02667,32,FEMALE,JUNIOR_HIGH_SCHOOL,BLENDED,0,,0,10344.28,Unemployed / No Income
ALS_05708,18,MALE,JUNIOR_HIGH_SCHOOL,BLENDED,0,,1,8130.82,Formal Employment
ALS_05332,24,MALE,JUNIOR_HIGH_SCHOOL,MODULAR,1,,1,6482.38,Self-Employed / Business Owner
ALS_00494,38,MALE,JUNIOR_HIGH_SCHOOL,FACE_TO_FACE,0,0,0,12861.63,Formal Employment
ALS_04128,24,MALE,JUNIOR_HIGH_SCHOOL,MODULAR,0,,1,7577.68,Other
ALS_00151,21,MALE,JUNIOR_HIGH_SCHOOL,FACE_TO_FACE,0,0,0,16666.69,Informal / Contractual Worker
ALS_05081,15,MALE,JUNIOR_HIGH_SCHOOL,FACE_TO_FACE,0,,0,10420.65,Informal / Contractual Worker
ALS_00367,16,MALE,JUNIOR_HIGH_SCHOOL,FACE_TO_FACE,0,0.06,0,9690.02,Self-Employed / Business Owner
ALS_02393,22,FEMALE,JUNIOR_HIGH_SCHOOL,MODULAR,0,,1,12812.79,Self-Employed / Business Owner
ALS_04762,16,FEMALE,JUNIOR_HIGH_SCHOOL,MODULAR,0,,0,10968.62,Formal Employment
ALS_05276,17,FEMALE,JUNIOR_HIGH_SCHOOL,FACE_TO_FACE,0,,0,11823.48,Unemployed / No Income
ALS_05112,16,MALE,JUNIOR_HIGH_SCHOOL,BLENDED,0,,0,6480.74,Formal Employment
ALS_00415,17,MALE,JUNIOR_HIGH_SCHOOL,BLENDED,0,,0,15914.55,Formal Employment
ALS_05966,32,FEMALE,JUNIOR_HIGH_SCHOOL,FACE_TO_FACE,0,,1,3649.65,OFW (Overseas Filipino Worker)
ALS_03151,42,MALE,JUNIOR_HIGH_SCHOOL,MODULAR,0,,0,29308.91,Self-Employed / Business Owner
ALS_05420,39,MALE,JUNIOR_HIGH_SCHOOL,MODULAR,0,,1,9538.26,Unemployed / No Income
ALS_04361,44,FEMALE,JUNIOR_HIGH_SCHOOL,MODULAR,0,,1,9181.69,Formal Employment
ALS_02904,30,MALE,JUNIOR_HIGH_SCHOOL,MODULAR,0,,1,4512.2,Other
ALS_06614,17,MALE,JUNIOR_HIGH_SCHOOL,FACE_TO_FACE,0,,0,15778.29,Informal / Contractual Worker
ALS_04677,15,MALE,JUNIOR_HIGH_SCHOOL,FACE_TO_FACE,0,,0,5700.51,Formal Employment
ALS_00359,21,MALE,JUNIOR_HIGH_SCHOOL,MODULAR,0,1.96,0,11413.23,Unemployed / No Income
ALS_02266,33,MALE,JUNIOR_HIGH_SCHOOL,MODULAR,0,,1,12915.79,Informal / Contractual Worker
ALS_02261,14,FEMALE,JUNIOR_HIGH_SCHOOL,MODULAR,0,,1,5472.5,Unemployed / No Income
ALS_03528,21,MALE,JUNIOR_HIGH_SCHOOL,MODULAR,0,,1,7507.38,Formal Employment
ALS_05011,17,MALE,JUNIOR_HIGH_SCHOOL,MODULAR,0,,1,2000.58,Retired / Pensioner
ALS_03798,28,MALE,JUNIOR_HIGH_SCHOOL,FACE_TO_FACE,0,,0,4941.71,OFW (Overseas Filipino Worker)
ALS_02045,55,FEMALE,BLP,FACE_TO_FACE,0,,1,12872.98,Unemployed / No Income
ALS_06381,27,FEMALE,JUNIOR_HIGH_SCHOOL,MODULAR,0,,1,6371.84,Self-Employed / Business Owner
ALS_02231,23,MALE,JUNIOR_HIGH_SCHOOL,MODULAR,0,,0,4802.32,Informal / Contractual Worker
ALS_05752,16,FEMALE,JUNIOR_HIGH_SCHOOL,FACE_TO_FACE,0,,1,6265.84,OFW (Overseas Filipino Worker)
ALS_01771,22,MALE,JUNIOR_HIGH_SCHOOL,BLENDED,0,,1,15279.52,OFW (Overseas Filipino Worker)
ALS_04981,25,MALE,JUNIOR_HIGH_SCHOOL,FACE_TO_FACE,0,,0,14715.59,Self-Employed / Business Owner
ALS_02772,36,MALE,JUNIOR_HIGH_SCHOOL,FACE_TO_FACE,0,,1,2780.5,Informal / Contractual Worker
ALS_00734,27,FEMALE,JUNIOR_HIGH_SCHOOL,FACE_TO_FACE,0,0,0,11326.97,Self-Employed / Business Owner
ALS_03471,18,MALE,JUNIOR_HIGH_SCHOOL,MODULAR,1,,1,11357.54,Other
ALS_04107,36,MALE,JUNIOR_HIGH_SCHOOL,FACE_TO_FACE,0,,0,8028.88,OFW (Overseas Filipino Worker)
ALS_02371,20,MALE,ELEMENTARY,MODULAR,0,,1,12473.47,Retired / Pensioner
ALS_05002,23,FEMALE,JUNIOR_HIGH_SCHOOL,FACE_TO_FACE,0,,1,2698.17,Unemployed / No Income
ALS_00285,16,MALE,JUNIOR_HIGH_SCHOOL,FACE_TO_FACE,0,0,1,8378.14,Formal Employment
ALS_00858,24,MALE,JUNIOR_HIGH_SCHOOL,MODULAR,0,3.24,0,4275.47,Formal Employment
ALS_00067,19,FEMALE,JUNIOR_HIGH_SCHOOL,MODULAR,0,0.05,0,6179.43,Formal Employment
ALS_04347,16,MALE,JUNIOR_HIGH_SCHOOL,FACE_TO_FACE,1,,0,11766.22,OFW (Overseas Filipino Worker)
ALS_06562,20,MALE,JUNIOR_HIGH_SCHOOL,FACE_TO_FACE,0,,0,11096.14,Formal Employment
ALS_02353,38,FEMALE,JUNIOR_HIGH_SCHOOL,MODULAR,0,,1,6058.56,Informal / Contractual Worker
ALS_03975,39,FEMALE,JUNIOR_HIGH_SCHOOL,FACE_TO_FACE,1,,0,14918.62,Informal / Contractual Worker
ALS_05529,20,MALE,JUNIOR_HIGH_SCHOOL,MODULAR,0,,0,21709.99,Self-Employed / Business Owner
ALS_06711,35,MALE,JUNIOR_HIGH_SCHOOL,MODULAR,0,,1,4325.9,Informal / Contractual Worker
ALS_05213,14,MALE,ELEMENTARY,FACE_TO_FACE,0,,0,9389.38,Informal / Contractual Worker
ALS_06419,32,FEMALE,JUNIOR_HIGH_SCHOOL,FACE_TO_FACE,0,,0,13507.97,Formal Employment
ALS_04910,19,MALE,JUNIOR_HIGH_SCHOOL,FACE_TO_FACE,0,,1,3833.44,Informal / Contractual Worker
ALS_04391,23,MALE,JUNIOR_HIGH_SCHOOL,MODULAR,0,,1,10566.55,Informal / Contractual Worker
ALS_06056,15,MALE,JUNIOR_HIGH_SCHOOL,FACE_TO_FACE,0,,1,13227.8,Self-Employed / Business Owner
ALS_05118,15,FEMALE,JUNIOR_HIGH_SCHOOL,BLENDED,0,,0,10280.36,Formal Employment
ALS_03728,23,FEMALE,JUNIOR_HIGH_SCHOOL,MODULAR,1,,1,4171.75,Informal / Contractual Worker
ALS_01933,20,MALE,JUNIOR_HIGH_SCHOOL,FACE_TO_FACE,0,,1,4557.25,Informal / Contractual Worker
ALS_00132,23,FEMALE,JUNIOR_HIGH_SCHOOL,FACE_TO_FACE,0,0,0,8747.8,Formal Employment
ALS_01235,27,FEMALE,JUNIOR_HIGH_SCHOOL,MODULAR,0,0.42,0,9797.12,Self-Employed / Business Owner
ALS_04531,20,MALE,JUNIOR_HIGH_SCHOOL,FACE_TO_FACE,0,,1,11113.08,Self-Employed / Business Owner
ALS_00836,47,FEMALE,JUNIOR_HIGH_SCHOOL,BLENDED,0,0,0,16853.93,Retired / Pensioner
ALS_06299,32,MALE,JUNIOR_HIGH_SCHOOL,BLENDED,0,0.42,1,24868.88,Informal / Contractual Worker
ALS_04872,24,FEMALE,JUNIOR_HIGH_SCHOOL,FACE_TO_FACE,1,,0,6885.76,OFW (Overseas Filipino Worker)
ALS_02766,36,MALE,JUNIOR_HIGH_SCHOOL,FACE_TO_FACE,0,,1,3349.52,Unemployed / No Income
ALS_06067,15,MALE,BLP,MODULAR,0,,1,3513.35,Self-Employed / Business Owner
ALS_05182,42,FEMALE,JUNIOR_HIGH_SCHOOL,FACE_TO_FACE,0,,1,4234.51,Informal / Contractual Worker
ALS_03498,18,MALE,JUNIOR_HIGH_SCHOOL,MODULAR,0,,0,18278.25,Formal Employment
ALS_04321,25,FEMALE,JUNIOR_HIGH_SCHOOL,BLENDED,0,,1,4267.7,Unemployed / No Income
ALS_00640,28,FEMALE,JUNIOR_HIGH_SCHOOL,FACE_TO_FACE,0,0,0,21264.18,Self-Employed / Business Owner
ALS_04398,39,FEMALE,ELEMENTARY,MODULAR,0,,1,13243.6,Informal / Contractual Worker
ALS_02476,22,MALE,ELEMENTARY,MODULAR,0,,1,4361.47,Informal / Contractual Worker
ALS_03550,25,MALE,JUNIOR_HIGH_SCHOOL,MODULAR,0,,1,22927.14,Self-Employed / Business Owner
ALS_05969,25,FEMALE,ELEMENTARY,FACE_TO_FACE,0,,1,9304.41,Unemployed / No Income
ALS_01844,34,FEMALE,JUNIOR_HIGH_SCHOOL,MODULAR,0,,1,12370.28,Informal / Contractual Worker
ALS_04090,18,FEMALE,JUNIOR_HIGH_SCHOOL,FACE_TO_FACE,0,,1,10137.92,OFW (Overseas Filipino Worker)
ALS_03472,15,FEMALE,JUNIOR_HIGH_SCHOOL,BLENDED,1,,1,4335.37,Self-Employed / Business Owner
ALS_04124,18,MALE,JUNIOR_HIGH_SCHOOL,MODULAR,0,,1,3600.45,Informal / Contractual Worker
ALS_05888,18,FEMALE,ELEMENTARY,FACE_TO_FACE,0,,1,11937.9,Retired / Pensioner
ALS_04117,22,FEMALE,JUNIOR_HIGH_SCHOOL,FACE_TO_FACE,0,,0,11115.32,Informal / Contractual Worker
ALS_04907,33,MALE,JUNIOR_HIGH_SCHOOL,FACE_TO_FACE,0,,1,13745.54,Self-Employed / Business Owner
ALS_06245,16,FEMALE,JUNIOR_HIGH_SCHOOL,FACE_TO_FACE,0,,1,9190.97,Unemployed / No Income
ALS_03181,43,FEMALE,JUNIOR_HIGH_SCHOOL,MODULAR,0,,1,7386.48,Retired / Pensioner
ALS_01867,19,MALE,JUNIOR_HIGH_SCHOOL,FACE_TO_FACE,0,,1,7764.77,Retired / Pensioner
ALS_05602,17,MALE,JUNIOR_HIGH_SCHOOL,FACE_TO_FACE,0,,1,8273.53,Self-Employed / Business Owner
ALS_03540,19,MALE,JUNIOR_HIGH_SCHOOL,MODULAR,0,0.42,0,12267.55,Formal Employment
ALS_06120,17,MALE,JUNIOR_HIGH_SCHOOL,FACE_TO_FACE,0,,1,3684.92,Self-Employed / Business Owner
ALS_04448,21,MALE,ELEMENTARY,MODULAR,0,,1,7619.16,Unemployed / No Income
ALS_01066,34,FEMALE,JUNIOR_HIGH_SCHOOL,MODULAR,0,0,0,5794.65,Informal / Contractual Worker
ALS_05446,15,FEMALE,JUNIOR_HIGH_SCHOOL,FACE_TO_FACE,1,,0,31642,Retired / Pensioner
ALS_05717,37,MALE,ELEMENTARY,FACE_TO_FACE,0,,1,7392.7,Informal / Contractual Worker
ALS_02341,25,MALE,JUNIOR_HIGH_SCHOOL,FACE_TO_FACE,1,,1,2957.85,Unemployed / No Income
ALS_03402,17,MALE,JUNIOR_HIGH_SCHOOL,BLENDED,1,,1,2000,Informal / Contractual Worker
ALS_01939,31,FEMALE,JUNIOR_HIGH_SCHOOL,FACE_TO_FACE,0,,1,6462.2,Formal Employment
ALS_03419,19,MALE,JUNIOR_HIGH_SCHOOL,BLENDED,0,,1,2572.79,Self-Employed / Business Owner
ALS_00656,15,FEMALE,JUNIOR_HIGH_SCHOOL,BLENDED,0,3.32,0,16992.01,Informal / Contractual Worker
ALS_00171,25,FEMALE,JUNIOR_HIGH_SCHOOL,FACE_TO_FACE,0,0,0,11819.71,Formal Employment
ALS_05748,34,FEMALE,JUNIOR_HIGH_SCHOOL,BLENDED,0,,1,2197.74,Informal / Contractual Worker
ALS_03763,13,FEMALE,JUNIOR_HIGH_SCHOOL,FACE_TO_FACE,1,,0,11224.42,OFW (Overseas Filipino Worker)
ALS_05654,20,FEMALE,JUNIOR_HIGH_SCHOOL,FACE_TO_FACE,0,,1,3018.4,Unemployed / No Income
ALS_05315,22,MALE,JUNIOR_HIGH_SCHOOL,FACE_TO_FACE,0,,0,13399.03,Formal Employment
ALS_05378,13,MALE,ELEMENTARY,FACE_TO_FACE,0,,0,8159.55,Self-Employed / Business Owner
ALS_01998,15,MALE,JUNIOR_HIGH_SCHOOL,FACE_TO_FACE,0,,1,8118.14,Other
ALS_00127,51,FEMALE,JUNIOR_HIGH_SCHOOL,MODULAR,0,0.05,0,12425.02,OFW (Overseas Filipino Worker)
ALS_01858,25,MALE,JUNIOR_HIGH_SCHOOL,BLENDED,1,,1,7181.46,Unemployed / No Income
ALS_02792,30,MALE,JUNIOR_HIGH_SCHOOL,FACE_TO_FACE,0,,1,7653.65,Unemployed / No Income
ALS_03529,18,MALE,JUNIOR_HIGH_SCHOOL,MODULAR,1,,1,17631.64,Unemployed / No Income
ALS_03815,19,MALE,JUNIOR_HIGH_SCHOOL,FACE_TO_FACE,0,,0,7218.41,Unemployed / No Income
ALS_03333,21,MALE,JUNIOR_HIGH_SCHOOL,MODULAR,1,,1,9617.83,Unemployed / No Income
ALS_04457,29,MALE,JUNIOR_HIGH_SCHOOL,BLENDED,0,,1,16300.85,Formal Employment
ALS_02925,19,FEMALE,JUNIOR_HIGH_SCHOOL,MODULAR,0,,0,13681.42,Formal Employment
ALS_02179,27,FEMALE,JUNIOR_HIGH_SCHOOL,FACE_TO_FACE,0,,0,8061.09,Retired / Pensioner
ALS_00313,15,MALE,JUNIOR_HIGH_SCHOOL,FACE_TO_FACE,0,0,1,8109.66,OFW (Overseas Filipino Worker)
ALS_05710,19,MALE,JUNIOR_HIGH_SCHOOL,FACE_TO_FACE,0,,0,16366.36,Unemployed / No Income
ALS_06212,16,MALE,JUNIOR_HIGH_SCHOOL,FACE_TO_FACE,0,,0,10361.31,Formal Employment
ALS_03155,24,FEMALE,JUNIOR_HIGH_SCHOOL,FACE_TO_FACE,0,,1,12762.37,Formal Employment
ALS_03675,16,FEMALE,ELEMENTARY,FACE_TO_FACE,0,,1,16526.22,OFW (Overseas Filipino Worker)
ALS_00913,21,MALE,JUNIOR_HIGH_SCHOOL,FACE_TO_FACE,0,1.21,0,12344.13,Informal / Contractual Worker
ALS_01803,12,MALE,BLP,FACE_TO_FACE,0,,1,20515.58,Formal Employment
ALS_01112,18,FEMALE,ELEMENTARY,FACE_TO_FACE,1,,1,6562.01,Unemployed / No Income
ALS_01839,31,MALE,JUNIOR_HIGH_SCHOOL,FACE_TO_FACE,0,,1,3944.98,Informal / Contractual Worker
ALS_03136,16,FEMALE,JUNIOR_HIGH_SCHOOL,MODULAR,1,,1,7567.21,Other
ALS_05398,23,MALE,ELEMENTARY,FACE_TO_FACE,0,,1,14804.35,Informal / Contractual Worker
ALS_05875,17,MALE,JUNIOR_HIGH_SCHOOL,BLENDED,0,,1,16604.18,Unemployed / No Income
ALS_05520,33,MALE,JUNIOR_HIGH_SCHOOL,MODULAR,0,,1,7842.82,Unemployed / No Income
ALS_03344,19,MALE,JUNIOR_HIGH_SCHOOL,FACE_TO_FACE,1,,1,8902.27,Formal Employment
ALS_02319,20,MALE,JUNIOR_HIGH_SCHOOL,FACE_TO_FACE,1,,0,41456.49,Formal Employment
ALS_00768,36,FEMALE,ELEMENTARY,FACE_TO_FACE,0,0,0,15707.68,Formal Employment
ALS_00114,17,MALE,JUNIOR_HIGH_SCHOOL,BLENDED,0,0,0,12338.88,Informal / Contractual Worker
ALS_00565,28,FEMALE,JUNIOR_HIGH_SCHOOL,MODULAR,0,0.73,0,11158.7,Informal / Contractual Worker
ALS_01175,16,MALE,JUNIOR_HIGH_SCHOOL,FACE_TO_FACE,0,,1,16731.27,OFW (Overseas Filipino Worker)
ALS_00015,36,FEMALE,JUNIOR_HIGH_SCHOOL,MODULAR,0,3.31,0,6852.56,Formal Employment
ALS_03141,23,FEMALE,JUNIOR_HIGH_SCHOOL,FACE_TO_FACE,0,,1,8041.49,Self-Employed / Business Owner
ALS_00184,17,MALE,JUNIOR_HIGH_SCHOOL,FACE_TO_FACE,0,0,0,17816.84,Informal / Contractual Worker
ALS_05691,17,MALE,JUNIOR_HIGH_SCHOOL,BLENDED,0,,1,10409.28,Retired / Pensioner
ALS_03422,38,MALE,JUNIOR_HIGH_SCHOOL,BLENDED,0,,1,11859.86,Informal / Contractual Worker
ALS_01889,13,FEMALE,JUNIOR_HIGH_SCHOOL,FACE_TO_FACE,1,,1,6542.14,Unemployed / No Income
ALS_00821,28,FEMALE,JUNIOR_HIGH_SCHOOL,BLENDED,0,0,0,22495.1,Informal / Contractual Worker
ALS_03563,25,FEMALE,JUNIOR_HIGH_SCHOOL,MODULAR,0,0.42,0,11259.41,Informal / Contractual Worker
ALS_06412,17,MALE,JUNIOR_HIGH_SCHOOL,FACE_TO_FACE,0,,0,23261.11,Informal / Contractual Worker
ALS_04688,26,MALE,JUNIOR_HIGH_SCHOOL,BLENDED,0,,1,4720.75,Informal / Contractual Worker
ALS_00047,13,MALE,ELEMENTARY,FACE_TO_FACE,0,0.995,0,10399.1,Self-Employed / Business Owner
ALS_01811,17,MALE,JUNIOR_HIGH_SCHOOL,BLENDED,1,,1,26359.39,Formal Employment
ALS_00393,16,FEMALE,JUNIOR_HIGH_SCHOOL,FACE_TO_FACE,0,1.39,0,4925.23,Retired / Pensioner
ALS_06626,34,MALE,JUNIOR_HIGH_SCHOOL,FACE_TO_FACE,0,,0,8152.2,Self-Employed / Business Owner
ALS_04059,16,FEMALE,JUNIOR_HIGH_SCHOOL,FACE_TO_FACE,0,,1,5419.65,Informal / Contractual Worker
ALS_06575,22,FEMALE,JUNIOR_HIGH_SCHOOL,FACE_TO_FACE,0,,0,6797.79,OFW (Overseas Filipino Worker)
ALS_04596,15,FEMALE,JUNIOR_HIGH_SCHOOL,MODULAR,1,,1,4225.63,Other
ALS_04994,33,FEMALE,JUNIOR_HIGH_SCHOOL,FACE_TO_FACE,0,,0,9666.84,Informal / Contractual Worker
ALS_00652,16,MALE,JUNIOR_HIGH_SCHOOL,MODULAR,0,8.04,0,14503.44,Self-Employed / Business Owner
ALS_04151,15,MALE,JUNIOR_HIGH_SCHOOL,FACE_TO_FACE,0,,1,6419.01,Informal / Contractual Worker
ALS_00952,17,MALE,JUNIOR_HIGH_SCHOOL,FACE_TO_FACE,1,0,0,7200.9,Other
ALS_00022,16,MALE,JUNIOR_HIGH_SCHOOL,FACE_TO_FACE,0,0,0,10550.09,Other
ALS_06197,20,FEMALE,JUNIOR_HIGH_SCHOOL,FACE_TO_FACE,0,0.42,0,11964.61,Unemployed / No Income
ALS_04793,17,MALE,JUNIOR_HIGH_SCHOOL,FACE_TO_FACE,0,0.42,1,7961.08,Informal / Contractual Worker
ALS_04889,23,MALE,JUNIOR_HIGH_SCHOOL,MODULAR,0,,1,8535.79,Unemployed / No Income
ALS_04594,21,MALE,JUNIOR_HIGH_SCHOOL,FACE_TO_FACE,0,,1,6195.14,OFW (Overseas Filipino Worker)
ALS_02547,17,MALE,JUNIOR_HIGH_SCHOOL,BLENDED,0,,1,9505.8,Formal Employment
ALS_02065,15,MALE,JUNIOR_HIGH_SCHOOL,BLENDED,1,,1,17847.16,Formal Employment
ALS_01523,16,MALE,JUNIOR_HIGH_SCHOOL,FACE_TO_FACE,0,0.42,1,6179.5,Informal / Contractual Worker
ALS_03363,36,FEMALE,JUNIOR_HIGH_SCHOOL,BLENDED,1,,1,7498.82,Formal Employment
ALS_00446,22,MALE,JUNIOR_HIGH_SCHOOL,FACE_TO_FACE,0,1.28,0,7864.68,Informal / Contractual Worker
ALS_02782,31,MALE,JUNIOR_HIGH_SCHOOL,FACE_TO_FACE,0,,1,15123.59,Informal / Contractual Worker
ALS_05741,16,MALE,JUNIOR_HIGH_SCHOOL,BLENDED,0,,0,7264.88,Formal Employment
ALS_00971,33,FEMALE,JUNIOR_HIGH_SCHOOL,FACE_TO_FACE,0,0,0,11375.67,Unemployed / No Income
ALS_01391,45,MALE,JUNIOR_HIGH_SCHOOL,MODULAR,0,,1,4351.55,Unemployed / No Income
ALS_05301,14,MALE,ELEMENTARY,MODULAR,0,,1,3947.18,Self-Employed / Business Owner
ALS_04662,20,MALE,ELEMENTARY,FACE_TO_FACE,1,,1,5112.33,Self-Employed / Business Owner
ALS_04037,25,MALE,JUNIOR_HIGH_SCHOOL,MODULAR,1,,0,16196.76,Other
ALS_01850,36,MALE,ELEMENTARY,MODULAR,0,,1,6918.71,Informal / Contractual Worker
ALS_02173,19,MALE,BLP,FACE_TO_FACE,1,,1,11682.48,Informal / Contractual Worker
ALS_02543,16,MALE,JUNIOR_HIGH_SCHOOL,BLENDED,0,,1,3132.84,Informal / Contractual Worker
ALS_01701,28,FEMALE,JUNIOR_HIGH_SCHOOL,MODULAR,1,,1,5168.65,Other
ALS_04599,27,MALE,JUNIOR_HIGH_SCHOOL,FACE_TO_FACE,0,,1,4106.87,Unemployed / No Income
ALS_03138,18,FEMALE,JUNIOR_HIGH_SCHOOL,MODULAR,0,,0,8337.74,Unemployed / No Income
ALS_02967,18,MALE,JUNIOR_HIGH_SCHOOL,FACE_TO_FACE,0,,1,3209.4,Self-Employed / Business Owner
ALS_04409,23,FEMALE,ELEMENTARY,FACE_TO_FACE,0,,1,3752.28,Self-Employed / Business Owner
ALS_02738,18,MALE,JUNIOR_HIGH_SCHOOL,FACE_TO_FACE,0,,1,10815.44,Self-Employed / Business Owner
ALS_02245,35,FEMALE,JUNIOR_HIGH_SCHOOL,MODULAR,1,,1,7725.56,Informal / Contractual Worker
ALS_06346,16,FEMALE,JUNIOR_HIGH_SCHOOL,FACE_TO_FACE,0,,1,7955.11,Unemployed / No Income
ALS_06605,19,MALE,JUNIOR_HIGH_SCHOOL,FACE_TO_FACE,0,,1,10103.57,Self-Employed / Business Owner
ALS_05382,33,FEMALE,JUNIOR_HIGH_SCHOOL,FACE_TO_FACE,0,0.01,0,7799.96,Formal Employment
ALS_05922,15,FEMALE,JUNIOR_HIGH_SCHOOL,FACE_TO_FACE,0,,0,10264.39,Other
ALS_02609,25,FEMALE,JUNIOR_HIGH_SCHOOL,FACE_TO_FACE,0,,1,9205.24,Self-Employed / Business Owner
ALS_02015,16,FEMALE,JUNIOR_HIGH_SCHOOL,FACE_TO_FACE,0,,1,9163.39,Other
ALS_02788,29,MALE,JUNIOR_HIGH_SCHOOL,FACE_TO_FACE,0,,1,19789.19,OFW (Overseas Filipino Worker)
ALS_02683,26,FEMALE,JUNIOR_HIGH_SCHOOL,MODULAR,0,,0,12462.47,Other
ALS_02296,34,FEMALE,JUNIOR_HIGH_SCHOOL,MODULAR,0,,1,10395.62,Self-Employed / Business Owner
ALS_01962,29,MALE,JUNIOR_HIGH_SCHOOL,MODULAR,0,,1,2000,Informal / Contractual Worker
ALS_00901,30,FEMALE,JUNIOR_HIGH_SCHOOL,BLENDED,0,0,0,8566.74,Formal Employment
ALS_04874,17,FEMALE,JUNIOR_HIGH_SCHOOL,FACE_TO_FACE,0,,1,9864.57,Formal Employment
ALS_05195,18,MALE,JUNIOR_HIGH_SCHOOL,FACE_TO_FACE,0,,1,12147.56,Informal / Contractual Worker
ALS_05765,16,FEMALE,JUNIOR_HIGH_SCHOOL,BLENDED,0,,0,9410.99,Formal Employment
ALS_00594,22,MALE,JUNIOR_HIGH_SCHOOL,FACE_TO_FACE,0,7.28,0,9856.92,Formal Employment
ALS_04827,14,MALE,ELEMENTARY,FACE_TO_FACE,1,,0,6710.27,Informal / Contractual Worker
ALS_06289,14,MALE,ELEMENTARY,FACE_TO_FACE,0,,1,9500.17,Informal / Contractual Worker
ALS_04278,15,MALE,ELEMENTARY,FACE_TO_FACE,1,,1,5359.91,Informal / Contractual Worker
ALS_04705,22,MALE,JUNIOR_HIGH_SCHOOL,BLENDED,0,,1,4282.54,Formal Employment
ALS_06726,20,MALE,JUNIOR_HIGH_SCHOOL,FACE_TO_FACE,0,,0,10098.16,Unemployed / No Income
ALS_02919,15,FEMALE,JUNIOR_HIGH_SCHOOL,FACE_TO_FACE,0,,0,8501.33,Self-Employed / Business Owner
ALS_03110,16,MALE,JUNIOR_HIGH_SCHOOL,FACE_TO_FACE,0,,0,22304.08,Informal / Contractual Worker
ALS_04552,22,MALE,JUNIOR_HIGH_SCHOOL,FACE_TO_FACE,0,,1,7506.66,Informal / Contractual Worker
ALS_05082,16,MALE,JUNIOR_HIGH_SCHOOL,FACE_TO_FACE,0,,1,10448.76,Unemployed / No Income
ALS_06167,25,MALE,JUNIOR_HIGH_SCHOOL,FACE_TO_FACE,0,,1,11545.8,Informal / Contractual Worker
ALS_00576,29,MALE,JUNIOR_HIGH_SCHOOL,MODULAR,0,0,0,8666.37,Informal / Contractual Worker
ALS_06112,31,FEMALE,JUNIOR_HIGH_SCHOOL,FACE_TO_FACE,0,,0,13436.09,Retired / Pensioner
ALS_05452,28,FEMALE,JUNIOR_HIGH_SCHOOL,FACE_TO_FACE,1,,1,2801.21,Informal / Contractual Worker
ALS_06177,15,MALE,JUNIOR_HIGH_SCHOOL,FACE_TO_FACE,0,,1,8734.93,Informal / Contractual Worker
ALS_01912,22,MALE,JUNIOR_HIGH_SCHOOL,FACE_TO_FACE,1,,1,14304.05,Informal / Contractual Worker
ALS_06110,35,FEMALE,JUNIOR_HIGH_SCHOOL,FACE_TO_FACE,0,,0,12975.05,Unemployed / No Income
ALS_00340,15,FEMALE,JUNIOR_HIGH_SCHOOL,BLENDED,0,0,1,10958.61,Self-Employed / Business Owner
ALS_06486,24,MALE,JUNIOR_HIGH_SCHOOL,MODULAR,0,,1,27741.62,Other
ALS_03665,14,MALE,ELEMENTARY,FACE_TO_FACE,0,,0,6613.61,Self-Employed / Business Owner
ALS_01970,24,FEMALE,JUNIOR_HIGH_SCHOOL,MODULAR,0,,1,5092.9,Unemployed / No Income
ALS_02119,28,MALE,JUNIOR_HIGH_SCHOOL,MODULAR,0,,1,3892.61,Informal / Contractual Worker
ALS_03148,19,FEMALE,JUNIOR_HIGH_SCHOOL,FACE_TO_FACE,0,,1,11632.1,Unemployed / No Income
ALS_00812,33,MALE,JUNIOR_HIGH_SCHOOL,FACE_TO_FACE,0,0,0,6235.24,Informal / Contractual Worker
ALS_04093,30,FEMALE,JUNIOR_HIGH_SCHOOL,FACE_TO_FACE,0,,1,16096.05,Self-Employed / Business Owner
ALS_01344,17,MALE,JUNIOR_HIGH_SCHOOL,BLENDED,0,,1,4325.95,Informal / Contractual Worker
ALS_03814,16,MALE,JUNIOR_HIGH_SCHOOL,BLENDED,0,,0,8951.1,Formal Employment
ALS_05596,15,MALE,ELEMENTARY,MODULAR,0,,0,14737.62,Informal / Contractual Worker
ALS_00819,22,MALE,JUNIOR_HIGH_SCHOOL,BLENDED,0,0,0,8451.02,Formal Employment
ALS_01775,15,MALE,JUNIOR_HIGH_SCHOOL,BLENDED,0,,1,7515.38,Unemployed / No Income
ALS_03157,16,MALE,ELEMENTARY,MODULAR,0,,1,8304.38,Retired / Pensioner
ALS_05153,48,FEMALE,JUNIOR_HIGH_SCHOOL,MODULAR,0,,1,9130.53,Informal / Contractual Worker
ALS_03092,34,MALE,JUNIOR_HIGH_SCHOOL,FACE_TO_FACE,1,0.42,1,14139.16,Retired / Pensioner
ALS_02459,19,FEMALE,JUNIOR_HIGH_SCHOOL,MODULAR,0,,1,24967.67,Unemployed / No Income
ALS_05342,25,MALE,JUNIOR_HIGH_SCHOOL,MODULAR,0,,0,8141.51,Formal Employment
ALS_05729,37,MALE,JUNIOR_HIGH_SCHOOL,FACE_TO_FACE,0,,1,5441.44,Informal / Contractual Worker
ALS_02332,24,MALE,JUNIOR_HIGH_SCHOOL,MODULAR,0,,1,6235.89,Unemployed / No Income
ALS_05595,19,MALE,ELEMENTARY,FACE_TO_FACE,0,,0,2965.8,OFW (Overseas Filipino Worker)
ALS_06499,18,MALE,JUNIOR_HIGH_SCHOOL,FACE_TO_FACE,0,,1,3352.84,Formal Employment
ALS_02092,23,MALE,BLP,BLENDED,0,,1,10998.35,Other
ALS_04615,30,MALE,JUNIOR_HIGH_SCHOOL,FACE_TO_FACE,0,,1,4075.37,Self-Employed / Business Owner
ALS_03658,19,MALE,JUNIOR_HIGH_SCHOOL,FACE_TO_FACE,0,0,0,9149.21,Informal / Contractual Worker
ALS_02356,64,FEMALE,JUNIOR_HIGH_SCHOOL,FACE_TO_FACE,0,,0,12589.46,Self-Employed / Business Owner
ALS_05456,14,FEMALE,JUNIOR_HIGH_SCHOOL,FACE_TO_FACE,1,,0,13361.19,Self-Employed / Business Owner
ALS_00447,21,MALE,JUNIOR_HIGH_SCHOOL,FACE_TO_FACE,0,,0,13268.35,Self-Employed / Business Owner
ALS_02759,17,MALE,ELEMENTARY,FACE_TO_FACE,0,,1,7831.21,Informal / Contractual Worker
ALS_02304,31,FEMALE,JUNIOR_HIGH_SCHOOL,MODULAR,0,,1,9331.83,Formal Employment
ALS_00034,12,FEMALE,ELEMENTARY,FACE_TO_FACE,0,0.95,0,9437.72,Retired / Pensioner
ALS_02678,63,FEMALE,JUNIOR_HIGH_SCHOOL,BLENDED,0,,0,9875.17,Self-Employed / Business Owner
ALS_05847,21,MALE,JUNIOR_HIGH_SCHOOL,BLENDED,0,,0,15907.16,Formal Employment
ALS_04373,15,FEMALE,JUNIOR_HIGH_SCHOOL,FACE_TO_FACE,0,,1,14665.13,Unemployed / No Income
ALS_00183,15,MALE,JUNIOR_HIGH_SCHOOL,MODULAR,0,0,0,10290.02,Unemployed / No Income
ALS_04835,18,MALE,JUNIOR_HIGH_SCHOOL,MODULAR,1,,0,3880.16,Formal Employment
ALS_04696,23,FEMALE,JUNIOR_HIGH_SCHOOL,BLENDED,0,,1,7136.8,Informal / Contractual Worker
ALS_00690,17,MALE,JUNIOR_HIGH_SCHOOL,FACE_TO_FACE,0,4.68,0,17309.39,Other
ALS_06807,18,MALE,JUNIOR_HIGH_SCHOOL,FACE_TO_FACE,0,,0,6734.8,OFW (Overseas Filipino Worker)
ALS_05160,15,FEMALE,JUNIOR_HIGH_SCHOOL,FACE_TO_FACE,0,,1,5690.66,Formal Employment
ALS_06165,22,MALE,JUNIOR_HIGH_SCHOOL,MODULAR,0,,1,5256.16,Other
ALS_01799,29,MALE,JUNIOR_HIGH_SCHOOL,FACE_TO_FACE,0,,0,20310.23,Formal Employment
ALS_04323,15,MALE,JUNIOR_HIGH_SCHOOL,BLENDED,0,,1,12222.23,Self-Employed / Business Owner
ALS_05245,17,FEMALE,JUNIOR_HIGH_SCHOOL,FACE_TO_FACE,0,,0,23443.91,Self-Employed / Business Owner
ALS_01459,30,FEMALE,JUNIOR_HIGH_SCHOOL,FACE_TO_FACE,1,,0,15415.02,OFW (Overseas Filipino Worker)
ALS_06440,13,MALE,ELEMENTARY,FACE_TO_FACE,0,0.42,1,6127.31,Self-Employed / Business Owner
ALS_06048,15,MALE,ELEMENTARY,MODULAR,0,,1,7548.75,Informal / Contractual Worker
ALS_03305,20,MALE,JUNIOR_HIGH_SCHOOL,BLENDED,1,,1,10888.27,Informal / Contractual Worker
ALS_03924,15,MALE,JUNIOR_HIGH_SCHOOL,MODULAR,1,,1,14388.51,Informal / Contractual Worker
ALS_05851,27,FEMALE,JUNIOR_HIGH_SCHOOL,MODULAR,0,,1,13366.66,Unemployed / No Income
ALS_00983,16,MALE,JUNIOR_HIGH_SCHOOL,FACE_TO_FACE,0,0,0,16429.8,OFW (Overseas Filipino Worker)
ALS_04569,27,FEMALE,JUNIOR_HIGH_SCHOOL,FACE_TO_FACE,0,,1,3526.76,Informal / Contractual Worker
ALS_04379,18,FEMALE,JUNIOR_HIGH_SCHOOL,FACE_TO_FACE,0,,1,4160.15,Unemployed / No Income
ALS_04653,18,FEMALE,JUNIOR_HIGH_SCHOOL,FACE_TO_FACE,1,,0,25235.56,Informal / Contractual Worker
ALS_04658,42,FEMALE,ELEMENTARY,FACE_TO_FACE,0,,1,8828.73,Formal Employment
ALS_04383,20,MALE,ELEMENTARY,MODULAR,0,,1,9883.49,Self-Employed / Business Owner
ALS_04775,18,MALE,JUNIOR_HIGH_SCHOOL,FACE_TO_FACE,0,,1,8455.29,Self-Employed / Business Owner
ALS_05501,16,FEMALE,JUNIOR_HIGH_SCHOOL,FACE_TO_FACE,0,0,0,6661.13,Informal / Contractual Worker
ALS_00914,31,FEMALE,JUNIOR_HIGH_SCHOOL,FACE_TO_FACE,0,10.62,0,12261.67,Self-Employed / Business Owner
ALS_06376,23,MALE,ELEMENTARY,MODULAR,0,,1,14446.08,Informal / Contractual Worker
ALS_00187,15,MALE,JUNIOR_HIGH_SCHOOL,FACE_TO_FACE,0,11.07,0,12180.36,Retired / Pensioner
ALS_05712,17,MALE,ELEMENTARY,FACE_TO_FACE,0,,1,16314.77,Other
ALS_03164,40,MALE,JUNIOR_HIGH_SCHOOL,FACE_TO_FACE,0,,0,7078.38,Unemployed / No Income
ALS_01738,14,FEMALE,JUNIOR_HIGH_SCHOOL,FACE_TO_FACE,1,,1,7049.4,Informal / Contractual Worker
ALS_05903,18,MALE,JUNIOR_HIGH_SCHOOL,FACE_TO_FACE,0,,1,8050.22,Self-Employed / Business Owner
ALS_06400,16,MALE,JUNIOR_HIGH_SCHOOL,FACE_TO_FACE,0,,0,27046.57,Formal Employment
ALS_06373,21,MALE,JUNIOR_HIGH_SCHOOL,MODULAR,0,,0,8422.72,Retired / Pensioner
ALS_04404,30,MALE,JUNIOR_HIGH_SCHOOL,FACE_TO_FACE,1,,0,7870.99,Formal Employment
ALS_04912,17,MALE,JUNIOR_HIGH_SCHOOL,FACE_TO_FACE,0,,1,12902.59,Unemployed / No Income
ALS_06587,44,FEMALE,JUNIOR_HIGH_SCHOOL,MODULAR,0,,0,12338.4,Informal / Contractual Worker
ALS_02008,29,MALE,JUNIOR_HIGH_SCHOOL,MODULAR,1,,1,11514.16,Unemployed / No Income
ALS_05931,15,MALE,JUNIOR_HIGH_SCHOOL,FACE_TO_FACE,0,,1,4353.13,Formal Employment
ALS_04009,15,MALE,JUNIOR_HIGH_SCHOOL,MODULAR,0,,0,17396.13,Formal Employment
ALS_01491,25,FEMALE,JUNIOR_HIGH_SCHOOL,FACE_TO_FACE,1,,0,8345.93,Unemployed / No Income
ALS_04123,15,MALE,JUNIOR_HIGH_SCHOOL,MODULAR,0,,0,8351.49,OFW (Overseas Filipino Worker)
ALS_04807,17,FEMALE,JUNIOR_HIGH_SCHOOL,FACE_TO_FACE,0,0.42,1,3742.06,Unemployed / No Income
ALS_05053,13,MALE,ELEMENTARY,FACE_TO_FACE,0,,0,13723.28,Formal Employment
ALS_04720,24,FEMALE,JUNIOR_HIGH_SCHOOL,FACE_TO_FACE,1,,0,5758.74,Self-Employed / Business Owner
ALS_05208,23,MALE,JUNIOR_HIGH_SCHOOL,MODULAR,0,,1,2931.89,Self-Employed / Business Owner
ALS_04444,24,MALE,JUNIOR_HIGH_SCHOOL,FACE_TO_FACE,1,,0,7725.92,Informal / Contractual Worker
ALS_00837,26,FEMALE,JUNIOR_HIGH_SCHOOL,BLENDED,0,0,0,7501.02,Self-Employed / Business Owner
ALS_00668,22,FEMALE,JUNIOR_HIGH_SCHOOL,FACE_TO_FACE,0,0.67,0,8996.13,Formal Employment
ALS_03350,15,FEMALE,JUNIOR_HIGH_SCHOOL,FACE_TO_FACE,1,,1,7271.88,Informal / Contractual Worker
ALS_05272,36,FEMALE,JUNIOR_HIGH_SCHOOL,FACE_TO_FACE,0,,1,5384.52,Unemployed / No Income
ALS_05974,32,FEMALE,JUNIOR_HIGH_SCHOOL,BLENDED,0,,1,5138.73,Self-Employed / Business Owner
ALS_03621,16,MALE,JUNIOR_HIGH_SCHOOL,FACE_TO_FACE,0,,1,3293.66,Self-Employed / Business Owner
ALS_04820,16,FEMALE,JUNIOR_HIGH_SCHOOL,FACE_TO_FACE,0,0.42,1,7100.27,Unemployed / No Income
ALS_05893,17,MALE,JUNIOR_HIGH_SCHOOL,FACE_TO_FACE,0,,0,10259.71,Self-Employed / Business Owner
ALS_02384,42,MALE,JUNIOR_HIGH_SCHOOL,MODULAR,0,,1,3337.68,Informal / Contractual Worker
ALS_00731,20,MALE,JUNIOR_HIGH_SCHOOL,FACE_TO_FACE,0,0,0,25081.7,Formal Employment
ALS_04452,43,FEMALE,JUNIOR_HIGH_SCHOOL,MODULAR,0,,1,3979.84,Self-Employed / Business Owner
ALS_02477,16,MALE,JUNIOR_HIGH_SCHOOL,FACE_TO_FACE,1,,0,16453.81,OFW (Overseas Filipino Worker)
ALS_05465,29,MALE,JUNIOR_HIGH_SCHOOL,FACE_TO_FACE,1,,0,11048.82,Self-Employed / Business Owner
ALS_03508,28,MALE,JUNIOR_HIGH_SCHOOL,MODULAR,0,,1,6057.88,Self-Employed / Business Owner
ALS_04122,18,MALE,JUNIOR_HIGH_SCHOOL,MODULAR,0,,0,9886.09,Unemployed / No Income
ALS_00162,13,FEMALE,ELEMENTARY,FACE_TO_FACE,0,0,0,16211.21,Self-Employed / Business Owner
ALS_05793,18,MALE,JUNIOR_HIGH_SCHOOL,FACE_TO_FACE,0,,1,9256.09,Unemployed / No Income
ALS_03896,33,MALE,JUNIOR_HIGH_SCHOOL,BLENDED,0,,0,13263.62,Informal / Contractual Worker
ALS_02983,17,MALE,JUNIOR_HIGH_SCHOOL,MODULAR,0,0.12,0,16334.65,Informal / Contractual Worker
ALS_04584,30,FEMALE,JUNIOR_HIGH_SCHOOL,FACE_TO_FACE,0,,1,7403.99,Other
ALS_02095,12,MALE,ELEMENTARY,FACE_TO_FACE,0,,0,20362.27,Formal Employment
ALS_03058,27,MALE,JUNIOR_HIGH_SCHOOL,FACE_TO_FACE,0,,0,6948.75,Formal Employment
ALS_02631,25,MALE,JUNIOR_HIGH_SCHOOL,MODULAR,0,,1,10371.61,Retired / Pensioner
ALS_00102,16,MALE,JUNIOR_HIGH_SCHOOL,FACE_TO_FACE,0,0,0,3968.78,Formal Employment
ALS_03725,20,FEMALE,JUNIOR_HIGH_SCHOOL,MODULAR,1,,1,7028.93,Informal / Contractual Worker
ALS_06407,15,MALE,JUNIOR_HIGH_SCHOOL,FACE_TO_FACE,0,,0,10831.23,Unemployed / No Income
ALS_00442,20,FEMALE,JUNIOR_HIGH_SCHOOL,MODULAR,0,1.28,0,11336.21,OFW (Overseas Filipino Worker)
ALS_03874,21,MALE,JUNIOR_HIGH_SCHOOL,MODULAR,0,,1,5848.83,Self-Employed / Business Owner
ALS_00959,25,FEMALE,JUNIOR_HIGH_SCHOOL,FACE_TO_FACE,0,0,0,12444.7,Informal / Contractual Worker
ALS_00146,17,FEMALE,JUNIOR_HIGH_SCHOOL,FACE_TO_FACE,0,0,0,8354.28,Unemployed / No Income
ALS_00635,18,FEMALE,JUNIOR_HIGH_SCHOOL,FACE_TO_FACE,0,1.44,0,9850.93,Formal Employment
ALS_05461,25,FEMALE,JUNIOR_HIGH_SCHOOL,FACE_TO_FACE,1,,1,6145.36,Self-Employed / Business Owner
ALS_04018,17,MALE,JUNIOR_HIGH_SCHOOL,FACE_TO_FACE,0,0.42,0,14064.81,Unemployed / No Income
ALS_04845,27,MALE,JUNIOR_HIGH_SCHOOL,FACE_TO_FACE,1,,0,14409.62,Self-Employed / Business Owner
ALS_06548,29,MALE,JUNIOR_HIGH_SCHOOL,MODULAR,0,,1,4577.15,Unemployed / No Income
ALS_05120,26,MALE,JUNIOR_HIGH_SCHOOL,MODULAR,0,,0,19909.26,Formal Employment
ALS_02768,24,MALE,JUNIOR_HIGH_SCHOOL,FACE_TO_FACE,0,,1,7372.49,Self-Employed / Business Owner
ALS_00827,19,MALE,JUNIOR_HIGH_SCHOOL,BLENDED,0,0,0,4126.46,Informal / Contractual Worker
ALS_02343,24,MALE,JUNIOR_HIGH_SCHOOL,FACE_TO_FACE,1,,1,13296.06,Other
ALS_01712,23,MALE,JUNIOR_HIGH_SCHOOL,MODULAR,1,,1,10591.5,Formal Employment
ALS_06342,17,FEMALE,JUNIOR_HIGH_SCHOOL,FACE_TO_FACE,0,,1,10492.92,Self-Employed / Business Owner
ALS_05672,29,MALE,JUNIOR_HIGH_SCHOOL,FACE_TO_FACE,0,,1,8795.1,Informal / Contractual Worker
ALS_06706,15,MALE,JUNIOR_HIGH_SCHOOL,FACE_TO_FACE,0,,0,5208.79,Informal / Contractual Worker
ALS_04193,16,FEMALE,JUNIOR_HIGH_SCHOOL,BLENDED,0,,1,8155.98,Self-Employed / Business Owner
ALS_05466,18,MALE,JUNIOR_HIGH_SCHOOL,FACE_TO_FACE,0,,1,7634.9,Unemployed / No Income
ALS_03824,16,FEMALE,JUNIOR_HIGH_SCHOOL,FACE_TO_FACE,0,,1,4191.33,Unemployed / No Income
ALS_00984,25,MALE,JUNIOR_HIGH_SCHOOL,MODULAR,0,1.07,0,21117.84,OFW (Overseas Filipino Worker)
ALS_05516,33,MALE,JUNIOR_HIGH_SCHOOL,MODULAR,0,,1,4095.93,Unemployed / No Income
ALS_01516,15,FEMALE,JUNIOR_HIGH_SCHOOL,FACE_TO_FACE,1,,1,4474.78,Informal / Contractual Worker
ALS_00659,27,FEMALE,JUNIOR_HIGH_SCHOOL,FACE_TO_FACE,0,6.34,1,11657.43,Self-Employed / Business Owner
ALS_02443,36,FEMALE,BLP,FACE_TO_FACE,0,,1,5259.58,Unemployed / No Income
ALS_03317,20,MALE,JUNIOR_HIGH_SCHOOL,BLENDED,1,,1,9989.07,Informal / Contractual Worker
ALS_05510,16,MALE,JUNIOR_HIGH_SCHOOL,FACE_TO_FACE,0,,0,14381.38,OFW (Overseas Filipino Worker)
ALS_02932,25,FEMALE,ELEMENTARY,FACE_TO_FACE,1,,0,15631.54,Informal / Contractual Worker
ALS_05285,17,MALE,JUNIOR_HIGH_SCHOOL,MODULAR,0,,1,4056.66,Formal Employment
ALS_04526,44,MALE,JUNIOR_HIGH_SCHOOL,MODULAR,0,,1,6301.98,Informal / Contractual Worker
ALS_02460,31,FEMALE,JUNIOR_HIGH_SCHOOL,MODULAR,1,,0,9622.16,Retired / Pensioner
ALS_01726,22,MALE,JUNIOR_HIGH_SCHOOL,FACE_TO_FACE,0,,1,4414.7,Formal Employment
ALS_03950,27,MALE,JUNIOR_HIGH_SCHOOL,FACE_TO_FACE,0,,1,10278.46,Self-Employed / Business Owner
ALS_01808,34,MALE,JUNIOR_HIGH_SCHOOL,FACE_TO_FACE,1,,1,19658.91,Unemployed / No Income
ALS_01046,64,FEMALE,JUNIOR_HIGH_SCHOOL,FACE_TO_FACE,0,0,0,8836.36,OFW (Overseas Filipino Worker)
ALS_00570,11,FEMALE,ELEMENTARY,MODULAR,0,2.06,0,11967.04,Informal / Contractual Worker
ALS_00925,25,FEMALE,JUNIOR_HIGH_SCHOOL,BLENDED,0,0,0,7165.95,OFW (Overseas Filipino Worker)
ALS_06272,16,MALE,JUNIOR_HIGH_SCHOOL,FACE_TO_FACE,0,,1,3869.68,OFW (Overseas Filipino Worker)
ALS_05174,23,FEMALE,JUNIOR_HIGH_SCHOOL,FACE_TO_FACE,0,,1,8407.11,OFW (Overseas Filipino Worker)
ALS_00888,15,MALE,JUNIOR_HIGH_SCHOOL,FACE_TO_FACE,0,0,0,5494.08,Self-Employed / Business Owner
ALS_01380,27,FEMALE,JUNIOR_HIGH_SCHOOL,BLENDED,0,,1,4771.22,Unemployed / No Income
ALS_04727,13,MALE,ELEMENTARY,FACE_TO_FACE,0,,0,6635.86,Informal / Contractual Worker
ALS_06025,18,MALE,BLP,FACE_TO_FACE,0,,1,10404.64,Informal / Contractual Worker
ALS_06734,15,MALE,ELEMENTARY,FACE_TO_FACE,0,,1,16980.32,Formal Employment
ALS_03985,17,FEMALE,JUNIOR_HIGH_SCHOOL,FACE_TO_FACE,1,,1,5573.24,Formal Employment
ALS_04443,26,MALE,JUNIOR_HIGH_SCHOOL,MODULAR,0,,1,12092.7,Informal / Contractual Worker
ALS_04891,16,MALE,JUNIOR_HIGH_SCHOOL,FACE_TO_FACE,0,,1,6869.66,Informal / Contractual Worker
ALS_06463,17,FEMALE,JUNIOR_HIGH_SCHOOL,FACE_TO_FACE,0,,1,5045.5,Other
ALS_01710,26,MALE,JUNIOR_HIGH_SCHOOL,BLENDED,0,,1,5993.8,Informal / Contractual Worker
ALS_02409,14,MALE,ELEMENTARY,FACE_TO_FACE,0,,0,11526.88,Formal Employment
ALS_03351,29,FEMALE,JUNIOR_HIGH_SCHOOL,MODULAR,1,,1,13195.11,Informal / Contractual Worker
ALS_06035,15,FEMALE,JUNIOR_HIGH_SCHOOL,FACE_TO_FACE,0,,1,9080.91,Informal / Contractual Worker
ALS_00274,26,MALE,JUNIOR_HIGH_SCHOOL,FACE_TO_FACE,0,8.38,0,14570.24,Self-Employed / Business Owner
ALS_01828,15,FEMALE,JUNIOR_HIGH_SCHOOL,BLENDED,0,1.89,0,22995.8,Unemployed / No Income
ALS_02490,32,MALE,JUNIOR_HIGH_SCHOOL,BLENDED,0,,0,12930.18,Informal / Contractual Worker
ALS_05863,18,FEMALE,JUNIOR_HIGH_SCHOOL,FACE_TO_FACE,0,,0,13529.57,Formal Employment
ALS_06317,15,MALE,JUNIOR_HIGH_SCHOOL,FACE_TO_FACE,0,,1,7045.1,Formal Employment
ALS_03206,19,MALE,ELEMENTARY,FACE_TO_FACE,1,,1,6729.45,Self-Employed / Business Owner
ALS_00241,16,MALE,JUNIOR_HIGH_SCHOOL,MODULAR,0,0.05,0,23380.64,Informal / Contractual Worker
ALS_06524,22,FEMALE,JUNIOR_HIGH_SCHOOL,FACE_TO_FACE,0,,1,5355.82,Self-Employed / Business Owner
ALS_02289,29,MALE,JUNIOR_HIGH_SCHOOL,MODULAR,0,,1,10227.7,Informal / Contractual Worker
ALS_06019,15,MALE,JUNIOR_HIGH_SCHOOL,FACE_TO_FACE,0,,1,21972.99,Unemployed / No Income
ALS_04183,21,MALE,JUNIOR_HIGH_SCHOOL,MODULAR,0,,1,6753.06,Unemployed / No Income
ALS_03253,24,FEMALE,JUNIOR_HIGH_SCHOOL,FACE_TO_FACE,0,,0,7711.79,OFW (Overseas Filipino Worker)
ALS_00554,27,FEMALE,JUNIOR_HIGH_SCHOOL,MODULAR,0,,0,7103.33,Informal / Contractual Worker
ALS_03902,21,MALE,JUNIOR_HIGH_SCHOOL,FACE_TO_FACE,1,,1,4335.57,Formal Employment
ALS_06254,19,MALE,JUNIOR_HIGH_SCHOOL,MODULAR,0,,1,8936.04,Unemployed / No Income
ALS_04876,16,MALE,ELEMENTARY,FACE_TO_FACE,0,,1,9663.5,OFW (Overseas Filipino Worker)
ALS_03672,28,FEMALE,JUNIOR_HIGH_SCHOOL,FACE_TO_FACE,1,,1,12758.6,OFW (Overseas Filipino Worker)
ALS_02953,22,MALE,JUNIOR_HIGH_SCHOOL,FACE_TO_FACE,0,,1,3970.64,Retired / Pensioner
ALS_01165,22,MALE,JUNIOR_HIGH_SCHOOL,MODULAR,0,,0,8586.36,Unemployed / No Income
ALS_02271,41,MALE,JUNIOR_HIGH_SCHOOL,MODULAR,0,,1,8551.26,Self-Employed / Business Owner
ALS_04326,19,MALE,JUNIOR_HIGH_SCHOOL,BLENDED,1,,1,4770.4,Informal / Contractual Worker
ALS_02810,17,MALE,JUNIOR_HIGH_SCHOOL,FACE_TO_FACE,0,,1,14865.31,Formal Employment
ALS_02940,21,FEMALE,JUNIOR_HIGH_SCHOOL,MODULAR,0,,1,10829.49,Unemployed / No Income
ALS_06422,15,FEMALE,JUNIOR_HIGH_SCHOOL,FACE_TO_FACE,0,,0,10474.5,OFW (Overseas Filipino Worker)
ALS_02619,22,MALE,JUNIOR_HIGH_SCHOOL,MODULAR,0,,1,6680.07,Informal / Contractual Worker
ALS_05333,16,MALE,JUNIOR_HIGH_SCHOOL,FACE_TO_FACE,0,,0,27185.96,Informal / Contractual Worker
ALS_03617,17,MALE,JUNIOR_HIGH_SCHOOL,FACE_TO_FACE,0,,1,3954.3,Informal / Contractual Worker
ALS_01395,27,MALE,JUNIOR_HIGH_SCHOOL,FACE_TO_FACE,1,,0,9348.97,Self-Employed / Business Owner
ALS_03616,20,MALE,JUNIOR_HIGH_SCHOOL,BLENDED,0,,0,19696.59,Formal Employment
ALS_01982,12,MALE,BLP,FACE_TO_FACE,1,,1,19486.21,Informal / Contractual Worker
ALS_00466,30,FEMALE,JUNIOR_HIGH_SCHOOL,MODULAR,0,1.57,0,8842.3,Formal Employment
ALS_06081,16,MALE,JUNIOR_HIGH_SCHOOL,FACE_TO_FACE,0,,1,6824.66,Self-Employed / Business Owner
ALS_05086,16,MALE,JUNIOR_HIGH_SCHOOL,FACE_TO_FACE,0,,1,11694.89,Other
ALS_01606,36,MALE,JUNIOR_HIGH_SCHOOL,MODULAR,0,,0,13645.12,Formal Employment
ALS_05052,15,MALE,JUNIOR_HIGH_SCHOOL,FACE_TO_FACE,0,,1,2762.36,Self-Employed / Business Owner
ALS_05344,32,MALE,JUNIOR_HIGH_SCHOOL,MODULAR,1,,1,7878.62,Self-Employed / Business Owner
ALS_03130,13,FEMALE,ELEMENTARY,FACE_TO_FACE,0,,1,10947.47,Retired / Pensioner
ALS_04898,17,MALE,JUNIOR_HIGH_SCHOOL,FACE_TO_FACE,0,,1,2436.49,Informal / Contractual Worker
ALS_04804,17,FEMALE,JUNIOR_HIGH_SCHOOL,FACE_TO_FACE,0,,1,8466.78,Formal Employment
ALS_02851,38,FEMALE,JUNIOR_HIGH_SCHOOL,FACE_TO_FACE,0,,1,14094.14,Retired / Pensioner
ALS_02729,24,FEMALE,JUNIOR_HIGH_SCHOOL,FACE_TO_FACE,0,,1,3468.04,OFW (Overseas Filipino Worker)
ALS_00582,20,FEMALE,JUNIOR_HIGH_SCHOOL,FACE_TO_FACE,0,2.5,1,6885.84,Informal / Contractual Worker
ALS_03655,22,MALE,JUNIOR_HIGH_SCHOOL,FACE_TO_FACE,0,,1,6156.99,Self-Employed / Business Owner
ALS_03369,36,FEMALE,JUNIOR_HIGH_SCHOOL,MODULAR,0,,1,5333.51,Informal / Contractual Worker
ALS_06320,16,MALE,JUNIOR_HIGH_SCHOOL,FACE_TO_FACE,0,,1,5341.25,Informal / Contractual Worker
ALS_06627,17,MALE,JUNIOR_HIGH_SCHOOL,FACE_TO_FACE,0,,1,4648.62,Other
ALS_02954,19,MALE,JUNIOR_HIGH_SCHOOL,FACE_TO_FACE,0,,1,4961.82,Retired / Pensioner
ALS_02026,33,MALE,JUNIOR_HIGH_SCHOOL,MODULAR,1,,1,7105.18,Other
ALS_03927,19,MALE,JUNIOR_HIGH_SCHOOL,MODULAR,1,,1,7630.11,Formal Employment
ALS_04370,16,FEMALE,JUNIOR_HIGH_SCHOOL,MODULAR,1,,1,3716.52,Unemployed / No Income
ALS_06402,16,MALE,JUNIOR_HIGH_SCHOOL,FACE_TO_FACE,0,,0,14862.44,OFW (Overseas Filipino Worker)
ALS_03695,22,FEMALE,JUNIOR_HIGH_SCHOOL,MODULAR,1,,1,5399.05,Informal / Contractual Worker
ALS_02685,31,FEMALE,JUNIOR_HIGH_SCHOOL,BLENDED,0,,0,13902.57,OFW (Overseas Filipino Worker)
ALS_03912,25,MALE,JUNIOR_HIGH_SCHOOL,FACE_TO_FACE,1,,0,15336.19,Formal Employment
ALS_05828,16,MALE,JUNIOR_HIGH_SCHOOL,FACE_TO_FACE,0,,1,7713.3,OFW (Overseas Filipino Worker)
ALS_00835,22,FEMALE,JUNIOR_HIGH_SCHOOL,BLENDED,0,0,0,8021.91,OFW (Overseas Filipino Worker)
ALS_05678,29,MALE,ELEMENTARY,FACE_TO_FACE,0,,1,13460.66,Informal / Contractual Worker
ALS_01971,14,FEMALE,JUNIOR_HIGH_SCHOOL,FACE_TO_FACE,0,,1,13538.97,Unemployed / No Income
ALS_05553,50,FEMALE,BLP,FACE_TO_FACE,0,,1,7228.95,Self-Employed / Business Owner
ALS_06026,13,MALE,BLP,MODULAR,0,,1,7770.68,Informal / Contractual Worker
ALS_04368,25,MALE,JUNIOR_HIGH_SCHOOL,FACE_TO_FACE,0,,1,3574.55,Unemployed / No Income
ALS_06114,35,FEMALE,JUNIOR_HIGH_SCHOOL,FACE_TO_FACE,0,,1,7617.01,Unemployed / No Income
ALS_05173,34,MALE,JUNIOR_HIGH_SCHOOL,BLENDED,0,,0,21062.85,Retired / Pensioner
ALS_03559,46,FEMALE,JUNIOR_HIGH_SCHOOL,MODULAR,0,,1,2814.61,Other
ALS_02479,23,MALE,JUNIOR_HIGH_SCHOOL,FACE_TO_FACE,0,,1,6028.37,Informal / Contractual Worker
ALS_06409,23,MALE,JUNIOR_HIGH_SCHOOL,FACE_TO_FACE,0,,0,17008.13,OFW (Overseas Filipino Worker)
ALS_04121,15,MALE,ELEMENTARY,MODULAR,0,,1,3775.7,Informal / Contractual Worker
ALS_01160,17,MALE,JUNIOR_HIGH_SCHOOL,FACE_TO_FACE,0,,0,7975.7,Formal Employment
ALS_00587,21,MALE,JUNIOR_HIGH_SCHOOL,FACE_TO_FACE,,0,0,13733.5,Unemployed / No Income
ALS_02078,24,MALE,JUNIOR_HIGH_SCHOOL,FACE_TO_FACE,1,,1,4982.02,Formal Employment
ALS_05027,20,MALE,JUNIOR_HIGH_SCHOOL,MODULAR,0,,1,7851.21,Formal Employment
ALS_04317,29,MALE,JUNIOR_HIGH_SCHOOL,MODULAR,0,,1,8129.01,Other
ALS_04579,28,MALE,JUNIOR_HIGH_SCHOOL,MODULAR,0,,0,6748.51,Informal / Contractual Worker
ALS_04424,23,MALE,ELEMENTARY,MODULAR,0,,1,13821.78,Informal / Contractual Worker
ALS_06467,17,MALE,JUNIOR_HIGH_SCHOOL,FACE_TO_FACE,0,,0,11415.25,Formal Employment
ALS_04206,30,MALE,JUNIOR_HIGH_SCHOOL,MODULAR,0,,1,8179.33,Formal Employment
ALS_03595,28,FEMALE,JUNIOR_HIGH_SCHOOL,MODULAR,0,,1,5647.56,Informal / Contractual Worker
ALS_04072,35,FEMALE,JUNIOR_HIGH_SCHOOL,MODULAR,0,,1,10093.73,Other
ALS_06295,30,MALE,JUNIOR_HIGH_SCHOOL,BLENDED,0,0.42,1,3143.17,Formal Employment
ALS_04901,18,MALE,JUNIOR_HIGH_SCHOOL,FACE_TO_FACE,0,,1,17044.09,Informal / Contractual Worker
ALS_04062,14,FEMALE,ELEMENTARY,FACE_TO_FACE,1,,1,2478.97,Other
ALS_05881,21,MALE,JUNIOR_HIGH_SCHOOL,BLENDED,0,,1,10188.02,Self-Employed / Business Owner
ALS_01957,45,FEMALE,JUNIOR_HIGH_SCHOOL,FACE_TO_FACE,0,,1,9595.45,Formal Employment
ALS_04101,19,MALE,JUNIOR_HIGH_SCHOOL,FACE_TO_FACE,0,,1,5437.38,Formal Employment
ALS_04240,14,MALE,ELEMENTARY,FACE_TO_FACE,1,,1,5822.5,OFW (Overseas Filipino Worker)
ALS_02497,23,MALE,JUNIOR_HIGH_SCHOOL,MODULAR,0,,1,3439.29,Other
ALS_05933,13,MALE,ELEMENTARY,FACE_TO_FACE,0,,1,7695.09,Formal Employment
ALS_05927,15,MALE,JUNIOR_HIGH_SCHOOL,FACE_TO_FACE,0,,0,6457.59,Unemployed / No Income
ALS_04799,16,MALE,JUNIOR_HIGH_SCHOOL,FACE_TO_FACE,0,,1,9561.18,Other
ALS_02160,18,MALE,ELEMENTARY,FACE_TO_FACE,1,,1,5545.45,Other
ALS_05985,12,MALE,ELEMENTARY,BLENDED,0,,1,9025.71,Unemployed / No Income
ALS_05785,20,MALE,JUNIOR_HIGH_SCHOOL,FACE_TO_FACE,0,,0,15112.31,Formal Employment
ALS_01007,35,MALE,JUNIOR_HIGH_SCHOOL,FACE_TO_FACE,1,0,0,41521.51,Informal / Contractual Worker
ALS_02234,20,MALE,JUNIOR_HIGH_SCHOOL,FACE_TO_FACE,1,,1,10274.64,Self-Employed / Business Owner
ALS_04104,18,FEMALE,JUNIOR_HIGH_SCHOOL,FACE_TO_FACE,1,,0,21202.58,Formal Employment
ALS_04470,18,MALE,JUNIOR_HIGH_SCHOOL,MODULAR,0,,1,4950.72,Retired / Pensioner
ALS_02648,15,MALE,JUNIOR_HIGH_SCHOOL,MODULAR,1,,1,11172.48,Unemployed / No Income
ALS_05090,17,FEMALE,JUNIOR_HIGH_SCHOOL,BLENDED,0,,0,15196.96,Informal / Contractual Worker
ALS_04606,23,FEMALE,ELEMENTARY,FACE_TO_FACE,0,,1,9166.7,Unemployed / No Income
ALS_02868,35,FEMALE,JUNIOR_HIGH_SCHOOL,FACE_TO_FACE,0,,1,7555.94,Unemployed / No Income
ALS_02434,21,MALE,ELEMENTARY,FACE_TO_FACE,0,,1,10714.54,Formal Employment
ALS_05424,16,MALE,JUNIOR_HIGH_SCHOOL,FACE_TO_FACE,1,,0,7285.98,Formal Employment
ALS_03509,15,MALE,JUNIOR_HIGH_SCHOOL,FACE_TO_FACE,0,,1,8520.11,Unemployed / No Income
ALS_04999,23,FEMALE,JUNIOR_HIGH_SCHOOL,FACE_TO_FACE,0,,1,5064.02,Unemployed / No Income
ALS_01960,46,FEMALE,JUNIOR_HIGH_SCHOOL,BLENDED,1,,1,5273.94,Informal / Contractual Worker
ALS_03973,23,FEMALE,JUNIOR_HIGH_SCHOOL,FACE_TO_FACE,0,,0,12979.37,Informal / Contractual Worker
ALS_02637,18,MALE,JUNIOR_HIGH_SCHOOL,BLENDED,0,,0,18639.72,Formal Employment
ALS_05324,22,FEMALE,JUNIOR_HIGH_SCHOOL,FACE_TO_FACE,0,,1,8151.97,Self-Employed / Business Owner
ALS_06037,17,MALE,JUNIOR_HIGH_SCHOOL,MODULAR,0,,1,12675.46,Unemployed / No Income
ALS_02188,43,MALE,JUNIOR_HIGH_SCHOOL,FACE_TO_FACE,1,,1,7969.74,Retired / Pensioner
ALS_01171,15,FEMALE,JUNIOR_HIGH_SCHOOL,FACE_TO_FACE,0,0.01,0,10511.53,Informal / Contractual Worker
ALS_06108,27,FEMALE,JUNIOR_HIGH_SCHOOL,FACE_TO_FACE,0,,0,11593.22,Other
ALS_04017,23,MALE,ELEMENTARY,MODULAR,0,,1,5981.95,Unemployed / No Income
ALS_02755,24,MALE,JUNIOR_HIGH_SCHOOL,FACE_TO_FACE,0,,1,7437.19,Formal Employment
ALS_06483,34,FEMALE,JUNIOR_HIGH_SCHOOL,MODULAR,0,,1,4043.5,Informal / Contractual Worker
ALS_05756,15,MALE,JUNIOR_HIGH_SCHOOL,MODULAR,0,,1,12911.11,Unemployed / No Income
ALS_05062,16,MALE,JUNIOR_HIGH_SCHOOL,FACE_TO_FACE,0,,1,14762.32,Informal / Contractual Worker
ALS_05949,31,FEMALE,JUNIOR_HIGH_SCHOOL,FACE_TO_FACE,0,,1,16752.5,Self-Employed / Business Owner
ALS_06004,17,FEMALE,JUNIOR_HIGH_SCHOOL,FACE_TO_FACE,0,,1,11333.51,Formal Employment
ALS_04271,16,MALE,JUNIOR_HIGH_SCHOOL,BLENDED,0,,0,5102.81,Formal Employment
ALS_00729,25,MALE,JUNIOR_HIGH_SCHOOL,MODULAR,0,0,0,7443.23,Unemployed / No Income
ALS_02757,44,MALE,JUNIOR_HIGH_SCHOOL,FACE_TO_FACE,0,0.42,1,5183.49,Informal / Contractual Worker
ALS_00704,17,FEMALE,JUNIOR_HIGH_SCHOOL,FACE_TO_FACE,0,0,0,4761.13,Formal Employment
ALS_02139,37,MALE,JUNIOR_HIGH_SCHOOL,FACE_TO_FACE,1,,1,6803.72,Informal / Contractual Worker
ALS_06666,15,MALE,JUNIOR_HIGH_SCHOOL,FACE_TO_FACE,0,,0,25887.39,Informal / Contractual Worker
ALS_06441,18,MALE,ELEMENTARY,MODULAR,0,,1,5952.61,Unemployed / No Income
ALS_01991,38,FEMALE,JUNIOR_HIGH_SCHOOL,BLENDED,1,,1,8992.73,Unemployed / No Income
ALS_02278,33,MALE,JUNIOR_HIGH_SCHOOL,MODULAR,0,,1,14203.42,Informal / Contractual Worker
ALS_06518,13,MALE,ELEMENTARY,FACE_TO_FACE,0,,0,13530.27,Formal Employment
ALS_00897,15,FEMALE,ELEMENTARY,FACE_TO_FACE,0,12.23,0,15155.38,Informal / Contractual Worker
ALS_03154,16,FEMALE,JUNIOR_HIGH_SCHOOL,FACE_TO_FACE,0,,1,2133.03,Informal / Contractual Worker
ALS_02398,24,MALE,ELEMENTARY,FACE_TO_FACE,1,,1,8890.8,Informal / Contractual Worker
ALS_04232,22,MALE,ELEMENTARY,BLENDED,0,,0,9984.46,OFW (Overseas Filipino Worker)
ALS_03825,16,FEMALE,JUNIOR_HIGH_SCHOOL,FACE_TO_FACE,0,,1,8206.87,Self-Employed / Business Owner
ALS_03816,19,MALE,JUNIOR_HIGH_SCHOOL,FACE_TO_FACE,0,,0,5668.62,Unemployed / No Income
ALS_03002,16,FEMALE,JUNIOR_HIGH_SCHOOL,FACE_TO_FACE,0,,1,8332.13,Unemployed / No Income
ALS_06330,16,MALE,JUNIOR_HIGH_SCHOOL,FACE_TO_FACE,0,,1,10092.1,Formal Employment
ALS_02096,21,MALE,JUNIOR_HIGH_SCHOOL,MODULAR,1,,1,4694.3,Unemployed / No Income
ALS_01420,36,FEMALE,JUNIOR_HIGH_SCHOOL,FACE_TO_FACE,0,,0,11839.38,Formal Employment
ALS_00622,27,FEMALE,JUNIOR_HIGH_SCHOOL,BLENDED,0,2.47,0,8213.87,Formal Employment
ALS_02386,27,MALE,JUNIOR_HIGH_SCHOOL,MODULAR,1,,1,11570.68,Other
ALS_00815,34,FEMALE,JUNIOR_HIGH_SCHOOL,BLENDED,0,0,0,7069.73,Informal / Contractual Worker
ALS_02113,50,MALE,JUNIOR_HIGH_SCHOOL,MODULAR,0,,1,8500.98,Unemployed / No Income
ALS_03089,27,MALE,ELEMENTARY,FACE_TO_FACE,0,,1,6543.68,Formal Employment
ALS_01801,16,FEMALE,JUNIOR_HIGH_SCHOOL,FACE_TO_FACE,0,,1,7316.56,Self-Employed / Business Owner
ALS_00310,19,MALE,JUNIOR_HIGH_SCHOOL,FACE_TO_FACE,0,0,0,11214.19,Retired / Pensioner
ALS_05572,16,FEMALE,JUNIOR_HIGH_SCHOOL,FACE_TO_FACE,0,,1,5842.12,Unemployed / No Income
ALS_05677,16,MALE,JUNIOR_HIGH_SCHOOL,FACE_TO_FACE,0,,1,7576.57,Informal / Contractual Worker
ALS_00203,33,FEMALE,JUNIOR_HIGH_SCHOOL,FACE_TO_FACE,0,0,0,11492.14,Informal / Contractual Worker
ALS_04051,30,FEMALE,JUNIOR_HIGH_SCHOOL,MODULAR,0,0.42,0,10084.74,OFW (Overseas Filipino Worker)
ALS_06739,20,FEMALE,JUNIOR_HIGH_SCHOOL,FACE_TO_FACE,0,,1,9684.05,Formal Employment
ALS_04103,27,FEMALE,JUNIOR_HIGH_SCHOOL,FACE_TO_FACE,0,,1,3827.31,OFW (Overseas Filipino Worker)
ALS_01880,28,MALE,JUNIOR_HIGH_SCHOOL,BLENDED,1,,1,6099.61,Informal / Contractual Worker
ALS_03538,18,MALE,JUNIOR_HIGH_SCHOOL,MODULAR,1,,1,5740.1,Informal / Contractual Worker
ALS_03226,35,MALE,JUNIOR_HIGH_SCHOOL,MODULAR,0,,0,7720.07,Formal Employment
ALS_01394,32,FEMALE,JUNIOR_HIGH_SCHOOL,FACE_TO_FACE,0,,0,7018.88,Self-Employed / Business Owner
ALS_01943,16,FEMALE,JUNIOR_HIGH_SCHOOL,BLENDED,1,,1,7117.1,Self-Employed / Business Owner
ALS_05802,19,MALE,JUNIOR_HIGH_SCHOOL,BLENDED,0,,1,6289.03,Unemployed / No Income
ALS_06533,14,FEMALE,BLP,FACE_TO_FACE,0,,1,3013.93,Self-Employed / Business Owner
ALS_04716,16,FEMALE,JUNIOR_HIGH_SCHOOL,FACE_TO_FACE,0,,1,9119.06,Unemployed / No Income
ALS_04028,15,MALE,JUNIOR_HIGH_SCHOOL,FACE_TO_FACE,1,,1,13094.41,Informal / Contractual Worker
ALS_03247,19,MALE,ELEMENTARY,FACE_TO_FACE,1,,1,5113.87,Informal / Contractual Worker
ALS_01641,28,FEMALE,JUNIOR_HIGH_SCHOOL,MODULAR,0,,0,10969.17,Informal / Contractual Worker
ALS_02444,34,FEMALE,JUNIOR_HIGH_SCHOOL,MODULAR,1,,0,18960.6,Self-Employed / Business Owner
ALS_04055,28,FEMALE,JUNIOR_HIGH_SCHOOL,MODULAR,0,,0,5313.79,Self-Employed / Business Owner
ALS_03619,16,MALE,JUNIOR_HIGH_SCHOOL,FACE_TO_FACE,1,,1,7852.35,Informal / Contractual Worker
ALS_04779,18,MALE,JUNIOR_HIGH_SCHOOL,FACE_TO_FACE,0,,1,5137.35,Formal Employment
ALS_00521,21,MALE,JUNIOR_HIGH_SCHOOL,BLENDED,0,1.64,1,7991.02,Informal / Contractual Worker
ALS_03467,24,FEMALE,JUNIOR_HIGH_SCHOOL,BLENDED,0,,1,6511.91,OFW (Overseas Filipino Worker)
ALS_00575,17,MALE,JUNIOR_HIGH_SCHOOL,FACE_TO_FACE,0,2.06,0,8137.74,Informal / Contractual Worker
ALS_00213,16,FEMALE,JUNIOR_HIGH_SCHOOL,FACE_TO_FACE,0,0,0,10167.37,Other
ALS_03646,19,MALE,ELEMENTARY,FACE_TO_FACE,1,,1,12480.45,Self-Employed / Business Owner
ALS_04900,16,FEMALE,JUNIOR_HIGH_SCHOOL,FACE_TO_FACE,0,,1,5492.64,Informal / Contractual Worker
ALS_02150,20,FEMALE,ELEMENTARY,MODULAR,1,,1,9962.81,Unemployed / No Income
ALS_05269,34,MALE,JUNIOR_HIGH_SCHOOL,FACE_TO_FACE,0,,0,10183.95,Self-Employed / Business Owner
ALS_05442,30,FEMALE,JUNIOR_HIGH_SCHOOL,MODULAR,0,,1,5067.58,Unemployed / No Income
ALS_04821,18,FEMALE,JUNIOR_HIGH_SCHOOL,FACE_TO_FACE,0,0.42,1,5543.52,Unemployed / No Income
ALS_00891,18,MALE,JUNIOR_HIGH_SCHOOL,BLENDED,0,0,0,8377.09,OFW (Overseas Filipino Worker)
ALS_05887,16,FEMALE,JUNIOR_HIGH_SCHOOL,MODULAR,0,,1,7647.42,OFW (Overseas Filipino Worker)
ALS_02262,55,FEMALE,ELEMENTARY,MODULAR,0,,1,3219.82,Informal / Contractual Worker
ALS_00689,34,FEMALE,JUNIOR_HIGH_SCHOOL,FACE_TO_FACE,0,2.63,0,26051.43,Unemployed / No Income
ALS_02928,14,FEMALE,ELEMENTARY,FACE_TO_FACE,0,,1,4665.77,Formal Employment
ALS_06744,29,FEMALE,JUNIOR_HIGH_SCHOOL,FACE_TO_FACE,0,,1,10929.06,Informal / Contractual Worker
ALS_05063,19,MALE,JUNIOR_HIGH_SCHOOL,MODULAR,0,,1,5150.8,Informal / Contractual Worker
ALS_04578,21,MALE,JUNIOR_HIGH_SCHOOL,FACE_TO_FACE,0,,1,3709.46,Formal Employment
ALS_04494,20,MALE,JUNIOR_HIGH_SCHOOL,MODULAR,0,,1,3547.43,OFW (Overseas Filipino Worker)
ALS_00818,29,FEMALE,JUNIOR_HIGH_SCHOOL,BLENDED,0,0,0,13094,Self-Employed / Business Owner
ALS_04525,39,FEMALE,JUNIOR_HIGH_SCHOOL,FACE_TO_FACE,1,,0,7020.41,Formal Employment
ALS_00018,18,MALE,JUNIOR_HIGH_SCHOOL,FACE_TO_FACE,0,0,0,4689.31,Formal Employment
ALS_06290,17,FEMALE,JUNIOR_HIGH_SCHOOL,FACE_TO_FACE,0,50.23,1,7530.87,Formal Employment
ALS_02066,15,MALE,JUNIOR_HIGH_SCHOOL,BLENDED,0,,0,10122.67,Informal / Contractual Worker
ALS_03552,27,MALE,JUNIOR_HIGH_SCHOOL,MODULAR,0,0.42,0,21285.07,Informal / Contractual Worker
ALS_01515,16,MALE,ELEMENTARY,FACE_TO_FACE,0,,1,5477.81,Self-Employed / Business Owner
ALS_06011,15,MALE,JUNIOR_HIGH_SCHOOL,FACE_TO_FACE,0,,1,7409.2,Other
ALS_00629,15,MALE,ELEMENTARY,MODULAR,0,0.8,0,11929.21,Retired / Pensioner
ALS_01559,35,FEMALE,JUNIOR_HIGH_SCHOOL,FACE_TO_FACE,0,,0,3857.61,Informal / Contractual Worker
ALS_02753,16,MALE,JUNIOR_HIGH_SCHOOL,FACE_TO_FACE,0,,1,2000,Formal Employment
ALS_04147,61,FEMALE,JUNIOR_HIGH_SCHOOL,MODULAR,0,,1,4842.81,Informal / Contractual Worker
ALS_01984,15,FEMALE,JUNIOR_HIGH_SCHOOL,FACE_TO_FACE,1,,1,4884.85,Unemployed / No Income
ALS_03683,19,MALE,JUNIOR_HIGH_SCHOOL,MODULAR,1,,1,10460.12,Informal / Contractual Worker
ALS_00058,31,MALE,JUNIOR_HIGH_SCHOOL,MODULAR,0,0,0,5886.26,Unemployed / No Income
ALS_01946,20,MALE,JUNIOR_HIGH_SCHOOL,BLENDED,0,,1,11129.59,Formal Employment
ALS_03877,23,FEMALE,JUNIOR_HIGH_SCHOOL,MODULAR,1,,1,9961.36,Retired / Pensioner
ALS_04395,41,MALE,JUNIOR_HIGH_SCHOOL,MODULAR,0,,1,2641.2,Unemployed / No Income
ALS_06236,16,MALE,JUNIOR_HIGH_SCHOOL,FACE_TO_FACE,0,,0,11560.08,Informal / Contractual Worker
ALS_08392,36,MALE,ELEMENTARY,MODULAR,0,,1,10910.38,Unemployed / No Income
ALS_04776,20,MALE,JUNIOR_HIGH_SCHOOL,FACE_TO_FACE,0,,1,13009.7,Informal / Contractual Worker
ALS_06517,15,MALE,JUNIOR_HIGH_SCHOOL,FACE_TO_FACE,0,,1,4809.1,Informal / Contractual Worker
ALS_01722,20,MALE,JUNIOR_HIGH_SCHOOL,MODULAR,1,,1,8208.11,Informal / Contractual Worker
ALS_05122,28,MALE,JUNIOR_HIGH_SCHOOL,MODULAR,0,,1,8825.84,Informal / Contractual Worker
ALS_06199,16,MALE,JUNIOR_HIGH_SCHOOL,FACE_TO_FACE,0,,1,5811.71,Self-Employed / Business Owner
ALS_06405,13,MALE,ELEMENTARY,FACE_TO_FACE,0,,1,7617.6,Unemployed / No Income
ALS_02018,27,FEMALE,JUNIOR_HIGH_SCHOOL,BLENDED,1,,1,4778.05,Self-Employed / Business Owner
ALS_02724,36,MALE,JUNIOR_HIGH_SCHOOL,BLENDED,0,,1,7723.51,Formal Employment
ALS_05790,15,FEMALE,JUNIOR_HIGH_SCHOOL,MODULAR,0,,0,17684.16,Formal Employment
ALS_04935,20,FEMALE,BLP,MODULAR,0,,1,6696.21,Unemployed / No Income
ALS_06738,18,FEMALE,JUNIOR_HIGH_SCHOOL,FACE_TO_FACE,0,,1,8160,Retired / Pensioner
ALS_01953,46,FEMALE,JUNIOR_HIGH_SCHOOL,MODULAR,0,,1,18365.74,Informal / Contractual Worker
ALS_03960,23,MALE,JUNIOR_HIGH_SCHOOL,FACE_TO_FACE,0,,1,4226.54,Self-Employed / Business Owner
ALS_00002,26,MALE,JUNIOR_HIGH_SCHOOL,FACE_TO_FACE,0,0,0,11654.92,Unemployed / No Income
ALS_00043,17,MALE,JUNIOR_HIGH_SCHOOL,MODULAR,0,4.1,0,11698.1,Unemployed / No Income
ALS_00583,20,FEMALE,JUNIOR_HIGH_SCHOOL,FACE_TO_FACE,0,2.06,0,17727.07,Unemployed / No Income
ALS_03618,18,MALE,JUNIOR_HIGH_SCHOOL,FACE_TO_FACE,0,,1,12925.79,Self-Employed / Business Owner
ALS_04255,16,MALE,JUNIOR_HIGH_SCHOOL,FACE_TO_FACE,0,,1,7513.83,Informal / Contractual Worker
ALS_00718,22,MALE,JUNIOR_HIGH_SCHOOL,MODULAR,0,0,0,19250.92,Formal Employment
ALS_05309,15,FEMALE,JUNIOR_HIGH_SCHOOL,MODULAR,0,,0,8067.2,OFW (Overseas Filipino Worker)
ALS_02652,16,MALE,JUNIOR_HIGH_SCHOOL,MODULAR,0,,1,7225.31,Self-Employed / Business Owner
ALS_06368,17,MALE,JUNIOR_HIGH_SCHOOL,MODULAR,0,,1,2499.46,Unemployed / No Income
ALS_02911,15,MALE,ELEMENTARY,FACE_TO_FACE,1,,0,13321.31,Other
ALS_02837,17,FEMALE,JUNIOR_HIGH_SCHOOL,FACE_TO_FACE,0,,1,11667.36,Unemployed / No Income
ALS_05604,15,MALE,BLP,BLENDED,0,,1,4029.05,Retired / Pensioner
ALS_03153,22,FEMALE,JUNIOR_HIGH_SCHOOL,FACE_TO_FACE,0,,0,7109.43,Informal / Contractual Worker
ALS_03740,20,MALE,JUNIOR_HIGH_SCHOOL,MODULAR,1,,1,4485.58,Unemployed / No Income
ALS_02346,27,MALE,JUNIOR_HIGH_SCHOOL,FACE_TO_FACE,0,,1,6276.29,Self-Employed / Business Owner
ALS_05074,40,FEMALE,JUNIOR_HIGH_SCHOOL,MODULAR,0,,1,6110.28,OFW (Overseas Filipino Worker)
ALS_05020,30,FEMALE,BLP,FACE_TO_FACE,0,,1,4666.45,Informal / Contractual Worker
ALS_02164,25,MALE,JUNIOR_HIGH_SCHOOL,FACE_TO_FACE,1,,1,14855.51,Unemployed / No Income
ALS_01800,24,MALE,JUNIOR_HIGH_SCHOOL,MODULAR,0,,0,6738.17,Formal Employment
ALS_04491,15,MALE,JUNIOR_HIGH_SCHOOL,MODULAR,0,,1,10061.95,OFW (Overseas Filipino Worker)
ALS_06472,18,MALE,JUNIOR_HIGH_SCHOOL,FACE_TO_FACE,0,,1,24029,Self-Employed / Business Owner
ALS_00292,16,MALE,JUNIOR_HIGH_SCHOOL,FACE_TO_FACE,0,2.45,0,14253.44,Self-Employed / Business Owner
ALS_02076,26,MALE,JUNIOR_HIGH_SCHOOL,MODULAR,1,,1,4978.68,Formal Employment
ALS_04096,39,MALE,JUNIOR_HIGH_SCHOOL,FACE_TO_FACE,0,,1,4873.17,Unemployed / No Income
ALS_00263,21,MALE,JUNIOR_HIGH_SCHOOL,FACE_TO_FACE,0,0,1,19319.96,Self-Employed / Business Owner
ALS_02181,28,FEMALE,JUNIOR_HIGH_SCHOOL,FACE_TO_FACE,0,,0,5764.37,Unemployed / No Income
ALS_04110,25,FEMALE,JUNIOR_HIGH_SCHOOL,FACE_TO_FACE,1,,0,11806.89,OFW (Overseas Filipino Worker)
ALS_04382,25,MALE,BLP,FACE_TO_FACE,0,,1,3846.64,Self-Employed / Business Owner
ALS_03772,25,MALE,JUNIOR_HIGH_SCHOOL,FACE_TO_FACE,0,,1,8349.27,Informal / Contractual Worker
ALS_02742,22,MALE,JUNIOR_HIGH_SCHOOL,FACE_TO_FACE,0,0.28,1,6248.73,Unemployed / No Income
ALS_04285,14,FEMALE,JUNIOR_HIGH_SCHOOL,MODULAR,0,,1,6396.78,Self-Employed / Business Owner
ALS_05341,18,MALE,JUNIOR_HIGH_SCHOOL,MODULAR,1,,1,3593.46,Retired / Pensioner
ALS_05175,15,FEMALE,JUNIOR_HIGH_SCHOOL,BLENDED,0,,0,12599.21,Retired / Pensioner
ALS_06375,18,MALE,JUNIOR_HIGH_SCHOOL,MODULAR,0,,1,5194.92,Informal / Contractual Worker
ALS_06247,15,FEMALE,JUNIOR_HIGH_SCHOOL,FACE_TO_FACE,0,,0,16116.19,Informal / Contractual Worker
ALS_04007,17,MALE,JUNIOR_HIGH_SCHOOL,MODULAR,0,,1,19444.01,Unemployed / No Income
ALS_00838,17,FEMALE,JUNIOR_HIGH_SCHOOL,FACE_TO_FACE,0,0,0,6517.9,Other
ALS_03234,25,FEMALE,JUNIOR_HIGH_SCHOOL,MODULAR,0,,1,7922.76,Formal Employment
ALS_00282,16,MALE,JUNIOR_HIGH_SCHOOL,BLENDED,1,0,1,15582.4,Informal / Contractual Worker
ALS_06731,13,MALE,JUNIOR_HIGH_SCHOOL,FACE_TO_FACE,0,,1,5345.94,Informal / Contractual Worker
ALS_05582,16,MALE,JUNIOR_HIGH_SCHOOL,FACE_TO_FACE,0,,0,12982.63,Formal Employment
ALS_03343,42,MALE,JUNIOR_HIGH_SCHOOL,MODULAR,1,,1,7857.05,Informal / Contractual Worker
ALS_06382,33,FEMALE,ELEMENTARY,MODULAR,0,,1,10155.79,Unemployed / No Income
ALS_06416,23,MALE,JUNIOR_HIGH_SCHOOL,FACE_TO_FACE,0,,0,10337.75,Formal Employment
ALS_03185,24,FEMALE,JUNIOR_HIGH_SCHOOL,MODULAR,0,,1,10083.17,Informal / Contractual Worker
ALS_00641,55,FEMALE,JUNIOR_HIGH_SCHOOL,FACE_TO_FACE,0,0,0,21348.29,Informal / Contractual Worker
ALS_05680,35,FEMALE,JUNIOR_HIGH_SCHOOL,FACE_TO_FACE,0,0.75,0,7830.34,Self-Employed / Business Owner
ALS_05346,28,MALE,JUNIOR_HIGH_SCHOOL,FACE_TO_FACE,0,,0,6637.5,Formal Employment
ALS_01925,20,MALE,JUNIOR_HIGH_SCHOOL,MODULAR,1,,1,6684.83,Informal / Contractual Worker
ALS_04781,26,MALE,JUNIOR_HIGH_SCHOOL,FACE_TO_FACE,0,,1,7604.11,Self-Employed / Business Owner
ALS_02763,40,MALE,JUNIOR_HIGH_SCHOOL,FACE_TO_FACE,0,,1,12703.42,Retired / Pensioner
ALS_04489,16,MALE,JUNIOR_HIGH_SCHOOL,FACE_TO_FACE,0,,0,13699.29,Informal / Contractual Worker
ALS_03243,16,MALE,JUNIOR_HIGH_SCHOOL,FACE_TO_FACE,0,,1,8634.93,Informal / Contractual Worker
ALS_04432,28,MALE,ELEMENTARY,FACE_TO_FACE,0,,1,3033.05,Self-Employed / Business Owner
ALS_02500,16,FEMALE,JUNIOR_HIGH_SCHOOL,FACE_TO_FACE,1,,1,5424.64,Informal / Contractual Worker
ALS_03707,20,MALE,ELEMENTARY,MODULAR,1,,1,4232.7,Unemployed / No Income
ALS_00284,16,FEMALE,JUNIOR_HIGH_SCHOOL,FACE_TO_FACE,1,0,1,3154.04,Unemployed / No Income
ALS_02001,22,FEMALE,JUNIOR_HIGH_SCHOOL,MODULAR,1,,1,11019.15,Formal Employment
ALS_04694,23,FEMALE,JUNIOR_HIGH_SCHOOL,BLENDED,0,,0,7441.92,Self-Employed / Business Owner
ALS_02257,18,MALE,JUNIOR_HIGH_SCHOOL,FACE_TO_FACE,0,,0,6109.29,Self-Employed / Business Owner
ALS_06703,31,FEMALE,JUNIOR_HIGH_SCHOOL,MODULAR,0,,0,16473.9,OFW (Overseas Filipino Worker)
ALS_06182,15,MALE,JUNIOR_HIGH_SCHOOL,FACE_TO_FACE,0,0.42,1,12572.43,OFW (Overseas Filipino Worker)
ALS_06677,16,FEMALE,JUNIOR_HIGH_SCHOOL,FACE_TO_FACE,0,,0,13275.48,Formal Employment
ALS_01978,17,FEMALE,JUNIOR_HIGH_SCHOOL,BLENDED,0,,1,5003.92,Informal / Contractual Worker
ALS_04929,33,FEMALE,JUNIOR_HIGH_SCHOOL,MODULAR,0,,1,6279.19,Self-Employed / Business Owner
ALS_05006,32,FEMALE,JUNIOR_HIGH_SCHOOL,MODULAR,0,,1,19810.15,Self-Employed / Business Owner
ALS_05449,16,MALE,JUNIOR_HIGH_SCHOOL,FACE_TO_FACE,1,,0,2696.9,Informal / Contractual Worker
ALS_05671,32,MALE,JUNIOR_HIGH_SCHOOL,FACE_TO_FACE,0,,0,7226.84,Informal / Contractual Worker
ALS_03312,27,FEMALE,JUNIOR_HIGH_SCHOOL,MODULAR,1,,1,6802.76,Formal Employment
ALS_03995,25,MALE,JUNIOR_HIGH_SCHOOL,MODULAR,0,,1,7050.18,Formal Employment
ALS_04802,16,MALE,JUNIOR_HIGH_SCHOOL,FACE_TO_FACE,0,,1,8606.95,Informal / Contractual Worker
ALS_06335,17,MALE,JUNIOR_HIGH_SCHOOL,MODULAR,0,,1,14127.12,Retired / Pensioner
ALS_02735,16,MALE,JUNIOR_HIGH_SCHOOL,FACE_TO_FACE,0,,1,9470.85,Formal Employment
ALS_07163,18,FEMALE,JUNIOR_HIGH_SCHOOL,FACE_TO_FACE,0,,0,6643.43,OFW (Overseas Filipino Worker)
ALS_02004,27,FEMALE,JUNIOR_HIGH_SCHOOL,MODULAR,0,,1,12597.54,Other
ALS_01908,24,MALE,JUNIOR_HIGH_SCHOOL,BLENDED,0,,1,4548.09,Formal Employment
ALS_01113,23,FEMALE,JUNIOR_HIGH_SCHOOL,FACE_TO_FACE,0,,1,11349.99,Unemployed / No Income
ALS_05447,15,MALE,JUNIOR_HIGH_SCHOOL,FACE_TO_FACE,1,,0,14617.23,Self-Employed / Business Owner
ALS_02934,15,MALE,JUNIOR_HIGH_SCHOOL,FACE_TO_FACE,1,,1,7070.74,Formal Employment
ALS_05370,25,MALE,BLP,FACE_TO_FACE,0,,1,4938.87,Unemployed / No Income
ALS_01861,15,MALE,JUNIOR_HIGH_SCHOOL,BLENDED,0,,1,9734.48,Informal / Contractual Worker
ALS_04818,16,FEMALE,JUNIOR_HIGH_SCHOOL,FACE_TO_FACE,0,0.42,1,26291,Informal / Contractual Worker
ALS_02659,15,MALE,JUNIOR_HIGH_SCHOOL,FACE_TO_FACE,0,,0,21219.02,Unemployed / No Income
ALS_01807,26,FEMALE,JUNIOR_HIGH_SCHOOL,FACE_TO_FACE,0,,1,8238.92,Unemployed / No Income
ALS_05464,32,MALE,JUNIOR_HIGH_SCHOOL,FACE_TO_FACE,1,,0,27616.04,Unemployed / No Income
ALS_06088,28,MALE,JUNIOR_HIGH_SCHOOL,FACE_TO_FACE,0,,0,15029.3,Formal Employment
ALS_00264,16,MALE,JUNIOR_HIGH_SCHOOL,FACE_TO_FACE,0,0,0,6679.48,Informal / Contractual Worker
ALS_03379,23,FEMALE,JUNIOR_HIGH_SCHOOL,MODULAR,0,,1,12388.88,OFW (Overseas Filipino Worker)
ALS_05001,15,MALE,BLP,FACE_TO_FACE,0,,1,6483.4,Unemployed / No Income
ALS_04757,17,MALE,ELEMENTARY,FACE_TO_FACE,0,,0,6574.33,Formal Employment
ALS_00145,30,FEMALE,JUNIOR_HIGH_SCHOOL,FACE_TO_FACE,0,0,0,7124.32,Formal Employment
ALS_03846,18,MALE,JUNIOR_HIGH_SCHOOL,MODULAR,0,,1,3407.78,Self-Employed / Business Owner
ALS_02297,48,FEMALE,JUNIOR_HIGH_SCHOOL,MODULAR,0,,1,9724.72,Formal Employment
ALS_03972,13,FEMALE,ELEMENTARY,FACE_TO_FACE,1,,1,4471.42,Self-Employed / Business Owner
ALS_04038,14,MALE,JUNIOR_HIGH_SCHOOL,MODULAR,0,,0,13632.78,Formal Employment
ALS_05384,25,FEMALE,JUNIOR_HIGH_SCHOOL,FACE_TO_FACE,0,,1,6616.89,Informal / Contractual Worker
ALS_05457,22,MALE,JUNIOR_HIGH_SCHOOL,FACE_TO_FACE,0,,1,19743.64,Unemployed / No Income
ALS_04098,23,MALE,JUNIOR_HIGH_SCHOOL,MODULAR,0,,1,3008.73,Formal Employment
ALS_03449,28,FEMALE,JUNIOR_HIGH_SCHOOL,BLENDED,1,,1,8861.54,Formal Employment
ALS_03127,26,MALE,JUNIOR_HIGH_SCHOOL,MODULAR,0,,0,19330.5,Informal / Contractual Worker
ALS_05700,17,FEMALE,JUNIOR_HIGH_SCHOOL,MODULAR,0,,1,9575.56,Informal / Contractual Worker
ALS_00595,20,FEMALE,JUNIOR_HIGH_SCHOOL,FACE_TO_FACE,0,1.05,0,4614.74,Formal Employment
ALS_05389,27,MALE,JUNIOR_HIGH_SCHOOL,FACE_TO_FACE,0,,0,14388.15,Self-Employed / Business Owner
ALS_03309,48,FEMALE,JUNIOR_HIGH_SCHOOL,BLENDED,1,,1,8697.66,Informal / Contractual Worker
ALS_05800,31,FEMALE,JUNIOR_HIGH_SCHOOL,FACE_TO_FACE,0,,1,5525.93,Informal / Contractual Worker
ALS_02527,17,MALE,JUNIOR_HIGH_SCHOOL,FACE_TO_FACE,1,,1,8135.13,Unemployed / No Income
ALS_06352,17,FEMALE,JUNIOR_HIGH_SCHOOL,FACE_TO_FACE,0,,1,4602.1,Informal / Contractual Worker
ALS_04754,20,MALE,JUNIOR_HIGH_SCHOOL,MODULAR,0,,0,16606.26,Self-Employed / Business Owner
ALS_00864,24,MALE,JUNIOR_HIGH_SCHOOL,FACE_TO_FACE,0,0,0,12609.25,Self-Employed / Business Owner
ALS_04829,16,MALE,JUNIOR_HIGH_SCHOOL,FACE_TO_FACE,1,,0,46924.94,Other
ALS_01121,16,FEMALE,JUNIOR_HIGH_SCHOOL,MODULAR,0,,0,13916.94,Self-Employed / Business Owner
ALS_05274,16,FEMALE,JUNIOR_HIGH_SCHOOL,FACE_TO_FACE,1,,0,11099.12,Informal / Contractual Worker
ALS_04292,31,FEMALE,JUNIOR_HIGH_SCHOOL,MODULAR,0,,0,14396.42,Other
ALS_05014,18,MALE,JUNIOR_HIGH_SCHOOL,MODULAR,0,,1,16078.72,Retired / Pensioner
ALS_04268,15,MALE,JUNIOR_HIGH_SCHOOL,BLENDED,0,,1,8034.84,Formal Employment
ALS_00255,29,MALE,JUNIOR_HIGH_SCHOOL,FACE_TO_FACE,0,0.05,0,8562.27,Self-Employed / Business Owner
ALS_05121,17,MALE,JUNIOR_HIGH_SCHOOL,FACE_TO_FACE,0,,1,14314.13,Unemployed / No Income
ALS_05789,17,FEMALE,JUNIOR_HIGH_SCHOOL,FACE_TO_FACE,0,,0,6669.7,Self-Employed / Business Owner
ALS_05820,35,MALE,JUNIOR_HIGH_SCHOOL,BLENDED,0,,0,13226.55,OFW (Overseas Filipino Worker)
ALS_03897,18,FEMALE,JUNIOR_HIGH_SCHOOL,MODULAR,0,,1,6412.31,Formal Employment
ALS_00139,24,MALE,JUNIOR_HIGH_SCHOOL,FACE_TO_FACE,0,0,0,18382.08,Retired / Pensioner
ALS_04316,20,MALE,JUNIOR_HIGH_SCHOOL,FACE_TO_FACE,0,,0,9840.66,Formal Employment
ALS_02968,17,FEMALE,JUNIOR_HIGH_SCHOOL,FACE_TO_FACE,0,,1,11447.42,Other
ALS_01776,17,MALE,JUNIOR_HIGH_SCHOOL,BLENDED,0,0.2,0,16590.31,Informal / Contractual Worker
ALS_03589,27,MALE,JUNIOR_HIGH_SCHOOL,FACE_TO_FACE,0,,0,9236.35,Self-Employed / Business Owner
ALS_05012,12,MALE,ELEMENTARY,FACE_TO_FACE,0,,1,10474.34,Formal Employment
ALS_02823,26,MALE,JUNIOR_HIGH_SCHOOL,FACE_TO_FACE,0,0.42,1,4187.97,Informal / Contractual Worker
ALS_00379,29,MALE,JUNIOR_HIGH_SCHOOL,FACE_TO_FACE,0,4.15,0,22791.11,Self-Employed / Business Owner
ALS_06736,16,MALE,JUNIOR_HIGH_SCHOOL,FACE_TO_FACE,0,,0,12048.02,Informal / Contractual Worker
ALS_02771,17,MALE,JUNIOR_HIGH_SCHOOL,FACE_TO_FACE,0,,1,16387.71,Unemployed / No Income
ALS_02184,30,FEMALE,JUNIOR_HIGH_SCHOOL,FACE_TO_FACE,1,,1,28674.39,Self-Employed / Business Owner
ALS_03448,33,FEMALE,JUNIOR_HIGH_SCHOOL,MODULAR,1,,1,12646.78,Unemployed / No Income
ALS_02677,20,FEMALE,JUNIOR_HIGH_SCHOOL,BLENDED,0,,0,13911.08,Informal / Contractual Worker
ALS_02769,21,MALE,ELEMENTARY,FACE_TO_FACE,0,,1,3792.41,Unemployed / No Income
ALS_03835,24,MALE,JUNIOR_HIGH_SCHOOL,MODULAR,0,,1,4876.61,Informal / Contractual Worker
ALS_03079,19,MALE,JUNIOR_HIGH_SCHOOL,FACE_TO_FACE,1,,1,2439.53,Informal / Contractual Worker
ALS_03715,21,MALE,JUNIOR_HIGH_SCHOOL,BLENDED,0,0.42,0,15440.89,Unemployed / No Income
ALS_02923,18,FEMALE,JUNIOR_HIGH_SCHOOL,FACE_TO_FACE,0,,0,5952.49,Formal Employment
ALS_04372,41,FEMALE,JUNIOR_HIGH_SCHOOL,FACE_TO_FACE,0,,0,10077.32,Other
ALS_03774,21,MALE,JUNIOR_HIGH_SCHOOL,FACE_TO_FACE,0,,1,4952.12,Other
ALS_06390,16,MALE,JUNIOR_HIGH_SCHOOL,FACE_TO_FACE,0,,1,18018.39,Self-Employed / Business Owner
ALS_04389,38,MALE,JUNIOR_HIGH_SCHOOL,MODULAR,0,,1,12459.73,Informal / Contractual Worker
ALS_05426,20,MALE,JUNIOR_HIGH_SCHOOL,FACE_TO_FACE,0,,1,4587.62,Other
ALS_03270,38,FEMALE,JUNIOR_HIGH_SCHOOL,BLENDED,1,1.28,1,3946.32,OFW (Overseas Filipino Worker)
ALS_02087,44,MALE,JUNIOR_HIGH_SCHOOL,FACE_TO_FACE,0,,0,25040.19,Informal / Contractual Worker
ALS_03218,23,MALE,BLP,BLENDED,1,,1,5367.85,Other
ALS_05861,17,MALE,JUNIOR_HIGH_SCHOOL,MODULAR,0,,0,11119.12,OFW (Overseas Filipino Worker)
ALS_01727,26,MALE,JUNIOR_HIGH_SCHOOL,FACE_TO_FACE,0,,0,20561.45,Self-Employed / Business Owner
ALS_03306,19,MALE,JUNIOR_HIGH_SCHOOL,MODULAR,0,,0,16282.41,Formal Employment
ALS_03423,15,MALE,ELEMENTARY,BLENDED,1,,1,12768.02,Self-Employed / Business Owner
ALS_05417,15,FEMALE,JUNIOR_HIGH_SCHOOL,FACE_TO_FACE,0,,0,4805.53,OFW (Overseas Filipino Worker)
ALS_02423,17,MALE,JUNIOR_HIGH_SCHOOL,MODULAR,0,,1,9502.2,Unemployed / No Income
ALS_04434,15,MALE,JUNIOR_HIGH_SCHOOL,MODULAR,1,,1,15681.38,Formal Employment
ALS_04302,18,FEMALE,JUNIOR_HIGH_SCHOOL,FACE_TO_FACE,0,,1,5385.3,Informal / Contractual Worker
ALS_02733,16,MALE,JUNIOR_HIGH_SCHOOL,FACE_TO_FACE,0,0.42,1,7901.49,Self-Employed / Business Owner
ALS_01972,25,FEMALE,JUNIOR_HIGH_SCHOOL,MODULAR,0,,1,5201.73,Unemployed / No Income
ALS_03358,19,MALE,JUNIOR_HIGH_SCHOOL,BLENDED,1,,1,6731.25,Self-Employed / Business Owner
ALS_03588,17,MALE,JUNIOR_HIGH_SCHOOL,FACE_TO_FACE,0,,1,6360.86,Retired / Pensioner
ALS_04839,16,MALE,JUNIOR_HIGH_SCHOOL,FACE_TO_FACE,0,,1,6406.7,Retired / Pensioner
ALS_03455,17,MALE,JUNIOR_HIGH_SCHOOL,BLENDED,0,,1,9976.19,Informal / Contractual Worker
ALS_03499,17,FEMALE,JUNIOR_HIGH_SCHOOL,MODULAR,0,0.42,0,15037.72,Other
ALS_04295,19,FEMALE,ELEMENTARY,BLENDED,0,,1,5866.12,Informal / Contractual Worker
ALS_02151,19,FEMALE,JUNIOR_HIGH_SCHOOL,BLENDED,0,,0,6702.73,Retired / Pensioner
ALS_06651,17,FEMALE,JUNIOR_HIGH_SCHOOL,BLENDED,0,,1,6919.9,Self-Employed / Business Owner
ALS_05766,27,FEMALE,JUNIOR_HIGH_SCHOOL,FACE_TO_FACE,0,0,1,4764.27,Self-Employed / Business Owner
ALS_02646,17,MALE,JUNIOR_HIGH_SCHOOL,MODULAR,0,,1,13590.16,Informal / Contractual Worker
ALS_04992,20,MALE,ELEMENTARY,FACE_TO_FACE,0,,1,17613.78,Self-Employed / Business Owner
ALS_04588,26,MALE,JUNIOR_HIGH_SCHOOL,FACE_TO_FACE,0,,1,19802.48,Self-Employed / Business Owner
ALS_03117,16,MALE,JUNIOR_HIGH_SCHOOL,FACE_TO_FACE,0,,0,12302.45,Self-Employed / Business Owner
ALS_01729,26,FEMALE,JUNIOR_HIGH_SCHOOL,MODULAR,0,,0,9072.28,Informal / Contractual Worker
ALS_03074,26,MALE,ELEMENTARY,FACE_TO_FACE,1,,1,11195.61,Unemployed / No Income
ALS_04150,17,MALE,JUNIOR_HIGH_SCHOOL,FACE_TO_FACE,1,,1,7320.87,Retired / Pensioner
ALS_02798,18,MALE,ELEMENTARY,FACE_TO_FACE,0,,1,4681.33,Informal / Contractual Worker
ALS_02886,27,MALE,JUNIOR_HIGH_SCHOOL,MODULAR,0,,1,4404.37,Unemployed / No Income
ALS_06700,20,MALE,JUNIOR_HIGH_SCHOOL,FACE_TO_FACE,0,,1,7175.97,Self-Employed / Business Owner
ALS_04534,15,MALE,ELEMENTARY,FACE_TO_FACE,0,,1,4012.32,OFW (Overseas Filipino Worker)
ALS_00226,22,MALE,JUNIOR_HIGH_SCHOOL,MODULAR,0,4.67,0,11045.66,Other
ALS_02553,32,FEMALE,JUNIOR_HIGH_SCHOOL,BLENDED,1,,1,10923.5,Self-Employed / Business Owner
ALS_06166,26,MALE,JUNIOR_HIGH_SCHOOL,MODULAR,0,,1,8465.28,Other
ALS_02633,21,MALE,JUNIOR_HIGH_SCHOOL,FACE_TO_FACE,0,,1,3816.53,Self-Employed / Business Owner
ALS_05367,16,MALE,JUNIOR_HIGH_SCHOOL,FACE_TO_FACE,0,,0,10594.65,Self-Employed / Business Owner
ALS_04758,18,MALE,JUNIOR_HIGH_SCHOOL,FACE_TO_FACE,0,,0,12200.11,Other
ALS_01878,32,MALE,JUNIOR_HIGH_SCHOOL,BLENDED,0,,1,6701.46,Informal / Contractual Worker
ALS_02820,19,MALE,JUNIOR_HIGH_SCHOOL,FACE_TO_FACE,0,,1,11423.92,Formal Employment
ALS_06534,31,MALE,JUNIOR_HIGH_SCHOOL,MODULAR,0,,1,13318.42,Unemployed / No Income
ALS_02059,22,FEMALE,JUNIOR_HIGH_SCHOOL,MODULAR,0,,1,8345.36,OFW (Overseas Filipino Worker)
ALS_04732,17,FEMALE,JUNIOR_HIGH_SCHOOL,FACE_TO_FACE,0,,1,10303.6,Informal / Contractual Worker
ALS_02246,24,FEMALE,JUNIOR_HIGH_SCHOOL,MODULAR,1,,1,8824.6,Informal / Contractual Worker
ALS_00516,27,MALE,JUNIOR_HIGH_SCHOOL,MODULAR,0,1.64,0,8939.72,Informal / Contractual Worker
ALS_06047,25,FEMALE,JUNIOR_HIGH_SCHOOL,FACE_TO_FACE,0,,1,5998.02,Formal Employment
ALS_02030,25,MALE,JUNIOR_HIGH_SCHOOL,MODULAR,1,,1,8110.39,Informal / Contractual Worker
ALS_06117,16,MALE,JUNIOR_HIGH_SCHOOL,MODULAR,0,,1,8018.92,Formal Employment
ALS_01824,15,MALE,JUNIOR_HIGH_SCHOOL,FACE_TO_FACE,1,,1,5638.56,OFW (Overseas Filipino Worker)
ALS_02399,22,FEMALE,ELEMENTARY,MODULAR,0,,1,8531.1,Informal / Contractual Worker
ALS_06006,17,FEMALE,JUNIOR_HIGH_SCHOOL,FACE_TO_FACE,0,,1,7465.02,Formal Employment
ALS_00297,17,MALE,JUNIOR_HIGH_SCHOOL,FACE_TO_FACE,0,0,0,5955.45,Self-Employed / Business Owner
ALS_03285,32,FEMALE,JUNIOR_HIGH_SCHOOL,MODULAR,1,,1,9128.13,Informal / Contractual Worker
ALS_06430,20,MALE,JUNIOR_HIGH_SCHOOL,MODULAR,0,,1,7595.63,Formal Employment
ALS_06300,13,MALE,JUNIOR_HIGH_SCHOOL,FACE_TO_FACE,0,,1,7513.75,Retired / Pensioner
ALS_04638,18,MALE,JUNIOR_HIGH_SCHOOL,FACE_TO_FACE,1,,1,3069.32,Informal / Contractual Worker
ALS_03785,36,FEMALE,JUNIOR_HIGH_SCHOOL,FACE_TO_FACE,1,,0,6943.22,Other
ALS_02841,27,FEMALE,JUNIOR_HIGH_SCHOOL,FACE_TO_FACE,0,,1,24354.23,Unemployed / No Income
ALS_05954,31,FEMALE,JUNIOR_HIGH_SCHOOL,FACE_TO_FACE,0,,1,10813.52,Informal / Contractual Worker
ALS_01918,21,FEMALE,JUNIOR_HIGH_SCHOOL,MODULAR,0,,1,9388.5,Formal Employment
ALS_04895,15,MALE,JUNIOR_HIGH_SCHOOL,FACE_TO_FACE,0,,1,18168.25,Informal / Contractual Worker
ALS_01266,14,FEMALE,ELEMENTARY,FACE_TO_FACE,0,,0,16519.68,Unemployed / No Income
ALS_01859,22,MALE,JUNIOR_HIGH_SCHOOL,FACE_TO_FACE,1,,1,12413.41,Formal Employment
ALS_01455,31,FEMALE,JUNIOR_HIGH_SCHOOL,BLENDED,0,50.23,0,23766.26,Formal Employment
ALS_06443,16,MALE,JUNIOR_HIGH_SCHOOL,FACE_TO_FACE,0,,1,9595.01,Formal Employment
ALS_04515,33,FEMALE,JUNIOR_HIGH_SCHOOL,FACE_TO_FACE,0,,1,10492.71,Unemployed / No Income
ALS_04082,23,MALE,ELEMENTARY,FACE_TO_FACE,0,,1,17350.47,Informal / Contractual Worker
ALS_04254,24,MALE,JUNIOR_HIGH_SCHOOL,BLENDED,0,,1,8627.16,Formal Employment
ALS_04011,20,MALE,JUNIOR_HIGH_SCHOOL,FACE_TO_FACE,0,,1,3870.31,Unemployed / No Income
ALS_02445,30,FEMALE,JUNIOR_HIGH_SCHOOL,MODULAR,1,,0,12144.81,Unemployed / No Income
ALS_05638,30,FEMALE,JUNIOR_HIGH_SCHOOL,MODULAR,0,,1,3573.26,Self-Employed / Business Owner
ALS_03179,33,FEMALE,JUNIOR_HIGH_SCHOOL,MODULAR,0,,0,15979.05,Informal / Contractual Worker
ALS_01904,17,MALE,BLP,MODULAR,1,,1,15070.72,Informal / Contractual Worker
ALS_03833,20,FEMALE,JUNIOR_HIGH_SCHOOL,BLENDED,0,0,0,16976.48,Informal / Contractual Worker
ALS_04962,50,FEMALE,JUNIOR_HIGH_SCHOOL,FACE_TO_FACE,0,,0,5915.78,Self-Employed / Business Owner
ALS_03904,23,MALE,JUNIOR_HIGH_SCHOOL,MODULAR,1,,0,4709.36,Formal Employment
ALS_06606,36,MALE,JUNIOR_HIGH_SCHOOL,MODULAR,0,,1,6861.16,Formal Employment
ALS_02252,34,MALE,JUNIOR_HIGH_SCHOOL,FACE_TO_FACE,0,,1,9899.13,Unemployed / No Income
ALS_03599,30,FEMALE,JUNIOR_HIGH_SCHOOL,MODULAR,0,,1,7255.01,Other
ALS_03172,37,MALE,JUNIOR_HIGH_SCHOOL,MODULAR,0,,0,10688.62,Self-Employed / Business Owner
ALS_03245,27,MALE,JUNIOR_HIGH_SCHOOL,MODULAR,0,,1,9461.13,Other
ALS_02613,38,MALE,JUNIOR_HIGH_SCHOOL,MODULAR,1,,0,4667.88,Formal Employment
ALS_03688,21,MALE,JUNIOR_HIGH_SCHOOL,MODULAR,1,,1,4969.48,Formal Employment
ALS_04823,20,FEMALE,JUNIOR_HIGH_SCHOOL,FACE_TO_FACE,0,,0,9675.78,Formal Employment
ALS_03199,15,FEMALE,JUNIOR_HIGH_SCHOOL,MODULAR,0,,1,9562.83,Informal / Contractual Worker
ALS_05130,30,FEMALE,JUNIOR_HIGH_SCHOOL,FACE_TO_FACE,0,,1,2441.99,Self-Employed / Business Owner
ALS_00602,17,FEMALE,JUNIOR_HIGH_SCHOOL,FACE_TO_FACE,0,0,0,5624,Informal / Contractual Worker
ALS_00100,28,FEMALE,JUNIOR_HIGH_SCHOOL,MODULAR,0,0,0,8260.03,Formal Employment
ALS_05004,40,MALE,JUNIOR_HIGH_SCHOOL,MODULAR,1,,1,6595.78,Informal / Contractual Worker
ALS_04567,52,FEMALE,JUNIOR_HIGH_SCHOOL,FACE_TO_FACE,0,,1,3850.8,Formal Employment
ALS_00059,31,MALE,JUNIOR_HIGH_SCHOOL,BLENDED,0,3.8,0,7800.68,Retired / Pensioner
ALS_03523,27,MALE,JUNIOR_HIGH_SCHOOL,MODULAR,0,,1,7568.36,Informal / Contractual Worker
ALS_03260,41,FEMALE,JUNIOR_HIGH_SCHOOL,MODULAR,0,,0,13821.75,Formal Employment
ALS_04774,17,MALE,JUNIOR_HIGH_SCHOOL,FACE_TO_FACE,0,,1,7910.81,Formal Employment
ALS_03434,17,FEMALE,JUNIOR_HIGH_SCHOOL,MODULAR,0,,1,6987.23,Retired / Pensioner
ALS_06454,41,FEMALE,JUNIOR_HIGH_SCHOOL,MODULAR,0,,1,8119.24,Informal / Contractual Worker
ALS_00691,15,MALE,JUNIOR_HIGH_SCHOOL,FACE_TO_FACE,0,2.19,0,8174.22,Other
ALS_02291,37,MALE,JUNIOR_HIGH_SCHOOL,MODULAR,0,,1,3132.55,Formal Employment
ALS_05655,16,FEMALE,JUNIOR_HIGH_SCHOOL,BLENDED,0,,0,6525.75,Self-Employed / Business Owner
ALS_00121,26,FEMALE,JUNIOR_HIGH_SCHOOL,FACE_TO_FACE,0,0.05,1,4399.68,Informal / Contractual Worker
ALS_04130,44,FEMALE,JUNIOR_HIGH_SCHOOL,MODULAR,1,,0,11180.9,Retired / Pensioner
ALS_05739,13,FEMALE,ELEMENTARY,FACE_TO_FACE,0,,1,6754.06,Retired / Pensioner
ALS_04490,16,MALE,JUNIOR_HIGH_SCHOOL,FACE_TO_FACE,0,0.42,0,41574.11,Self-Employed / Business Owner
ALS_04580,28,MALE,JUNIOR_HIGH_SCHOOL,FACE_TO_FACE,0,,1,9090.29,Other
ALS_06710,17,MALE,JUNIOR_HIGH_SCHOOL,FACE_TO_FACE,0,,1,8534.54,Informal / Contractual Worker
ALS_06354,26,FEMALE,BLP,FACE_TO_FACE,0,,1,3196.68,Self-Employed / Business Owner
ALS_00158,30,MALE,JUNIOR_HIGH_SCHOOL,FACE_TO_FACE,0,0,0,13653.47,OFW (Overseas Filipino Worker)
ALS_00673,15,FEMALE,JUNIOR_HIGH_SCHOOL,FACE_TO_FACE,0,1.71,0,4558.66,Formal Employment
ALS_03678,21,FEMALE,JUNIOR_HIGH_SCHOOL,FACE_TO_FACE,0,,0,11396.84,Formal Employment
ALS_00063,29,MALE,JUNIOR_HIGH_SCHOOL,BLENDED,0,0,0,34786.82,Informal / Contractual Worker
ALS_06932,26,MALE,JUNIOR_HIGH_SCHOOL,MODULAR,1,0.42,1,14307.63,Informal / Contractual Worker
ALS_02829,21,MALE,JUNIOR_HIGH_SCHOOL,FACE_TO_FACE,0,0.28,1,7070.96,Informal / Contractual Worker
ALS_02621,23,MALE,JUNIOR_HIGH_SCHOOL,MODULAR,0,,0,11803.06,OFW (Overseas Filipino Worker)
ALS_06432,16,MALE,JUNIOR_HIGH_SCHOOL,FACE_TO_FACE,0,,1,16723.25,Self-Employed / Business Owner
ALS_05094,15,FEMALE,JUNIOR_HIGH_SCHOOL,FACE_TO_FACE,0,,1,10474.3,Self-Employed / Business Owner
ALS_06251,17,MALE,JUNIOR_HIGH_SCHOOL,FACE_TO_FACE,0,,0,19463.57,Informal / Contractual Worker
ALS_02358,22,FEMALE,JUNIOR_HIGH_SCHOOL,FACE_TO_FACE,0,,1,13282.23,Other
ALS_00825,28,FEMALE,JUNIOR_HIGH_SCHOOL,BLENDED,0,0,0,18025.66,OFW (Overseas Filipino Worker)
ALS_05530,38,MALE,JUNIOR_HIGH_SCHOOL,MODULAR,0,,0,18671.78,OFW (Overseas Filipino Worker)
ALS_06045,31,FEMALE,JUNIOR_HIGH_SCHOOL,MODULAR,0,,1,9714.47,Informal / Contractual Worker
ALS_03068,25,MALE,JUNIOR_HIGH_SCHOOL,FACE_TO_FACE,1,,1,5920.59,Informal / Contractual Worker
ALS_02727,19,FEMALE,JUNIOR_HIGH_SCHOOL,BLENDED,0,,1,6539.02,Formal Employment
ALS_04113,36,MALE,JUNIOR_HIGH_SCHOOL,FACE_TO_FACE,0,,0,17550.85,Self-Employed / Business Owner
ALS_00822,26,FEMALE,JUNIOR_HIGH_SCHOOL,BLENDED,0,0,0,12421.6,Informal / Contractual Worker
ALS_06925,18,FEMALE,JUNIOR_HIGH_SCHOOL,BLENDED,1,,0,10067.4,Retired / Pensioner
ALS_03682,21,MALE,JUNIOR_HIGH_SCHOOL,MODULAR,1,,1,11494.45,Informal / Contractual Worker
ALS_05659,20,MALE,JUNIOR_HIGH_SCHOOL,BLENDED,0,,1,6227.63,Other
ALS_01461,17,MALE,JUNIOR_HIGH_SCHOOL,FACE_TO_FACE,0,,1,2884.02,Self-Employed / Business Owner
ALS_04573,31,FEMALE,JUNIOR_HIGH_SCHOOL,MODULAR,0,,1,7426.53,Informal / Contractual Worker
ALS_05810,20,MALE,JUNIOR_HIGH_SCHOOL,FACE_TO_FACE,0,,0,9649.42,Formal Employment
ALS_04213,17,MALE,JUNIOR_HIGH_SCHOOL,BLENDED,0,,0,11546.32,Formal Employment
ALS_04335,41,MALE,JUNIOR_HIGH_SCHOOL,MODULAR,0,,1,8377.59,Formal Employment
ALS_02241,27,FEMALE,JUNIOR_HIGH_SCHOOL,FACE_TO_FACE,1,,0,13255.47,Self-Employed / Business Owner
ALS_05650,27,FEMALE,JUNIOR_HIGH_SCHOOL,MODULAR,0,,0,6160.71,Unemployed / No Income
ALS_03830,15,MALE,JUNIOR_HIGH_SCHOOL,MODULAR,0,,1,9295.25,Unemployed / No Income
ALS_04549,16,MALE,BLP,FACE_TO_FACE,0,,1,10519.47,Formal Employment
ALS_01004,26,FEMALE,JUNIOR_HIGH_SCHOOL,FACE_TO_FACE,0,0,0,9641.13,Formal Employment
ALS_06135,26,MALE,ELEMENTARY,FACE_TO_FACE,0,,1,20138.12,Retired / Pensioner
ALS_00541,16,MALE,JUNIOR_HIGH_SCHOOL,FACE_TO_FACE,0,2.54,0,10740.18,Formal Employment
ALS_02710,33,FEMALE,ELEMENTARY,MODULAR,0,,1,3515.23,Self-Employed / Business Owner
ALS_05117,16,FEMALE,JUNIOR_HIGH_SCHOOL,FACE_TO_FACE,0,,0,11482.01,Informal / Contractual Worker
ALS_04671,15,MALE,JUNIOR_HIGH_SCHOOL,FACE_TO_FACE,1,,1,17926.49,Formal Employment
ALS_02132,25,MALE,JUNIOR_HIGH_SCHOOL,FACE_TO_FACE,1,,1,10607.59,Other
ALS_04850,24,MALE,ELEMENTARY,FACE_TO_FACE,0,,1,7374.6,Formal Employment
ALS_00675,18,MALE,JUNIOR_HIGH_SCHOOL,FACE_TO_FACE,0,0.56,1,3772.65,Self-Employed / Business Owner
ALS_06156,25,FEMALE,JUNIOR_HIGH_SCHOOL,FACE_TO_FACE,0,,1,7678.26,Retired / Pensioner
ALS_04682,21,FEMALE,ELEMENTARY,MODULAR,0,,1,9987.51,Unemployed / No Income
ALS_02910,22,MALE,JUNIOR_HIGH_SCHOOL,FACE_TO_FACE,0,,1,7246.75,Self-Employed / Business Owner
ALS_02017,43,FEMALE,JUNIOR_HIGH_SCHOOL,FACE_TO_FACE,0,,1,5861.79,Formal Employment
ALS_02946,16,MALE,ELEMENTARY,MODULAR,0,,1,5477.37,Retired / Pensioner
ALS_04171,16,MALE,JUNIOR_HIGH_SCHOOL,BLENDED,0,,1,4967.73,OFW (Overseas Filipino Worker)
ALS_04587,22,MALE,JUNIOR_HIGH_SCHOOL,FACE_TO_FACE,0,,1,10173.13,Retired / Pensioner
ALS_05990,23,FEMALE,JUNIOR_HIGH_SCHOOL,FACE_TO_FACE,0,,0,9515.16,OFW (Overseas Filipino Worker)
ALS_01951,34,FEMALE,JUNIOR_HIGH_SCHOOL,MODULAR,0,,1,9822.98,Unemployed / No Income
ALS_00800,25,FEMALE,JUNIOR_HIGH_SCHOOL,BLENDED,0,1.21,0,15723.02,Formal Employment
ALS_03771,24,MALE,JUNIOR_HIGH_SCHOOL,FACE_TO_FACE,0,,0,10437.96,Unemployed / No Income
ALS_05176,28,FEMALE,JUNIOR_HIGH_SCHOOL,BLENDED,0,,1,11908.94,Unemployed / No Income
ALS_04427,26,FEMALE,JUNIOR_HIGH_SCHOOL,MODULAR,1,,1,5005.98,Self-Employed / Business Owner
ALS_05254,15,MALE,JUNIOR_HIGH_SCHOOL,FACE_TO_FACE,1,,0,9237.74,Informal / Contractual Worker
ALS_03591,19,MALE,JUNIOR_HIGH_SCHOOL,FACE_TO_FACE,0,,0,6269.25,Other
ALS_02773,16,MALE,ELEMENTARY,FACE_TO_FACE,0,,1,14379.11,Unemployed / No Income
ALS_03962,21,MALE,JUNIOR_HIGH_SCHOOL,FACE_TO_FACE,0,,1,25493.94,OFW (Overseas Filipino Worker)
ALS_05172,16,MALE,JUNIOR_HIGH_SCHOOL,FACE_TO_FACE,0,,0,7709.21,Informal / Contractual Worker
ALS_01980,41,FEMALE,JUNIOR_HIGH_SCHOOL,FACE_TO_FACE,1,,1,7746.88,Unemployed / No Income
ALS_02806,18,MALE,JUNIOR_HIGH_SCHOOL,FACE_TO_FACE,0,0.28,1,13067.82,Informal / Contractual Worker
ALS_03886,22,MALE,JUNIOR_HIGH_SCHOOL,MODULAR,0,,1,3805.09,Self-Employed / Business Owner
ALS_04529,21,MALE,JUNIOR_HIGH_SCHOOL,MODULAR,0,,1,24205.16,OFW (Overseas Filipino Worker)
ALS_02779,29,MALE,JUNIOR_HIGH_SCHOOL,FACE_TO_FACE,0,,1,10085.03,Informal / Contractual Worker
ALS_00869,22,FEMALE,JUNIOR_HIGH_SCHOOL,MODULAR,0,0,0,12128.65,Formal Employment
ALS_05092,22,FEMALE,JUNIOR_HIGH_SCHOOL,BLENDED,0,,1,13642.56,Other
ALS_05581,25,FEMALE,JUNIOR_HIGH_SCHOOL,MODULAR,0,,1,8530.51,Formal Employment
ALS_03873,34,MALE,JUNIOR_HIGH_SCHOOL,MODULAR,0,,1,3338.9,Other
ALS_06481,49,FEMALE,JUNIOR_HIGH_SCHOOL,FACE_TO_FACE,0,,0,11540.63,Informal / Contractual Worker
ALS_03592,21,MALE,JUNIOR_HIGH_SCHOOL,MODULAR,0,,1,9427.38,Informal / Contractual Worker
ALS_03377,35,FEMALE,JUNIOR_HIGH_SCHOOL,FACE_TO_FACE,0,,1,7340.09,Informal / Contractual Worker
ALS_04142,16,FEMALE,ELEMENTARY,MODULAR,0,,0,4370.28,Unemployed / No Income
ALS_03146,24,MALE,JUNIOR_HIGH_SCHOOL,MODULAR,0,,1,11680.81,Informal / Contractual Worker
ALS_04252,32,MALE,JUNIOR_HIGH_SCHOOL,FACE_TO_FACE,0,,1,4845.57,Self-Employed / Business Owner
ALS_05474,28,FEMALE,JUNIOR_HIGH_SCHOOL,FACE_TO_FACE,0,,1,2000,Unemployed / No Income
ALS_05545,14,MALE,JUNIOR_HIGH_SCHOOL,FACE_TO_FACE,0,,1,7099.09,Informal / Contractual Worker
ALS_00387,23,FEMALE,JUNIOR_HIGH_SCHOOL,FACE_TO_FACE,0,1.64,0,16579.74,OFW (Overseas Filipino Worker)
ALS_05079,15,MALE,JUNIOR_HIGH_SCHOOL,MODULAR,0,,0,7973.08,Self-Employed / Business Owner
ALS_02177,26,FEMALE,JUNIOR_HIGH_SCHOOL,FACE_TO_FACE,1,,1,6222.09,OFW (Overseas Filipino Worker)
ALS_02781,20,MALE,JUNIOR_HIGH_SCHOOL,FACE_TO_FACE,0,,1,10601.53,Informal / Contractual Worker
ALS_04484,24,MALE,JUNIOR_HIGH_SCHOOL,MODULAR,1,,1,4786.63,Informal / Contractual Worker
ALS_01860,15,MALE,JUNIOR_HIGH_SCHOOL,FACE_TO_FACE,0,,1,6081.52,Informal / Contractual Worker
ALS_04670,24,MALE,JUNIOR_HIGH_SCHOOL,FACE_TO_FACE,0,,0,7289.09,Self-Employed / Business Owner
ALS_04260,24,FEMALE,JUNIOR_HIGH_SCHOOL,MODULAR,0,,1,6111.46,Unemployed / No Income
ALS_02778,16,MALE,JUNIOR_HIGH_SCHOOL,FACE_TO_FACE,1,,1,5091.5,Informal / Contractual Worker
ALS_03330,18,MALE,JUNIOR_HIGH_SCHOOL,MODULAR,1,,1,9737.72,Other
ALS_04272,18,MALE,JUNIOR_HIGH_SCHOOL,FACE_TO_FACE,0,,1,6393.44,Informal / Contractual Worker
ALS_02624,19,MALE,JUNIOR_HIGH_SCHOOL,MODULAR,0,,1,5748.85,Unemployed / No Income
ALS_06404,19,MALE,JUNIOR_HIGH_SCHOOL,FACE_TO_FACE,0,,0,18062.98,Other
ALS_04248,25,MALE,JUNIOR_HIGH_SCHOOL,FACE_TO_FACE,0,,1,5223.01,Unemployed / No Income
ALS_05037,15,FEMALE,JUNIOR_HIGH_SCHOOL,FACE_TO_FACE,0,,1,6315.46,Formal Employment
ALS_05603,72,MALE,JUNIOR_HIGH_SCHOOL,FACE_TO_FACE,0,,0,18462.7,Self-Employed / Business Owner
ALS_02668,11,FEMALE,ELEMENTARY,FACE_TO_FACE,1,,0,7941.57,Informal / Contractual Worker
ALS_01413,15,MALE,JUNIOR_HIGH_SCHOOL,FACE_TO_FACE,0,,1,15857.81,Informal / Contractual Worker
ALS_01752,25,MALE,ELEMENTARY,BLENDED,1,,1,6531.07,Unemployed / No Income
ALS_02072,18,MALE,ELEMENTARY,BLENDED,1,,1,5294.2,Self-Employed / Business Owner
ALS_00998,16,FEMALE,JUNIOR_HIGH_SCHOOL,FACE_TO_FACE,0,0,0,9320.5,Formal Employment
ALS_01814,19,MALE,JUNIOR_HIGH_SCHOOL,BLENDED,0,,1,7757.41,Formal Employment
ALS_01902,13,MALE,ELEMENTARY,MODULAR,1,,1,10972.97,Retired / Pensioner
ALS_01264,18,MALE,JUNIOR_HIGH_SCHOOL,BLENDED,0,,0,6305.49,Self-Employed / Business Owner
ALS_03568,32,FEMALE,JUNIOR_HIGH_SCHOOL,MODULAR,0,0.42,0,15778.48,Formal Employment
ALS_03679,19,FEMALE,JUNIOR_HIGH_SCHOOL,FACE_TO_FACE,0,,0,16433.96,Other
ALS_06733,14,MALE,ELEMENTARY,FACE_TO_FACE,0,,1,7393.22,Informal / Contractual Worker
ALS_03443,16,FEMALE,JUNIOR_HIGH_SCHOOL,MODULAR,0,,1,9059.24,Self-Employed / Business Owner
ALS_06750,34,MALE,JUNIOR_HIGH_SCHOOL,MODULAR,0,0.42,1,10104.12,Unemployed / No Income
ALS_02593,15,MALE,ELEMENTARY,FACE_TO_FACE,0,,1,10745.15,Formal Employment
ALS_01697,14,MALE,JUNIOR_HIGH_SCHOOL,FACE_TO_FACE,0,,1,8244.17,OFW (Overseas Filipino Worker)
ALS_00044,21,MALE,JUNIOR_HIGH_SCHOOL,BLENDED,0,5.16,0,8978.02,Retired / Pensioner
ALS_06487,26,MALE,JUNIOR_HIGH_SCHOOL,MODULAR,0,,1,3687.66,Unemployed / No Income
ALS_03635,17,MALE,JUNIOR_HIGH_SCHOOL,FACE_TO_FACE,0,,1,6944.45,Other
ALS_06445,16,MALE,JUNIOR_HIGH_SCHOOL,MODULAR,0,,1,5321.33,Informal / Contractual Worker
ALS_04882,12,MALE,ELEMENTARY,MODULAR,0,,1,10602.95,Unemployed / No Income
ALS_00801,31,FEMALE,JUNIOR_HIGH_SCHOOL,BLENDED,0,1.21,0,20460.63,Formal Employment
ALS_00522,25,FEMALE,JUNIOR_HIGH_SCHOOL,MODULAR,0,1.64,0,16537.11,Formal Employment
ALS_05240,16,FEMALE,JUNIOR_HIGH_SCHOOL,MODULAR,0,,1,13978.72,Formal Employment
ALS_00714,23,FEMALE,JUNIOR_HIGH_SCHOOL,MODULAR,0,0,0,10345.74,Self-Employed / Business Owner
ALS_03105,15,MALE,ELEMENTARY,FACE_TO_FACE,1,,1,6106.68,Informal / Contractual Worker
ALS_05372,15,MALE,JUNIOR_HIGH_SCHOOL,FACE_TO_FACE,0,,1,10653.12,Self-Employed / Business Owner
ALS_06012,16,FEMALE,JUNIOR_HIGH_SCHOOL,FACE_TO_FACE,0,,0,15134.21,Formal Employment
ALS_00209,29,FEMALE,JUNIOR_HIGH_SCHOOL,BLENDED,0,0.995,0,5194.72,Informal / Contractual Worker
ALS_06184,14,MALE,JUNIOR_HIGH_SCHOOL,FACE_TO_FACE,0,0.42,1,8873.75,Informal / Contractual Worker
ALS_05683,30,FEMALE,JUNIOR_HIGH_SCHOOL,FACE_TO_FACE,0,,0,9718.07,Formal Employment
ALS_01927,25,FEMALE,JUNIOR_HIGH_SCHOOL,BLENDED,0,,1,6565.28,Other
ALS_03957,16,MALE,JUNIOR_HIGH_SCHOOL,FACE_TO_FACE,1,,1,14779.17,Self-Employed / Business Owner
ALS_03533,17,MALE,JUNIOR_HIGH_SCHOOL,MODULAR,1,,1,5851.94,OFW (Overseas Filipino Worker)
ALS_04141,17,FEMALE,JUNIOR_HIGH_SCHOOL,FACE_TO_FACE,0,,0,12249.56,OFW (Overseas Filipino Worker)
ALS_04426,20,MALE,JUNIOR_HIGH_SCHOOL,MODULAR,0,,1,5228.61,Formal Employment
ALS_02532,26,MALE,JUNIOR_HIGH_SCHOOL,FACE_TO_FACE,1,,1,4765.55,Retired / Pensioner
ALS_02830,24,MALE,JUNIOR_HIGH_SCHOOL,FACE_TO_FACE,0,,1,12441.28,Unemployed / No Income
ALS_00566,32,FEMALE,JUNIOR_HIGH_SCHOOL,MODULAR,0,0,0,10886.84,Self-Employed / Business Owner
ALS_03171,26,MALE,JUNIOR_HIGH_SCHOOL,MODULAR,0,,0,27514.74,Self-Employed / Business Owner
ALS_05490,24,MALE,ELEMENTARY,FACE_TO_FACE,1,0,1,5071.85,Informal / Contractual Worker
ALS_03546,21,MALE,ELEMENTARY,MODULAR,1,,1,5039.71,Informal / Contractual Worker
ALS_03335,18,MALE,JUNIOR_HIGH_SCHOOL,MODULAR,1,,1,12542.32,Self-Employed / Business Owner
ALS_03256,16,FEMALE,JUNIOR_HIGH_SCHOOL,FACE_TO_FACE,0,,0,12578.44,Informal / Contractual Worker
ALS_02579,33,FEMALE,JUNIOR_HIGH_SCHOOL,FACE_TO_FACE,0,,1,8754.02,Informal / Contractual Worker
ALS_05263,20,MALE,JUNIOR_HIGH_SCHOOL,FACE_TO_FACE,0,,0,12899.03,OFW (Overseas Filipino Worker)
ALS_00129,20,FEMALE,JUNIOR_HIGH_SCHOOL,FACE_TO_FACE,0,0,0,6017.36,Informal / Contractual Worker
ALS_02701,28,FEMALE,JUNIOR_HIGH_SCHOOL,MODULAR,0,,1,6790.92,Informal / Contractual Worker
ALS_04896,23,MALE,JUNIOR_HIGH_SCHOOL,MODULAR,0,,1,4798.13,Formal Employment
ALS_05348,31,FEMALE,JUNIOR_HIGH_SCHOOL,MODULAR,0,,1,8247.21,Unemployed / No Income
ALS_06080,16,MALE,JUNIOR_HIGH_SCHOOL,FACE_TO_FACE,0,,1,4320.5,Informal / Contractual Worker
ALS_05634,27,FEMALE,JUNIOR_HIGH_SCHOOL,MODULAR,0,,1,8084.2,Formal Employment
ALS_00920,15,MALE,JUNIOR_HIGH_SCHOOL,FACE_TO_FACE,0,1.21,0,10053.04,Informal / Contractual Worker
ALS_05476,59,FEMALE,JUNIOR_HIGH_SCHOOL,FACE_TO_FACE,1,,0,7687.99,Self-Employed / Business Owner
ALS_05991,21,FEMALE,JUNIOR_HIGH_SCHOOL,FACE_TO_FACE,0,,0,31474.87,Self-Employed / Business Owner
ALS_04683,29,FEMALE,JUNIOR_HIGH_SCHOOL,MODULAR,0,,1,7888.81,Self-Employed / Business Owner
ALS_01746,38,FEMALE,JUNIOR_HIGH_SCHOOL,MODULAR,0,,1,7077.38,Unemployed / No Income
ALS_06401,29,MALE,JUNIOR_HIGH_SCHOOL,FACE_TO_FACE,0,,0,9072.17,Informal / Contractual Worker
ALS_02451,21,MALE,JUNIOR_HIGH_SCHOOL,MODULAR,0,,1,8061.34,Self-Employed / Business Owner
ALS_03045,13,MALE,ELEMENTARY,BLENDED,0,,1,9949.86,Informal / Contractual Worker
ALS_06175,16,MALE,JUNIOR_HIGH_SCHOOL,MODULAR,0,0.42,0,11540.02,OFW (Overseas Filipino Worker)
ALS_00975,24,FEMALE,JUNIOR_HIGH_SCHOOL,FACE_TO_FACE,0,0,0,18903.71,Self-Employed / Business Owner
ALS_05986,16,MALE,JUNIOR_HIGH_SCHOOL,BLENDED,0,,1,2987.81,Self-Employed / Business Owner
ALS_05279,28,FEMALE,JUNIOR_HIGH_SCHOOL,FACE_TO_FACE,0,,0,14698.48,Formal Employment
ALS_06008,20,FEMALE,JUNIOR_HIGH_SCHOOL,FACE_TO_FACE,0,,0,5795.92,Informal / Contractual Worker
ALS_01662,35,MALE,JUNIOR_HIGH_SCHOOL,MODULAR,0,,0,14578.96,Informal / Contractual Worker
ALS_02804,15,MALE,JUNIOR_HIGH_SCHOOL,FACE_TO_FACE,0,,1,4354.38,Formal Employment
ALS_06029,17,MALE,BLP,FACE_TO_FACE,0,,1,10519.19,Self-Employed / Business Owner
ALS_06682,17,MALE,JUNIOR_HIGH_SCHOOL,MODULAR,0,,1,6797.21,Unemployed / No Income
ALS_00519,23,FEMALE,JUNIOR_HIGH_SCHOOL,BLENDED,0,1.64,0,15057.64,Formal Employment
ALS_03493,40,FEMALE,JUNIOR_HIGH_SCHOOL,MODULAR,0,,1,11188.88,Formal Employment
ALS_03320,17,MALE,JUNIOR_HIGH_SCHOOL,BLENDED,1,,1,17070.4,Unemployed / No Income
ALS_06579,27,FEMALE,JUNIOR_HIGH_SCHOOL,MODULAR,0,,0,10079.5,Formal Employment
ALS_04161,38,FEMALE,JUNIOR_HIGH_SCHOOL,MODULAR,0,,1,15890.43,Self-Employed / Business Owner
ALS_04369,24,MALE,JUNIOR_HIGH_SCHOOL,FACE_TO_FACE,0,,0,13479.6,Informal / Contractual Worker
ALS_06410,17,MALE,JUNIOR_HIGH_SCHOOL,FACE_TO_FACE,0,,0,11465.86,Formal Employment
ALS_00708,47,MALE,JUNIOR_HIGH_SCHOOL,BLENDED,0,2.09,0,5863.96,Informal / Contractual Worker
ALS_00028,29,FEMALE,JUNIOR_HIGH_SCHOOL,MODULAR,0,0.95,0,8488.14,Self-Employed / Business Owner
ALS_05980,24,FEMALE,JUNIOR_HIGH_SCHOOL,BLENDED,0,,1,12005.69,Unemployed / No Income
ALS_03983,48,FEMALE,JUNIOR_HIGH_SCHOOL,FACE_TO_FACE,0,,1,7725.79,Self-Employed / Business Owner
ALS_06776,26,FEMALE,JUNIOR_HIGH_SCHOOL,MODULAR,0,,1,13254.97,Other
ALS_04973,21,MALE,JUNIOR_HIGH_SCHOOL,FACE_TO_FACE,0,,1,5461.66,Unemployed / No Income
ALS_03742,22,FEMALE,JUNIOR_HIGH_SCHOOL,MODULAR,1,,1,8118.31,Unemployed / No Income
ALS_02441,33,MALE,JUNIOR_HIGH_SCHOOL,MODULAR,1,,0,11040.46,OFW (Overseas Filipino Worker)
ALS_06775,31,FEMALE,ELEMENTARY,MODULAR,0,,1,6481.93,Self-Employed / Business Owner
ALS_06406,16,MALE,JUNIOR_HIGH_SCHOOL,FACE_TO_FACE,0,,1,5836.59,Unemployed / No Income
ALS_03598,32,FEMALE,JUNIOR_HIGH_SCHOOL,MODULAR,1,,1,5105.44,Informal / Contractual Worker
ALS_06194,17,FEMALE,JUNIOR_HIGH_SCHOOL,MODULAR,0,0.42,0,8400.96,Self-Employed / Business Owner
ALS_02660,19,MALE,JUNIOR_HIGH_SCHOOL,MODULAR,0,,0,13940.74,Unemployed / No Income
ALS_03143,22,FEMALE,JUNIOR_HIGH_SCHOOL,FACE_TO_FACE,1,,1,9100.28,Informal / Contractual Worker
ALS_05667,23,FEMALE,JUNIOR_HIGH_SCHOOL,FACE_TO_FACE,0,,1,3439.46,Unemployed / No Income
ALS_03884,17,MALE,ELEMENTARY,MODULAR,1,,1,2810.48,OFW (Overseas Filipino Worker)
ALS_06761,14,MALE,JUNIOR_HIGH_SCHOOL,FACE_TO_FACE,0,,1,12098.85,Self-Employed / Business Owner
ALS_00966,43,FEMALE,JUNIOR_HIGH_SCHOOL,FACE_TO_FACE,0,3.88,0,17169.44,Informal / Contractual Worker
ALS_03681,17,MALE,JUNIOR_HIGH_SCHOOL,MODULAR,1,,1,9011.07,Formal Employment
ALS_06768,17,FEMALE,JUNIOR_HIGH_SCHOOL,MODULAR,0,,1,11084.58,Informal / Contractual Worker
ALS_05506,50,FEMALE,JUNIOR_HIGH_SCHOOL,FACE_TO_FACE,0,0,0,12370.12,Formal Employment
ALS_02049,16,MALE,JUNIOR_HIGH_SCHOOL,MODULAR,1,,1,6936.83,OFW (Overseas Filipino Worker)
ALS_01668,28,FEMALE,JUNIOR_HIGH_SCHOOL,MODULAR,0,,0,9249.22,Formal Employment
ALS_05414,24,FEMALE,JUNIOR_HIGH_SCHOOL,FACE_TO_FACE,0,,0,20196.79,Self-Employed / Business Owner
ALS_05161,27,FEMALE,JUNIOR_HIGH_SCHOOL,FACE_TO_FACE,0,,0,11636.33,Formal Employment
ALS_04097,37,MALE,JUNIOR_HIGH_SCHOOL,FACE_TO_FACE,0,,1,9305.89,Informal / Contractual Worker
ALS_02207,27,MALE,JUNIOR_HIGH_SCHOOL,FACE_TO_FACE,1,,1,5764.59,Informal / Contractual Worker
ALS_04551,41,MALE,JUNIOR_HIGH_SCHOOL,FACE_TO_FACE,0,,1,5681.29,Self-Employed / Business Owner
ALS_02250,34,MALE,JUNIOR_HIGH_SCHOOL,MODULAR,0,,1,4221.04,Informal / Contractual Worker
ALS_03095,21,FEMALE,JUNIOR_HIGH_SCHOOL,FACE_TO_FACE,1,,1,17899.13,Informal / Contractual Worker
ALS_06931,17,MALE,JUNIOR_HIGH_SCHOOL,FACE_TO_FACE,0,0.42,1,4568.95,Other
ALS_00785,22,FEMALE,JUNIOR_HIGH_SCHOOL,FACE_TO_FACE,0,0,0,12824.16,Formal Employment
ALS_06147,17,MALE,JUNIOR_HIGH_SCHOOL,FACE_TO_FACE,0,,1,16042.59,Unemployed / No Income
ALS_01411,22,MALE,JUNIOR_HIGH_SCHOOL,FACE_TO_FACE,0,,0,7757.77,Informal / Contractual Worker
ALS_03562,32,FEMALE,BLP,MODULAR,1,,1,4033.69,Unemployed / No Income
ALS_06058,15,FEMALE,JUNIOR_HIGH_SCHOOL,FACE_TO_FACE,0,,1,4694.07,Self-Employed / Business Owner
ALS_02542,36,MALE,JUNIOR_HIGH_SCHOOL,BLENDED,1,,1,13466.88,Unemployed / No Income
ALS_06107,35,FEMALE,JUNIOR_HIGH_SCHOOL,FACE_TO_FACE,0,,0,9917.52,Informal / Contractual Worker
ALS_03213,20,MALE,BLP,MODULAR,0,,1,9803.57,Unemployed / No Income
ALS_05738,34,MALE,JUNIOR_HIGH_SCHOOL,FACE_TO_FACE,0,,1,9019.26,Informal / Contractual Worker
ALS_00561,19,MALE,JUNIOR_HIGH_SCHOOL,BLENDED,0,1.5,0,17139.59,Formal Employment
ALS_02415,13,FEMALE,BLP,FACE_TO_FACE,1,,1,4637.44,Unemployed / No Income
ALS_05211,16,MALE,JUNIOR_HIGH_SCHOOL,FACE_TO_FACE,0,,1,11868.76,Formal Employment
ALS_02627,16,MALE,JUNIOR_HIGH_SCHOOL,MODULAR,0,,1,4794.81,OFW (Overseas Filipino Worker)
ALS_03016,21,MALE,JUNIOR_HIGH_SCHOOL,FACE_TO_FACE,0,,0,15285.77,Informal / Contractual Worker
ALS_03558,28,FEMALE,JUNIOR_HIGH_SCHOOL,MODULAR,0,0.42,0,10054.94,Self-Employed / Business Owner
ALS_03102,25,MALE,JUNIOR_HIGH_SCHOOL,MODULAR,1,,1,8540.21,Informal / Contractual Worker
ALS_05250,16,MALE,JUNIOR_HIGH_SCHOOL,FACE_TO_FACE,1,,0,10978.67,Informal / Contractual Worker
ALS_06630,38,FEMALE,JUNIOR_HIGH_SCHOOL,FACE_TO_FACE,0,,1,5138.24,Informal / Contractual Worker
ALS_01898,17,MALE,ELEMENTARY,FACE_TO_FACE,1,,1,15837.71,Other
ALS_00003,31,MALE,JUNIOR_HIGH_SCHOOL,FACE_TO_FACE,0,0,0,11962.58,Formal Employment
ALS_05050,14,MALE,BLP,FACE_TO_FACE,0,,1,8957.68,Other
ALS_06203,15,MALE,JUNIOR_HIGH_SCHOOL,FACE_TO_FACE,0,,1,14313.78,Unemployed / No Income
ALS_03316,33,MALE,JUNIOR_HIGH_SCHOOL,MODULAR,1,,1,6804.23,Self-Employed / Business Owner
ALS_06574,33,FEMALE,JUNIOR_HIGH_SCHOOL,FACE_TO_FACE,0,,0,7161.44,Formal Employment
ALS_04926,16,MALE,JUNIOR_HIGH_SCHOOL,MODULAR,0,,1,5158.61,Retired / Pensioner
ALS_03905,16,MALE,JUNIOR_HIGH_SCHOOL,MODULAR,0,,0,10062.84,Informal / Contractual Worker
ALS_07046,20,MALE,ELEMENTARY,FACE_TO_FACE,,0.42,1,3726.43,Formal Employment
ALS_06513,43,FEMALE,JUNIOR_HIGH_SCHOOL,FACE_TO_FACE,0,,0,8688.85,Formal Employment
ALS_04194,18,MALE,JUNIOR_HIGH_SCHOOL,FACE_TO_FACE,0,,0,5862.93,Self-Employed / Business Owner
ALS_04743,37,FEMALE,JUNIOR_HIGH_SCHOOL,FACE_TO_FACE,1,,0,11713.27,Formal Employment
ALS_01789,17,MALE,JUNIOR_HIGH_SCHOOL,FACE_TO_FACE,0,,1,8329.37,Retired / Pensioner
ALS_01131,15,FEMALE,JUNIOR_HIGH_SCHOOL,MODULAR,0,,0,10252.65,Formal Employment
ALS_00720,22,MALE,JUNIOR_HIGH_SCHOOL,MODULAR,0,0,0,5660.61,OFW (Overseas Filipino Worker)
ALS_00449,19,FEMALE,JUNIOR_HIGH_SCHOOL,MODULAR,0,4.63,0,7648.36,Formal Employment
ALS_04744,23,FEMALE,JUNIOR_HIGH_SCHOOL,FACE_TO_FACE,0,,0,10517.65,Unemployed / No Income
ALS_06617,15,FEMALE,JUNIOR_HIGH_SCHOOL,FACE_TO_FACE,0,,1,13273.27,Other
ALS_06318,16,MALE,JUNIOR_HIGH_SCHOOL,FACE_TO_FACE,0,,1,9576.15,Retired / Pensioner
ALS_01977,17,FEMALE,JUNIOR_HIGH_SCHOOL,BLENDED,1,,1,5160.85,Retired / Pensioner
ALS_00291,28,MALE,JUNIOR_HIGH_SCHOOL,FACE_TO_FACE,0,8.96,0,2978.06,Formal Employment
ALS_06576,29,FEMALE,JUNIOR_HIGH_SCHOOL,FACE_TO_FACE,0,,0,11882.26,Retired / Pensioner
ALS_06514,43,FEMALE,JUNIOR_HIGH_SCHOOL,MODULAR,0,,0,12332.9,Formal Employment
ALS_02331,32,MALE,JUNIOR_HIGH_SCHOOL,FACE_TO_FACE,0,,1,5876.38,Self-Employed / Business Owner
ALS_01388,37,FEMALE,JUNIOR_HIGH_SCHOOL,MODULAR,0,,1,5878.18,Informal / Contractual Worker
ALS_00787,14,FEMALE,ELEMENTARY,BLENDED,0,0.59,0,14647.2,Unemployed / No Income
ALS_06374,18,MALE,JUNIOR_HIGH_SCHOOL,FACE_TO_FACE,0,,1,7238.37,Unemployed / No Income
ALS_00032,15,FEMALE,JUNIOR_HIGH_SCHOOL,BLENDED,0,1.89,0,8367.62,Self-Employed / Business Owner
ALS_05857,18,MALE,ELEMENTARY,FACE_TO_FACE,0,,0,5766.18,Formal Employment
ALS_02025,13,MALE,ELEMENTARY,BLENDED,0,,1,10374.3,Formal Employment
ALS_06363,16,MALE,JUNIOR_HIGH_SCHOOL,FACE_TO_FACE,0,,0,14511.97,Informal / Contractual Worker
ALS_02522,18,FEMALE,JUNIOR_HIGH_SCHOOL,BLENDED,1,,1,7867.39,Informal / Contractual Worker
ALS_00030,23,FEMALE,JUNIOR_HIGH_SCHOOL,MODULAR,0,0.26,0,5891.46,Self-Employed / Business Owner
ALS_04425,24,MALE,BLP,FACE_TO_FACE,0,,1,10462.23,Informal / Contractual Worker
ALS_04339,15,FEMALE,JUNIOR_HIGH_SCHOOL,FACE_TO_FACE,1,,1,9147.66,Self-Employed / Business Owner
ALS_05889,17,FEMALE,JUNIOR_HIGH_SCHOOL,BLENDED,0,,1,4432.85,Retired / Pensioner
ALS_00324,18,FEMALE,JUNIOR_HIGH_SCHOOL,FACE_TO_FACE,0,0,0,13952.67,Self-Employed / Business Owner
ALS_06473,14,MALE,JUNIOR_HIGH_SCHOOL,FACE_TO_FACE,0,,0,8070.2,OFW (Overseas Filipino Worker)
ALS_05652,27,FEMALE,JUNIOR_HIGH_SCHOOL,MODULAR,0,,0,6936.29,Formal Employment
ALS_03091,15,MALE,JUNIOR_HIGH_SCHOOL,FACE_TO_FACE,0,,1,7692.5,Informal / Contractual Worker
ALS_05318,15,MALE,JUNIOR_HIGH_SCHOOL,FACE_TO_FACE,0,,1,4465.85,OFW (Overseas Filipino Worker)
ALS_02054,15,MALE,JUNIOR_HIGH_SCHOOL,BLENDED,1,,1,7700.9,Formal Employment
ALS_04517,27,FEMALE,JUNIOR_HIGH_SCHOOL,FACE_TO_FACE,0,,1,9120.29,Other
ALS_00737,16,FEMALE,JUNIOR_HIGH_SCHOOL,BLENDED,0,1.39,0,12487.1,Retired / Pensioner
ALS_00027,18,MALE,JUNIOR_HIGH_SCHOOL,MODULAR,0,0.95,0,18124.32,Formal Employment
ALS_00896,16,MALE,JUNIOR_HIGH_SCHOOL,BLENDED,0,0,0,10192.19,Self-Employed / Business Owner
ALS_00011,18,FEMALE,JUNIOR_HIGH_SCHOOL,MODULAR,0,1.7,0,9792.94,OFW (Overseas Filipino Worker)
ALS_06777,28,FEMALE,JUNIOR_HIGH_SCHOOL,MODULAR,0,,1,4989.14,Formal Employment
ALS_02607,24,FEMALE,JUNIOR_HIGH_SCHOOL,FACE_TO_FACE,0,,1,3812.88,OFW (Overseas Filipino Worker)
ALS_05664,16,MALE,JUNIOR_HIGH_SCHOOL,BLENDED,0,,0,5116.2,Other
ALS_02224,22,MALE,JUNIOR_HIGH_SCHOOL,FACE_TO_FACE,0,,1,8161.87,Informal / Contractual Worker
ALS_05920,18,MALE,JUNIOR_HIGH_SCHOOL,FACE_TO_FACE,0,,1,6927.14,Unemployed / No Income
ALS_06218,17,MALE,ELEMENTARY,FACE_TO_FACE,0,,1,13100.96,Informal / Contractual Worker
ALS_05041,15,MALE,JUNIOR_HIGH_SCHOOL,FACE_TO_FACE,0,,0,15899.51,Self-Employed / Business Owner
ALS_06779,12,FEMALE,ELEMENTARY,FACE_TO_FACE,0,,1,5308.61,Self-Employed / Business Owner
ALS_01647,24,FEMALE,JUNIOR_HIGH_SCHOOL,FACE_TO_FACE,0,,0,11302.59,Retired / Pensioner
ALS_02895,24,MALE,JUNIOR_HIGH_SCHOOL,MODULAR,0,,1,16568.96,Informal / Contractual Worker
ALS_04766,33,FEMALE,BLP,FACE_TO_FACE,0,,0,9679.27,Informal / Contractual Worker
ALS_04618,21,MALE,JUNIOR_HIGH_SCHOOL,FACE_TO_FACE,0,,1,10187.9,Formal Employment
ALS_03254,35,FEMALE,JUNIOR_HIGH_SCHOOL,FACE_TO_FACE,0,,0,19707.81,Informal / Contractual Worker
ALS_05358,16,MALE,JUNIOR_HIGH_SCHOOL,FACE_TO_FACE,1,,0,5402.72,Formal Employment
ALS_05485,16,MALE,JUNIOR_HIGH_SCHOOL,FACE_TO_FACE,0,0,0,8716.07,Self-Employed / Business Owner
ALS_05605,20,MALE,JUNIOR_HIGH_SCHOOL,MODULAR,0,,1,3473.93,Informal / Contractual Worker
ALS_05224,18,FEMALE,JUNIOR_HIGH_SCHOOL,FACE_TO_FACE,0,,0,10961.92,Formal Employment
ALS_05266,29,MALE,JUNIOR_HIGH_SCHOOL,FACE_TO_FACE,0,,0,9575.89,Self-Employed / Business Owner
ALS_02318,19,MALE,ELEMENTARY,MODULAR,0,,1,5260.86,Other
ALS_03866,32,MALE,JUNIOR_HIGH_SCHOOL,MODULAR,0,,1,7460.44,Unemployed / No Income
ALS_06039,15,MALE,JUNIOR_HIGH_SCHOOL,FACE_TO_FACE,0,,1,6928.8,Unemployed / No Income
ALS_02396,20,MALE,JUNIOR_HIGH_SCHOOL,MODULAR,0,,0,3653.88,Informal / Contractual Worker
ALS_06181,17,MALE,JUNIOR_HIGH_SCHOOL,FACE_TO_FACE,0,0.42,1,4728.09,Unemployed / No Income
ALS_06685,16,MALE,JUNIOR_HIGH_SCHOOL,FACE_TO_FACE,0,,0,12800.01,Self-Employed / Business Owner
ALS_06002,22,MALE,ELEMENTARY,FACE_TO_FACE,0,,0,10788.92,Informal / Contractual Worker
ALS_01111,34,MALE,JUNIOR_HIGH_SCHOOL,MODULAR,0,,0,17237.53,Formal Employment
ALS_00271,15,FEMALE,JUNIOR_HIGH_SCHOOL,FACE_TO_FACE,0,0,0,27390.18,Other
ALS_04399,32,FEMALE,ELEMENTARY,MODULAR,0,,1,2980.4,Informal / Contractual Worker
ALS_06292,32,FEMALE,JUNIOR_HIGH_SCHOOL,BLENDED,0,,1,6302.74,Self-Employed / Business Owner
ALS_05519,17,MALE,JUNIOR_HIGH_SCHOOL,MODULAR,0,,1,6572.59,Self-Employed / Business Owner
ALS_01525,40,FEMALE,JUNIOR_HIGH_SCHOOL,MODULAR,0,0.42,1,9777.45,Informal / Contractual Worker
ALS_01976,55,FEMALE,ELEMENTARY,MODULAR,1,,1,8080.14,Unemployed / No Income
ALS_02340,26,MALE,JUNIOR_HIGH_SCHOOL,FACE_TO_FACE,0,,1,4306.38,Unemployed / No Income
ALS_01705,29,MALE,JUNIOR_HIGH_SCHOOL,BLENDED,1,,1,10805.36,Informal / Contractual Worker
ALS_05056,24,MALE,JUNIOR_HIGH_SCHOOL,MODULAR,0,,1,5471.62,Formal Employment
ALS_00699,16,FEMALE,ELEMENTARY,FACE_TO_FACE,1,0.6,0,10051.21,Informal / Contractual Worker
ALS_01796,19,MALE,JUNIOR_HIGH_SCHOOL,FACE_TO_FACE,1,,1,11817.86,Unemployed / No Income
ALS_05619,39,FEMALE,JUNIOR_HIGH_SCHOOL,FACE_TO_FACE,0,,1,5820.93,Informal / Contractual Worker
ALS_03943,26,FEMALE,JUNIOR_HIGH_SCHOOL,FACE_TO_FACE,0,,1,5592.95,Informal / Contractual Worker
ALS_04701,38,MALE,JUNIOR_HIGH_SCHOOL,BLENDED,0,,0,13004.01,Formal Employment
ALS_05743,23,MALE,JUNIOR_HIGH_SCHOOL,FACE_TO_FACE,0,,1,7318.91,Formal Employment
ALS_00299,24,FEMALE,JUNIOR_HIGH_SCHOOL,FACE_TO_FACE,1,0,1,10767.4,Self-Employed / Business Owner
ALS_00679,17,FEMALE,JUNIOR_HIGH_SCHOOL,FACE_TO_FACE,0,2.76,0,12257.3,Other
ALS_00440,21,MALE,JUNIOR_HIGH_SCHOOL,FACE_TO_FACE,0,2.06,0,11806.48,Self-Employed / Business Owner
ALS_03096,29,FEMALE,JUNIOR_HIGH_SCHOOL,MODULAR,1,,1,8362.41,Informal / Contractual Worker
ALS_06121,16,MALE,JUNIOR_HIGH_SCHOOL,FACE_TO_FACE,0,,1,3852.71,Informal / Contractual Worker
ALS_00761,30,FEMALE,ELEMENTARY,BLENDED,1,0,0,10278,Unemployed / No Income
ALS_05022,26,MALE,JUNIOR_HIGH_SCHOOL,MODULAR,0,,1,11901.59,Informal / Contractual Worker
ALS_01937,43,FEMALE,JUNIOR_HIGH_SCHOOL,MODULAR,0,,1,5266.95,Formal Employment
ALS_04203,27,FEMALE,JUNIOR_HIGH_SCHOOL,BLENDED,0,,0,13016.32,Formal Employment
ALS_01107,17,FEMALE,JUNIOR_HIGH_SCHOOL,MODULAR,1,0,1,3584.5,Informal / Contractual Worker
ALS_05045,14,FEMALE,ELEMENTARY,FACE_TO_FACE,0,,1,3155,Self-Employed / Business Owner
ALS_04029,13,MALE,ELEMENTARY,FACE_TO_FACE,1,,1,14029.33,Informal / Contractual Worker
ALS_03890,46,FEMALE,JUNIOR_HIGH_SCHOOL,MODULAR,0,,1,15655.05,Informal / Contractual Worker
ALS_03314,20,FEMALE,JUNIOR_HIGH_SCHOOL,MODULAR,0,,0,18172.66,OFW (Overseas Filipino Worker)
ALS_01733,17,MALE,JUNIOR_HIGH_SCHOOL,FACE_TO_FACE,0,,1,5601.7,Formal Employment
ALS_02687,37,FEMALE,JUNIOR_HIGH_SCHOOL,BLENDED,0,,0,7464.55,Unemployed / No Income
ALS_04149,17,MALE,JUNIOR_HIGH_SCHOOL,BLENDED,1,,1,6352.49,Informal / Contractual Worker
ALS_00767,19,MALE,JUNIOR_HIGH_SCHOOL,FACE_TO_FACE,0,0,0,25730.13,Informal / Contractual Worker
ALS_06193,24,FEMALE,JUNIOR_HIGH_SCHOOL,MODULAR,0,0.42,0,13736.8,OFW (Overseas Filipino Worker)
ALS_05838,17,MALE,JUNIOR_HIGH_SCHOOL,FACE_TO_FACE,0,,0,12535.76,Retired / Pensioner
ALS_05704,43,FEMALE,JUNIOR_HIGH_SCHOOL,BLENDED,0,0,1,7146.13,Other
ALS_04609,15,FEMALE,JUNIOR_HIGH_SCHOOL,FACE_TO_FACE,0,,1,3924.75,Unemployed / No Income
ALS_01092,30,FEMALE,JUNIOR_HIGH_SCHOOL,FACE_TO_FACE,0,,0,3975.44,Informal / Contractual Worker
ALS_02218,28,MALE,JUNIOR_HIGH_SCHOOL,FACE_TO_FACE,1,,0,10885.84,Unemployed / No Income
ALS_06418,15,FEMALE,JUNIOR_HIGH_SCHOOL,FACE_TO_FACE,0,,0,7050.45,Unemployed / No Income
ALS_05783,17,MALE,JUNIOR_HIGH_SCHOOL,BLENDED,0,,0,14164.16,Self-Employed / Business Owner
ALS_00721,28,FEMALE,JUNIOR_HIGH_SCHOOL,BLENDED,0,0,0,16814.66,Formal Employment
ALS_02392,26,FEMALE,JUNIOR_HIGH_SCHOOL,MODULAR,0,,1,7841.39,Unemployed / No Income
ALS_08447,19,MALE,JUNIOR_HIGH_SCHOOL,FACE_TO_FACE,0,,0,18351.13,Informal / Contractual Worker
ALS_01067,18,MALE,JUNIOR_HIGH_SCHOOL,FACE_TO_FACE,1,0,1,9655.38,Formal Employment
ALS_05415,17,FEMALE,JUNIOR_HIGH_SCHOOL,FACE_TO_FACE,0,,0,10148.88,Informal / Contractual Worker
ALS_05043,23,MALE,BLP,MODULAR,0,,1,5943.31,Informal / Contractual Worker
ALS_00223,20,MALE,JUNIOR_HIGH_SCHOOL,BLENDED,0,1.53,0,10576.94,Informal / Contractual Worker
ALS_03485,21,MALE,JUNIOR_HIGH_SCHOOL,MODULAR,1,,1,8264.76,Informal / Contractual Worker
ALS_05772,17,FEMALE,JUNIOR_HIGH_SCHOOL,FACE_TO_FACE,0,,0,13315.78,Other
ALS_02290,51,MALE,JUNIOR_HIGH_SCHOOL,MODULAR,0,,1,5968.04,Informal / Contractual Worker
ALS_06613,27,MALE,JUNIOR_HIGH_SCHOOL,BLENDED,0,,0,4255.08,OFW (Overseas Filipino Worker)
ALS_05185,48,FEMALE,JUNIOR_HIGH_SCHOOL,FACE_TO_FACE,0,,1,12187.4,Unemployed / No Income
ALS_06046,17,FEMALE,JUNIOR_HIGH_SCHOOL,FACE_TO_FACE,0,,1,4644.15,Informal / Contractual Worker
ALS_02758,20,MALE,JUNIOR_HIGH_SCHOOL,FACE_TO_FACE,0,,1,5809.57,Informal / Contractual Worker
ALS_05371,34,MALE,JUNIOR_HIGH_SCHOOL,FACE_TO_FACE,0,0.01,0,8998.44,Formal Employment
ALS_00009,15,MALE,JUNIOR_HIGH_SCHOOL,BLENDED,0,0,1,14950.83,Self-Employed / Business Owner
ALS_05878,29,MALE,JUNIOR_HIGH_SCHOOL,MODULAR,0,,1,8034.86,Other
ALS_05661,17,MALE,JUNIOR_HIGH_SCHOOL,FACE_TO_FACE,0,,0,8567.65,Self-Employed / Business Owner
ALS_06235,24,MALE,JUNIOR_HIGH_SCHOOL,MODULAR,0,,0,13826.84,Retired / Pensioner
ALS_06566,29,MALE,JUNIOR_HIGH_SCHOOL,MODULAR,0,,1,24370.5,Unemployed / No Income
ALS_04819,31,FEMALE,JUNIOR_HIGH_SCHOOL,FACE_TO_FACE,0,,1,10611.26,Informal / Contractual Worker
ALS_01920,25,FEMALE,JUNIOR_HIGH_SCHOOL,FACE_TO_FACE,1,,1,13105.59,Unemployed / No Income
ALS_02843,33,FEMALE,JUNIOR_HIGH_SCHOOL,FACE_TO_FACE,0,,1,10140.9,Informal / Contractual Worker
ALS_01893,31,FEMALE,JUNIOR_HIGH_SCHOOL,MODULAR,1,,1,5031.33,Other
ALS_06594,26,FEMALE,JUNIOR_HIGH_SCHOOL,MODULAR,0,,0,8903.33,Formal Employment
ALS_03845,19,MALE,JUNIOR_HIGH_SCHOOL,MODULAR,1,0,1,11706.35,Unemployed / No Income
ALS_01785,29,MALE,JUNIOR_HIGH_SCHOOL,MODULAR,0,,1,4472.45,OFW (Overseas Filipino Worker)
ALS_05061,16,FEMALE,JUNIOR_HIGH_SCHOOL,MODULAR,0,,0,15286.91,Formal Employment
ALS_02046,20,MALE,JUNIOR_HIGH_SCHOOL,MODULAR,1,,1,3236.68,Formal Employment
ALS_06344,16,FEMALE,JUNIOR_HIGH_SCHOOL,FACE_TO_FACE,0,,1,8912.05,Unemployed / No Income
ALS_05902,21,MALE,JUNIOR_HIGH_SCHOOL,MODULAR,0,,0,10028.88,Informal / Contractual Worker
ALS_05362,12,FEMALE,ELEMENTARY,FACE_TO_FACE,1,,1,12071.93,Informal / Contractual Worker
ALS_05147,25,MALE,JUNIOR_HIGH_SCHOOL,BLENDED,0,,1,13613.6,Unemployed / No Income
ALS_04843,35,FEMALE,JUNIOR_HIGH_SCHOOL,FACE_TO_FACE,0,,0,16072.7,Informal / Contractual Worker
ALS_05198,20,MALE,JUNIOR_HIGH_SCHOOL,MODULAR,0,,0,29680.66,Unemployed / No Income
ALS_02034,20,FEMALE,JUNIOR_HIGH_SCHOOL,BLENDED,0,,1,9018.18,Informal / Contractual Worker
ALS_02533,28,MALE,JUNIOR_HIGH_SCHOOL,BLENDED,0,,0,22050.87,Formal Employment
ALS_02992,22,FEMALE,JUNIOR_HIGH_SCHOOL,MODULAR,0,,1,7083.36,Informal / Contractual Worker
ALS_04415,19,FEMALE,ELEMENTARY,MODULAR,0,,1,6851.93,Retired / Pensioner
ALS_00592,25,FEMALE,JUNIOR_HIGH_SCHOOL,MODULAR,0,0,0,16750.78,Self-Employed / Business Owner
ALS_03773,26,MALE,JUNIOR_HIGH_SCHOOL,FACE_TO_FACE,0,,1,9560.25,Formal Employment
ALS_05658,32,FEMALE,JUNIOR_HIGH_SCHOOL,FACE_TO_FACE,0,,1,12103.45,Informal / Contractual Worker
ALS_05497,29,FEMALE,JUNIOR_HIGH_SCHOOL,MODULAR,0,,1,7432.39,Unemployed / No Income
ALS_03295,15,MALE,JUNIOR_HIGH_SCHOOL,MODULAR,1,,1,10076.01,Unemployed / No Income
ALS_05024,16,MALE,JUNIOR_HIGH_SCHOOL,FACE_TO_FACE,0,,1,13079.17,Informal / Contractual Worker
ALS_02486,40,FEMALE,JUNIOR_HIGH_SCHOOL,BLENDED,0,,1,13367.26,Informal / Contractual Worker
ALS_04684,23,FEMALE,JUNIOR_HIGH_SCHOOL,FACE_TO_FACE,0,,1,13137.77,Self-Employed / Business Owner
ALS_06092,23,MALE,JUNIOR_HIGH_SCHOOL,FACE_TO_FACE,0,,0,18308.61,Formal Employment
ALS_05377,22,MALE,ELEMENTARY,FACE_TO_FACE,0,,1,11139.47,Self-Employed / Business Owner
ALS_05906,36,FEMALE,JUNIOR_HIGH_SCHOOL,MODULAR,0,,0,9277.32,Self-Employed / Business Owner
ALS_05156,19,MALE,BLP,FACE_TO_FACE,0,,1,17431.79,Informal / Contractual Worker
ALS_06302,33,MALE,JUNIOR_HIGH_SCHOOL,BLENDED,0,0.42,1,4728.45,OFW (Overseas Filipino Worker)
ALS_05647,39,FEMALE,JUNIOR_HIGH_SCHOOL,MODULAR,0,,1,16979.73,Unemployed / No Income
ALS_02320,19,MALE,JUNIOR_HIGH_SCHOOL,FACE_TO_FACE,0,,1,7621.86,Unemployed / No Income
ALS_00820,29,MALE,JUNIOR_HIGH_SCHOOL,BLENDED,0,0,0,7732.73,OFW (Overseas Filipino Worker)
ALS_05164,15,MALE,JUNIOR_HIGH_SCHOOL,FACE_TO_FACE,0,,0,7475.07,Self-Employed / Business Owner
ALS_03544,30,MALE,JUNIOR_HIGH_SCHOOL,MODULAR,0,0.42,0,11945.25,Retired / Pensioner
ALS_05824,16,MALE,JUNIOR_HIGH_SCHOOL,FACE_TO_FACE,0,,1,3393.98,Informal / Contractual Worker
ALS_03920,17,MALE,JUNIOR_HIGH_SCHOOL,FACE_TO_FACE,0,,1,7808.44,Unemployed / No Income
ALS_01837,20,MALE,JUNIOR_HIGH_SCHOOL,MODULAR,1,,1,8614.55,Self-Employed / Business Owner
ALS_03971,34,FEMALE,ELEMENTARY,FACE_TO_FACE,1,,0,21227.03,Formal Employment
ALS_01700,17,MALE,JUNIOR_HIGH_SCHOOL,FACE_TO_FACE,0,,1,3794.24,Self-Employed / Business Owner
ALS_02325,37,MALE,JUNIOR_HIGH_SCHOOL,FACE_TO_FACE,0,,0,7877.6,Formal Employment
ALS_02007,19,MALE,JUNIOR_HIGH_SCHOOL,BLENDED,0,,0,13506.15,Informal / Contractual Worker
ALS_05486,32,MALE,JUNIOR_HIGH_SCHOOL,MODULAR,0,0,0,6240.13,Self-Employed / Business Owner
ALS_05632,25,FEMALE,JUNIOR_HIGH_SCHOOL,MODULAR,0,,0,6327.39,Other
ALS_04548,15,MALE,JUNIOR_HIGH_SCHOOL,FACE_TO_FACE,0,,1,7441.92,Other
ALS_02962,35,MALE,JUNIOR_HIGH_SCHOOL,MODULAR,0,,1,2458.63,Self-Employed / Business Owner
ALS_02644,16,MALE,JUNIOR_HIGH_SCHOOL,BLENDED,0,,0,16089.63,Informal / Contractual Worker
ALS_05008,16,FEMALE,JUNIOR_HIGH_SCHOOL,FACE_TO_FACE,1,,0,8030.27,Informal / Contractual Worker
ALS_02404,25,MALE,JUNIOR_HIGH_SCHOOL,BLENDED,0,,0,7927.23,Formal Employment
ALS_03663,27,MALE,JUNIOR_HIGH_SCHOOL,MODULAR,0,,1,17154.92,Unemployed / No Income
ALS_04042,18,FEMALE,JUNIOR_HIGH_SCHOOL,MODULAR,0,,1,6441.24,Retired / Pensioner
ALS_00469,18,FEMALE,JUNIOR_HIGH_SCHOOL,FACE_TO_FACE,0,1.57,0,26607.63,OFW (Overseas Filipino Worker)
ALS_00024,15,MALE,ELEMENTARY,FACE_TO_FACE,1,0,0,11282.66,Retired / Pensioner
ALS_00589,18,MALE,JUNIOR_HIGH_SCHOOL,FACE_TO_FACE,0,2.06,0,10721.26,OFW (Overseas Filipino Worker)
ALS_00604,16,MALE,ELEMENTARY,FACE_TO_FACE,1,1.78,0,9864.3,Unemployed / No Income
ALS_01862,35,FEMALE,JUNIOR_HIGH_SCHOOL,FACE_TO_FACE,0,,1,7314.73,Self-Employed / Business Owner
ALS_05087,15,MALE,JUNIOR_HIGH_SCHOOL,FACE_TO_FACE,0,,0,13185.9,Formal Employment
ALS_04099,15,MALE,JUNIOR_HIGH_SCHOOL,FACE_TO_FACE,0,,1,11832.27,Self-Employed / Business Owner
ALS_06090,33,MALE,JUNIOR_HIGH_SCHOOL,FACE_TO_FACE,0,,0,7954.38,Informal / Contractual Worker
ALS_04512,14,MALE,JUNIOR_HIGH_SCHOOL,FACE_TO_FACE,0,,1,7372.94,Informal / Contractual Worker
ALS_02437,29,FEMALE,JUNIOR_HIGH_SCHOOL,MODULAR,1,,0,11223.81,Retired / Pensioner
ALS_06427,15,MALE,JUNIOR_HIGH_SCHOOL,FACE_TO_FACE,0,0.42,1,3910.26,Informal / Contractual Worker
ALS_03208,35,FEMALE,JUNIOR_HIGH_SCHOOL,FACE_TO_FACE,0,,0,17836.75,Formal Employment
ALS_02813,42,MALE,JUNIOR_HIGH_SCHOOL,FACE_TO_FACE,0,,1,2792.85,Formal Employment
ALS_02294,55,FEMALE,ELEMENTARY,FACE_TO_FACE,0,,1,10207.48,Self-Employed / Business Owner
ALS_03628,17,MALE,JUNIOR_HIGH_SCHOOL,FACE_TO_FACE,0,,0,9468.37,Informal / Contractual Worker
ALS_03177,37,FEMALE,JUNIOR_HIGH_SCHOOL,FACE_TO_FACE,0,,0,3750.04,OFW (Overseas Filipino Worker)
ALS_04624,18,MALE,JUNIOR_HIGH_SCHOOL,FACE_TO_FACE,0,,1,10931.99,Informal / Contractual Worker
ALS_02292,56,MALE,JUNIOR_HIGH_SCHOOL,MODULAR,0,,1,5903.71,Informal / Contractual Worker
ALS_02374,23,MALE,JUNIOR_HIGH_SCHOOL,MODULAR,0,,1,2693.16,Informal / Contractual Worker
ALS_05697,12,MALE,ELEMENTARY,FACE_TO_FACE,0,,1,8630.26,Informal / Contractual Worker
ALS_05458,13,MALE,ELEMENTARY,FACE_TO_FACE,0,,1,7269.25,OFW (Overseas Filipino Worker)
ALS_05181,44,FEMALE,JUNIOR_HIGH_SCHOOL,FACE_TO_FACE,0,,1,9978.17,Other
ALS_03601,25,FEMALE,JUNIOR_HIGH_SCHOOL,MODULAR,0,,1,4930.77,Informal / Contractual Worker
ALS_06160,23,FEMALE,JUNIOR_HIGH_SCHOOL,FACE_TO_FACE,0,,1,2575.86,Formal Employment
ALS_03685,25,MALE,JUNIOR_HIGH_SCHOOL,MODULAR,1,,1,5572.14,Unemployed / No Income
ALS_04249,40,MALE,JUNIOR_HIGH_SCHOOL,FACE_TO_FACE,0,,1,10787.73,Formal Employment
ALS_05794,16,MALE,JUNIOR_HIGH_SCHOOL,FACE_TO_FACE,0,,1,12332.89,Formal Employment
ALS_02023,16,FEMALE,JUNIOR_HIGH_SCHOOL,FACE_TO_FACE,1,,1,6161.97,Unemployed / No Income
ALS_04673,15,MALE,JUNIOR_HIGH_SCHOOL,FACE_TO_FACE,0,,0,8146.07,Formal Employment
ALS_02391,22,FEMALE,JUNIOR_HIGH_SCHOOL,MODULAR,1,,1,5534.02,Retired / Pensioner
ALS_00856,22,MALE,JUNIOR_HIGH_SCHOOL,MODULAR,0,0,0,15454.18,OFW (Overseas Filipino Worker)
ALS_00392,20,FEMALE,JUNIOR_HIGH_SCHOOL,FACE_TO_FACE,0,2.19,0,18113.33,Self-Employed / Business Owner
ALS_01724,28,FEMALE,JUNIOR_HIGH_SCHOOL,MODULAR,0,,0,12882.29,Unemployed / No Income
ALS_00322,24,MALE,JUNIOR_HIGH_SCHOOL,BLENDED,0,0,1,2970.59,Unemployed / No Income
ALS_03099,16,MALE,JUNIOR_HIGH_SCHOOL,FACE_TO_FACE,1,,1,13286.97,Informal / Contractual Worker
ALS_02482,15,FEMALE,JUNIOR_HIGH_SCHOOL,MODULAR,0,,1,5842.87,Unemployed / No Income
ALS_02861,27,FEMALE,JUNIOR_HIGH_SCHOOL,FACE_TO_FACE,0,,1,5122.31,Unemployed / No Income
ALS_01760,40,FEMALE,JUNIOR_HIGH_SCHOOL,MODULAR,0,,1,4687.16,Informal / Contractual Worker
ALS_03903,21,FEMALE,JUNIOR_HIGH_SCHOOL,MODULAR,0,,0,20792.28,Formal Employment
ALS_02530,22,MALE,JUNIOR_HIGH_SCHOOL,FACE_TO_FACE,1,,1,6003.22,Unemployed / No Income
ALS_03898,18,MALE,JUNIOR_HIGH_SCHOOL,MODULAR,1,,0,6851.15,Informal / Contractual Worker
ALS_02896,20,MALE,JUNIOR_HIGH_SCHOOL,MODULAR,0,,1,9014.74,Other
ALS_04702,33,MALE,JUNIOR_HIGH_SCHOOL,BLENDED,0,,0,19447.79,Informal / Contractual Worker
ALS_00603,31,FEMALE,JUNIOR_HIGH_SCHOOL,FACE_TO_FACE,0,0,0,12020.83,Informal / Contractual Worker
ALS_05393,14,MALE,ELEMENTARY,FACE_TO_FACE,0,,0,14826.7,Self-Employed / Business Owner
ALS_05573,22,FEMALE,JUNIOR_HIGH_SCHOOL,MODULAR,0,0.42,0,3019.4,Retired / Pensioner
ALS_00231,21,MALE,JUNIOR_HIGH_SCHOOL,BLENDED,0,5.16,0,16344.02,Retired / Pensioner
ALS_04145,55,FEMALE,JUNIOR_HIGH_SCHOOL,FACE_TO_FACE,0,,1,6053.06,Self-Employed / Business Owner
ALS_03951,17,MALE,ELEMENTARY,FACE_TO_FACE,1,,0,12146.92,Self-Employed / Business Owner
ALS_03867,20,MALE,JUNIOR_HIGH_SCHOOL,FACE_TO_FACE,1,,1,14376.89,Unemployed / No Income
ALS_03252,16,FEMALE,JUNIOR_HIGH_SCHOOL,FACE_TO_FACE,0,,0,25815.86,Self-Employed / Business Owner
ALS_01265,19,MALE,ELEMENTARY,FACE_TO_FACE,0,,0,11904.7,Unemployed / No Income
ALS_00993,17,FEMALE,JUNIOR_HIGH_SCHOOL,FACE_TO_FACE,0,4.15,0,7058.67,Formal Employment
ALS_04726,12,MALE,ELEMENTARY,FACE_TO_FACE,0,,0,7620.06,Formal Employment
ALS_04737,17,MALE,JUNIOR_HIGH_SCHOOL,FACE_TO_FACE,0,,1,10122.43,Self-Employed / Business Owner
ALS_05791,16,MALE,JUNIOR_HIGH_SCHOOL,FACE_TO_FACE,0,,1,8801.17,OFW (Overseas Filipino Worker)
ALS_00026,19,FEMALE,JUNIOR_HIGH_SCHOOL,BLENDED,0,0,0,13128.29,Self-Employed / Business Owner
ALS_02005,32,FEMALE,JUNIOR_HIGH_SCHOOL,MODULAR,0,,1,13988.25,Unemployed / No Income
ALS_03888,18,MALE,JUNIOR_HIGH_SCHOOL,MODULAR,0,,1,4009.66,Self-Employed / Business Owner
ALS_03526,22,MALE,JUNIOR_HIGH_SCHOOL,MODULAR,1,,1,7855.81,Formal Employment
ALS_05823,15,FEMALE,JUNIOR_HIGH_SCHOOL,BLENDED,0,,0,12562.97,Formal Employment
ALS_05385,35,FEMALE,JUNIOR_HIGH_SCHOOL,FACE_TO_FACE,0,,0,8222.57,Informal / Contractual Worker
ALS_06007,18,FEMALE,JUNIOR_HIGH_SCHOOL,FACE_TO_FACE,0,,1,10876.9,Self-Employed / Business Owner
ALS_00035,17,MALE,JUNIOR_HIGH_SCHOOL,MODULAR,0,0.2,0,6764.16,Formal Employment
ALS_05775,12,MALE,ELEMENTARY,FACE_TO_FACE,0,,0,21638.07,Unemployed / No Income
ALS_01522,16,FEMALE,JUNIOR_HIGH_SCHOOL,FACE_TO_FACE,0,0.42,1,11025.86,Informal / Contractual Worker
ALS_02642,26,MALE,JUNIOR_HIGH_SCHOOL,MODULAR,0,,1,5925.3,Self-Employed / Business Owner
ALS_05030,30,MALE,JUNIOR_HIGH_SCHOOL,FACE_TO_FACE,0,,1,4022.45,Informal / Contractual Worker
ALS_05207,25,MALE,JUNIOR_HIGH_SCHOOL,MODULAR,0,,0,9824.13,Informal / Contractual Worker
ALS_04328,23,MALE,JUNIOR_HIGH_SCHOOL,BLENDED,0,,1,2897.02,Self-Employed / Business Owner
ALS_02019,30,FEMALE,JUNIOR_HIGH_SCHOOL,MODULAR,0,,1,9381.77,Formal Employment
ALS_03326,25,FEMALE,JUNIOR_HIGH_SCHOOL,MODULAR,0,,0,10605.92,Informal / Contractual Worker
ALS_05936,15,FEMALE,JUNIOR_HIGH_SCHOOL,FACE_TO_FACE,0,,0,8604.1,Retired / Pensioner
ALS_00657,18,MALE,JUNIOR_HIGH_SCHOOL,FACE_TO_FACE,1,4.52,1,7024.51,Informal / Contractual Worker
ALS_05072,15,FEMALE,JUNIOR_HIGH_SCHOOL,MODULAR,0,,1,6718.19,Informal / Contractual Worker
ALS_02120,36,MALE,JUNIOR_HIGH_SCHOOL,FACE_TO_FACE,1,,1,8008.1,Formal Employment
ALS_04146,22,FEMALE,JUNIOR_HIGH_SCHOOL,FACE_TO_FACE,0,,1,7150.5,Other
ALS_05769,11,MALE,ELEMENTARY,BLENDED,0,,1,5691.92,Unemployed / No Income
ALS_05989,15,MALE,JUNIOR_HIGH_SCHOOL,BLENDED,0,,1,10664.16,Informal / Contractual Worker
ALS_03381,22,FEMALE,JUNIOR_HIGH_SCHOOL,FACE_TO_FACE,0,,1,3744.22,Unemployed / No Income
ALS_00402,17,MALE,JUNIOR_HIGH_SCHOOL,FACE_TO_FACE,0,,0,20522.32,Unemployed / No Income
ALS_06086,20,MALE,JUNIOR_HIGH_SCHOOL,FACE_TO_FACE,0,,0,18069.07,Other
ALS_04952,23,MALE,JUNIOR_HIGH_SCHOOL,MODULAR,0,,1,4186.13,Informal / Contractual Worker
ALS_02429,48,FEMALE,JUNIOR_HIGH_SCHOOL,MODULAR,0,,1,3822.33,Unemployed / No Income
ALS_02695,31,FEMALE,JUNIOR_HIGH_SCHOOL,BLENDED,0,,0,6906.79,OFW (Overseas Filipino Worker)
ALS_01832,29,FEMALE,JUNIOR_HIGH_SCHOOL,FACE_TO_FACE,1,,1,6178.49,Unemployed / No Income
ALS_05709,27,FEMALE,JUNIOR_HIGH_SCHOOL,FACE_TO_FACE,0,,1,10011.49,Other
ALS_01356,15,MALE,JUNIOR_HIGH_SCHOOL,MODULAR,0,,1,5006.78,Unemployed / No Income
ALS_02974,20,FEMALE,JUNIOR_HIGH_SCHOOL,MODULAR,0,,1,7886.27,Self-Employed / Business Owner
ALS_03813,24,MALE,JUNIOR_HIGH_SCHOOL,BLENDED,0,,0,10567.5,Retired / Pensioner
ALS_05068,16,MALE,JUNIOR_HIGH_SCHOOL,BLENDED,0,,0,7223.18,Self-Employed / Business Owner
ALS_03122,38,MALE,JUNIOR_HIGH_SCHOOL,FACE_TO_FACE,0,,1,11713.09,Informal / Contractual Worker
ALS_04397,42,FEMALE,ELEMENTARY,MODULAR,0,,1,17735.52,Other
ALS_02998,22,MALE,JUNIOR_HIGH_SCHOOL,MODULAR,0,,0,25196.41,Formal Employment
ALS_00591,18,MALE,JUNIOR_HIGH_SCHOOL,MODULAR,0,0,0,13352.71,Self-Employed / Business Owner
ALS_02826,34,MALE,JUNIOR_HIGH_SCHOOL,FACE_TO_FACE,0,,1,11236.21,Self-Employed / Business Owner
ALS_05812,42,FEMALE,JUNIOR_HIGH_SCHOOL,FACE_TO_FACE,0,,1,5721.74,Informal / Contractual Worker
ALS_06091,16,MALE,JUNIOR_HIGH_SCHOOL,FACE_TO_FACE,0,,0,9642.18,Other
ALS_04390,18,MALE,JUNIOR_HIGH_SCHOOL,MODULAR,0,,1,3490.03,Other
ALS_02814,17,MALE,JUNIOR_HIGH_SCHOOL,FACE_TO_FACE,0,,1,2112.39,Informal / Contractual Worker
ALS_05097,16,MALE,JUNIOR_HIGH_SCHOOL,FACE_TO_FACE,0,,1,5499.86,Unemployed / No Income
ALS_04791,16,MALE,JUNIOR_HIGH_SCHOOL,FACE_TO_FACE,0,0.42,1,7782.58,Formal Employment
ALS_03174,48,FEMALE,JUNIOR_HIGH_SCHOOL,FACE_TO_FACE,0,,0,9396.81,Self-Employed / Business Owner
ALS_04048,16,FEMALE,JUNIOR_HIGH_SCHOOL,FACE_TO_FACE,0,,1,5931.06,OFW (Overseas Filipino Worker)
ALS_02681,20,FEMALE,JUNIOR_HIGH_SCHOOL,BLENDED,0,,0,13972.91,Unemployed / No Income
ALS_04669,22,FEMALE,JUNIOR_HIGH_SCHOOL,FACE_TO_FACE,0,,1,19463.41,Other
ALS_00306,32,FEMALE,JUNIOR_HIGH_SCHOOL,FACE_TO_FACE,0,0.05,0,9791.66,Formal Employment
ALS_03286,56,FEMALE,JUNIOR_HIGH_SCHOOL,MODULAR,0,1.28,0,21899.02,Retired / Pensioner
ALS_06741,14,FEMALE,ELEMENTARY,FACE_TO_FACE,0,,0,7209.9,Formal Employment
ALS_04597,21,MALE,JUNIOR_HIGH_SCHOOL,FACE_TO_FACE,0,,1,3879.53,Unemployed / No Income
ALS_05294,16,MALE,JUNIOR_HIGH_SCHOOL,MODULAR,0,,1,5439.34,Retired / Pensioner
ALS_05585,27,MALE,BLP,MODULAR,0,,1,2354.72,Unemployed / No Income
ALS_02952,18,MALE,BLP,FACE_TO_FACE,0,,1,13086.27,Self-Employed / Business Owner
ALS_02883,26,FEMALE,JUNIOR_HIGH_SCHOOL,FACE_TO_FACE,0,,1,5444.2,Formal Employment
ALS_03420,32,MALE,JUNIOR_HIGH_SCHOOL,BLENDED,0,,1,2982.51,Informal / Contractual Worker
ALS_04008,17,MALE,JUNIOR_HIGH_SCHOOL,FACE_TO_FACE,0,,0,6275.48,Unemployed / No Income
ALS_02142,20,MALE,JUNIOR_HIGH_SCHOOL,FACE_TO_FACE,1,,1,6753.41,Unemployed / No Income
ALS_04019,17,MALE,JUNIOR_HIGH_SCHOOL,FACE_TO_FACE,0,,0,20634.45,Formal Employment
ALS_02786,24,MALE,JUNIOR_HIGH_SCHOOL,FACE_TO_FACE,0,,1,15168.71,Informal / Contractual Worker
ALS_05119,27,MALE,JUNIOR_HIGH_SCHOOL,BLENDED,0,,0,9031.18,Unemployed / No Income
ALS_05390,16,MALE,JUNIOR_HIGH_SCHOOL,MODULAR,0,,0,20721.8,Formal Employment
ALS_06369,15,MALE,ELEMENTARY,FACE_TO_FACE,0,,1,19585.56,Unemployed / No Income
ALS_00395,20,FEMALE,JUNIOR_HIGH_SCHOOL,FACE_TO_FACE,0,1.39,0,16251.52,Informal / Contractual Worker
ALS_04465,22,MALE,JUNIOR_HIGH_SCHOOL,MODULAR,0,,1,6471.63,Other
ALS_05813,27,FEMALE,JUNIOR_HIGH_SCHOOL,BLENDED,0,,0,5936.4,Formal Employment
ALS_05926,15,MALE,JUNIOR_HIGH_SCHOOL,FACE_TO_FACE,0,,0,8314.22,Informal / Contractual Worker
ALS_03543,16,MALE,ELEMENTARY,MODULAR,0,,1,10012.05,Unemployed / No Income
ALS_02650,28,MALE,JUNIOR_HIGH_SCHOOL,MODULAR,1,,1,5927.98,Informal / Contractual Worker
ALS_04021,36,MALE,JUNIOR_HIGH_SCHOOL,MODULAR,0,,1,6555.19,Unemployed / No Income
ALS_01204,29,FEMALE,JUNIOR_HIGH_SCHOOL,BLENDED,0,0.42,0,11183.47,Formal Employment
ALS_02185,15,MALE,JUNIOR_HIGH_SCHOOL,FACE_TO_FACE,1,,1,5648.37,Formal Employment
ALS_05557,16,FEMALE,JUNIOR_HIGH_SCHOOL,FACE_TO_FACE,0,,0,9905.06,Self-Employed / Business Owner
ALS_03793,30,FEMALE,BLP,FACE_TO_FACE,1,,1,16007.18,OFW (Overseas Filipino Worker)
ALS_01744,18,FEMALE,JUNIOR_HIGH_SCHOOL,MODULAR,0,,0,12535.19,Unemployed / No Income
ALS_06118,15,MALE,JUNIOR_HIGH_SCHOOL,MODULAR,0,,1,5160.58,Self-Employed / Business Owner
ALS_02811,18,MALE,JUNIOR_HIGH_SCHOOL,FACE_TO_FACE,0,,1,2668.14,Unemployed / No Income
ALS_05436,31,FEMALE,JUNIOR_HIGH_SCHOOL,MODULAR,0,,0,8303.04,Informal / Contractual Worker
ALS_05186,14,FEMALE,ELEMENTARY,FACE_TO_FACE,0,,1,4172.29,Informal / Contractual Worker
ALS_00893,17,MALE,JUNIOR_HIGH_SCHOOL,FACE_TO_FACE,0,0,0,10527.88,Unemployed / No Income
ALS_05705,16,FEMALE,JUNIOR_HIGH_SCHOOL,BLENDED,0,,0,17165.7,Other
ALS_04438,17,MALE,JUNIOR_HIGH_SCHOOL,FACE_TO_FACE,0,,1,5386.22,OFW (Overseas Filipino Worker)
ALS_02545,36,MALE,JUNIOR_HIGH_SCHOOL,BLENDED,1,,1,7974.91,Retired / Pensioner
ALS_03156,14,FEMALE,JUNIOR_HIGH_SCHOOL,FACE_TO_FACE,0,,1,5519.17,Formal Employment
ALS_03458,15,MALE,JUNIOR_HIGH_SCHOOL,BLENDED,1,,1,8041.51,Unemployed / No Income
ALS_06610,16,MALE,ELEMENTARY,FACE_TO_FACE,0,,1,8112.01,Self-Employed / Business Owner
ALS_00740,35,MALE,JUNIOR_HIGH_SCHOOL,BLENDED,0,0.75,0,19926.64,Informal / Contractual Worker
ALS_05803,15,MALE,JUNIOR_HIGH_SCHOOL,FACE_TO_FACE,0,,0,7665.46,Retired / Pensioner
ALS_04728,32,MALE,JUNIOR_HIGH_SCHOOL,MODULAR,0,,0,9853.8,Unemployed / No Income
ALS_02863,21,FEMALE,JUNIOR_HIGH_SCHOOL,FACE_TO_FACE,0,,1,6074.03,Unemployed / No Income
ALS_04441,25,FEMALE,JUNIOR_HIGH_SCHOOL,MODULAR,0,,1,10215.06,Unemployed / No Income
ALS_04699,22,MALE,JUNIOR_HIGH_SCHOOL,BLENDED,0,,1,4609.74,Self-Employed / Business Owner
ALS_04859,31,FEMALE,JUNIOR_HIGH_SCHOOL,FACE_TO_FACE,0,,0,10331.43,Formal Employment
ALS_03150,20,MALE,JUNIOR_HIGH_SCHOOL,MODULAR,0,,0,5958.45,Self-Employed / Business Owner
ALS_04693,16,FEMALE,JUNIOR_HIGH_SCHOOL,FACE_TO_FACE,0,,0,16682.18,Unemployed / No Income
ALS_02924,15,FEMALE,ELEMENTARY,FACE_TO_FACE,1,,0,14102.63,Informal / Contractual Worker
ALS_06659,16,MALE,JUNIOR_HIGH_SCHOOL,FACE_TO_FACE,0,,0,13830.4,Self-Employed / Business Owner
ALS_02464,15,FEMALE,JUNIOR_HIGH_SCHOOL,FACE_TO_FACE,0,,0,10408.46,Informal / Contractual Worker
ALS_01827,15,FEMALE,JUNIOR_HIGH_SCHOOL,BLENDED,1,,0,16181.92,Informal / Contractual Worker
ALS_05541,24,MALE,JUNIOR_HIGH_SCHOOL,MODULAR,0,0.42,1,4399.48,Formal Employment
ALS_03147,27,FEMALE,JUNIOR_HIGH_SCHOOL,FACE_TO_FACE,0,,0,16874.12,Self-Employed / Business Owner
ALS_01749,21,FEMALE,JUNIOR_HIGH_SCHOOL,MODULAR,0,,1,11649.25,Unemployed / No Income
ALS_03175,25,FEMALE,JUNIOR_HIGH_SCHOOL,FACE_TO_FACE,0,,0,18435.12,Unemployed / No Income
ALS_03930,16,MALE,JUNIOR_HIGH_SCHOOL,FACE_TO_FACE,1,,0,10132.09,Formal Employment
ALS_02536,25,MALE,JUNIOR_HIGH_SCHOOL,BLENDED,0,,0,12800.23,Informal / Contractual Worker
ALS_04280,22,MALE,ELEMENTARY,FACE_TO_FACE,1,,1,7538.41,Informal / Contractual Worker
ALS_02428,13,FEMALE,JUNIOR_HIGH_SCHOOL,MODULAR,1,,0,9182.42,Formal Employment
ALS_06139,15,FEMALE,JUNIOR_HIGH_SCHOOL,FACE_TO_FACE,0,,1,2000,Self-Employed / Business Owner
ALS_00400,22,FEMALE,ELEMENTARY,FACE_TO_FACE,1,2.22,0,9458.59,OFW (Overseas Filipino Worker)
ALS_02686,31,FEMALE,JUNIOR_HIGH_SCHOOL,BLENDED,0,,0,17011.81,Informal / Contractual Worker
ALS_06308,15,FEMALE,JUNIOR_HIGH_SCHOOL,FACE_TO_FACE,0,,1,5847.02,Retired / Pensioner
ALS_01716,15,MALE,JUNIOR_HIGH_SCHOOL,BLENDED,1,,1,9628.79,Formal Employment
ALS_06364,16,MALE,JUNIOR_HIGH_SCHOOL,FACE_TO_FACE,0,,0,11205.75,Formal Employment
ALS_01964,26,FEMALE,BLP,BLENDED,1,,1,15180.54,Informal / Contractual Worker
ALS_00899,37,MALE,JUNIOR_HIGH_SCHOOL,BLENDED,0,0,0,10207.1,Formal Employment
ALS_03900,14,MALE,JUNIOR_HIGH_SCHOOL,MODULAR,1,,1,10242.9,Informal / Contractual Worker
ALS_06345,16,FEMALE,JUNIOR_HIGH_SCHOOL,FACE_TO_FACE,0,,1,8586.22,Retired / Pensioner
ALS_02350,21,MALE,JUNIOR_HIGH_SCHOOL,FACE_TO_FACE,1,,1,12203.39,Other
ALS_00353,16,MALE,JUNIOR_HIGH_SCHOOL,FACE_TO_FACE,0,1.7,0,14349.12,Formal Employment
ALS_06698,17,MALE,JUNIOR_HIGH_SCHOOL,FACE_TO_FACE,0,,0,14757.05,Formal Employment
ALS_04234,23,MALE,JUNIOR_HIGH_SCHOOL,BLENDED,0,,1,12087.6,Self-Employed / Business Owner
ALS_06214,18,MALE,JUNIOR_HIGH_SCHOOL,FACE_TO_FACE,0,,0,7789.79,Other
ALS_01048,19,FEMALE,JUNIOR_HIGH_SCHOOL,FACE_TO_FACE,0,5.47,0,8172.54,Self-Employed / Business Owner
ALS_04015,34,MALE,JUNIOR_HIGH_SCHOOL,MODULAR,0,,0,15071.11,OFW (Overseas Filipino Worker)
ALS_00006,58,FEMALE,JUNIOR_HIGH_SCHOOL,MODULAR,0,0,1,12944.77,Self-Employed / Business Owner
ALS_02162,25,MALE,JUNIOR_HIGH_SCHOOL,FACE_TO_FACE,1,,1,4156.54,Informal / Contractual Worker
ALS_02943,15,MALE,JUNIOR_HIGH_SCHOOL,FACE_TO_FACE,1,,1,6995.7,Informal / Contractual Worker
ALS_04847,26,MALE,ELEMENTARY,FACE_TO_FACE,1,,0,13859.54,Self-Employed / Business Owner
ALS_02133,32,MALE,JUNIOR_HIGH_SCHOOL,FACE_TO_FACE,0,,1,3452.33,Self-Employed / Business Owner
ALS_04751,33,FEMALE,JUNIOR_HIGH_SCHOOL,BLENDED,0,,0,9953.56,Informal / Contractual Worker
ALS_03328,20,FEMALE,JUNIOR_HIGH_SCHOOL,MODULAR,1,,1,12388.19,Informal / Contractual Worker
ALS_06367,17,MALE,JUNIOR_HIGH_SCHOOL,MODULAR,0,,1,5229.95,Informal / Contractual Worker
ALS_05314,18,MALE,JUNIOR_HIGH_SCHOOL,FACE_TO_FACE,0,,0,18734.74,OFW (Overseas Filipino Worker)
ALS_03885,39,FEMALE,JUNIOR_HIGH_SCHOOL,MODULAR,1,,1,4406.93,Formal Employment
ALS_05454,33,FEMALE,JUNIOR_HIGH_SCHOOL,FACE_TO_FACE,0,,0,10460.87,Formal Employment
ALS_05849,16,FEMALE,JUNIOR_HIGH_SCHOOL,FACE_TO_FACE,0,,1,17927.43,Informal / Contractual Worker
ALS_02158,16,MALE,JUNIOR_HIGH_SCHOOL,FACE_TO_FACE,1,,1,4261.22,Retired / Pensioner
ALS_04635,25,MALE,ELEMENTARY,MODULAR,0,,1,5966.88,Other
ALS_00473,36,FEMALE,JUNIOR_HIGH_SCHOOL,FACE_TO_FACE,1,0,0,4586.56,Retired / Pensioner
ALS_01695,14,MALE,ELEMENTARY,FACE_TO_FACE,1,,1,7266.27,Self-Employed / Business Owner
ALS_04761,32,MALE,JUNIOR_HIGH_SCHOOL,FACE_TO_FACE,0,,0,7645.31,Informal / Contractual Worker
ALS_02927,16,FEMALE,JUNIOR_HIGH_SCHOOL,BLENDED,0,,0,5632.8,Retired / Pensioner
ALS_05745,17,FEMALE,JUNIOR_HIGH_SCHOOL,BLENDED,0,,0,18315.88,Informal / Contractual Worker
ALS_06588,16,FEMALE,JUNIOR_HIGH_SCHOOL,FACE_TO_FACE,0,,0,13730.1,OFW (Overseas Filipino Worker)
ALS_03522,16,MALE,JUNIOR_HIGH_SCHOOL,MODULAR,1,,1,6630.73,Other
ALS_04504,15,FEMALE,JUNIOR_HIGH_SCHOOL,MODULAR,0,,1,12758.85,Informal / Contractual Worker
ALS_04785,32,MALE,JUNIOR_HIGH_SCHOOL,FACE_TO_FACE,0,0.42,1,9806.02,Self-Employed / Business Owner
ALS_04679,15,FEMALE,JUNIOR_HIGH_SCHOOL,FACE_TO_FACE,0,,0,11538.2,Retired / Pensioner
ALS_04407,16,FEMALE,JUNIOR_HIGH_SCHOOL,FACE_TO_FACE,1,1.7,0,3854.84,Formal Employment
ALS_04550,43,MALE,JUNIOR_HIGH_SCHOOL,MODULAR,0,,1,4424.13,OFW (Overseas Filipino Worker)
ALS_02625,17,MALE,JUNIOR_HIGH_SCHOOL,MODULAR,0,,0,5626.47,Self-Employed / Business Owner
ALS_03038,61,FEMALE,JUNIOR_HIGH_SCHOOL,BLENDED,0,,0,10220.66,Unemployed / No Income
ALS_03311,16,FEMALE,JUNIOR_HIGH_SCHOOL,MODULAR,1,,1,10759.07,Other
ALS_06129,17,MALE,JUNIOR_HIGH_SCHOOL,FACE_TO_FACE,0,,1,6295.74,OFW (Overseas Filipino Worker)
ALS_03514,24,FEMALE,JUNIOR_HIGH_SCHOOL,FACE_TO_FACE,0,,1,5462.75,Formal Employment
ALS_00279,25,FEMALE,JUNIOR_HIGH_SCHOOL,FACE_TO_FACE,0,0.05,0,4909.4,Formal Employment
ALS_00543,23,MALE,JUNIOR_HIGH_SCHOOL,BLENDED,0,2.54,0,16710.75,Formal Employment
ALS_03144,32,MALE,JUNIOR_HIGH_SCHOOL,FACE_TO_FACE,0,,1,9686.29,Other
ALS_06353,16,FEMALE,JUNIOR_HIGH_SCHOOL,FACE_TO_FACE,0,,1,8955.09,Other
ALS_00194,26,FEMALE,JUNIOR_HIGH_SCHOOL,MODULAR,0,0,0,10442.83,Other
ALS_05031,48,FEMALE,JUNIOR_HIGH_SCHOOL,FACE_TO_FACE,1,,0,10255.81,Self-Employed / Business Owner
ALS_04478,17,FEMALE,JUNIOR_HIGH_SCHOOL,MODULAR,0,,1,7729.62,Formal Employment
ALS_03239,22,MALE,JUNIOR_HIGH_SCHOOL,MODULAR,1,,0,10630.32,Informal / Contractual Worker
ALS_06196,20,FEMALE,JUNIOR_HIGH_SCHOOL,FACE_TO_FACE,0,0.42,0,7132.61,Formal Employment
ALS_04286,27,FEMALE,JUNIOR_HIGH_SCHOOL,MODULAR,0,,1,4736.66,Informal / Contractual Worker
ALS_05259,26,MALE,JUNIOR_HIGH_SCHOOL,FACE_TO_FACE,0,,0,6840.25,Unemployed / No Income
ALS_01781,16,FEMALE,JUNIOR_HIGH_SCHOOL,MODULAR,0,,1,7523.91,Self-Employed / Business Owner
ALS_05268,26,MALE,JUNIOR_HIGH_SCHOOL,FACE_TO_FACE,0,,0,4654.58,OFW (Overseas Filipino Worker)
ALS_01936,34,FEMALE,JUNIOR_HIGH_SCHOOL,FACE_TO_FACE,0,,1,3956.6,Informal / Contractual Worker
ALS_04846,18,MALE,JUNIOR_HIGH_SCHOOL,FACE_TO_FACE,0,,0,11054.18,Formal Employment
ALS_04598,22,MALE,JUNIOR_HIGH_SCHOOL,FACE_TO_FACE,0,,1,10494.68,Unemployed / No Income
ALS_04619,27,MALE,JUNIOR_HIGH_SCHOOL,FACE_TO_FACE,0,,1,6238.05,Self-Employed / Business Owner
ALS_01903,12,MALE,BLP,FACE_TO_FACE,1,,0,13132.12,OFW (Overseas Filipino Worker)
ALS_03228,39,MALE,JUNIOR_HIGH_SCHOOL,FACE_TO_FACE,0,,1,6877.44,Informal / Contractual Worker
ALS_06104,26,FEMALE,JUNIOR_HIGH_SCHOOL,FACE_TO_FACE,0,,0,9828.87,Formal Employment
ALS_03162,26,MALE,JUNIOR_HIGH_SCHOOL,FACE_TO_FACE,0,,0,9632.15,Self-Employed / Business Owner
ALS_02375,18,FEMALE,JUNIOR_HIGH_SCHOOL,MODULAR,0,,1,10136.64,Retired / Pensioner
ALS_00453,25,MALE,JUNIOR_HIGH_SCHOOL,FACE_TO_FACE,0,0,0,7164.98,Retired / Pensioner
ALS_05386,21,FEMALE,JUNIOR_HIGH_SCHOOL,MODULAR,0,,1,6515.48,Other
ALS_05862,23,FEMALE,JUNIOR_HIGH_SCHOOL,MODULAR,0,,0,12244.21,Informal / Contractual Worker
ALS_02948,20,MALE,JUNIOR_HIGH_SCHOOL,FACE_TO_FACE,0,,0,3629.56,Informal / Contractual Worker
ALS_03716,16,MALE,JUNIOR_HIGH_SCHOOL,MODULAR,0,,0,6654.17,Informal / Contractual Worker
ALS_04095,23,MALE,JUNIOR_HIGH_SCHOOL,MODULAR,0,,1,9097.95,Unemployed / No Income
ALS_06263,21,MALE,JUNIOR_HIGH_SCHOOL,FACE_TO_FACE,0,,1,5038.97,Informal / Contractual Worker
ALS_06264,15,MALE,JUNIOR_HIGH_SCHOOL,FACE_TO_FACE,0,,1,8249.86,Informal / Contractual Worker
ALS_02914,25,MALE,JUNIOR_HIGH_SCHOOL,MODULAR,0,,1,11362.83,Informal / Contractual Worker
ALS_06577,12,FEMALE,ELEMENTARY,MODULAR,0,,0,8133.23,OFW (Overseas Filipino Worker)
ALS_03372,34,MALE,JUNIOR_HIGH_SCHOOL,FACE_TO_FACE,0,,1,2881.43,Formal Employment
ALS_05960,23,FEMALE,JUNIOR_HIGH_SCHOOL,FACE_TO_FACE,0,,1,5734.88,Other
ALS_06555,24,MALE,JUNIOR_HIGH_SCHOOL,MODULAR,0,,0,8700.89,Informal / Contractual Worker
ALS_03684,21,MALE,JUNIOR_HIGH_SCHOOL,MODULAR,0,,1,7526.82,Informal / Contractual Worker
ALS_01342,34,MALE,JUNIOR_HIGH_SCHOOL,BLENDED,0,,0,12064.95,Unemployed / No Income
ALS_02303,24,FEMALE,JUNIOR_HIGH_SCHOOL,MODULAR,0,,1,6587.59,Unemployed / No Income
ALS_04181,18,MALE,JUNIOR_HIGH_SCHOOL,BLENDED,0,,1,9019.64,Informal / Contractual Worker
ALS_00910,18,FEMALE,JUNIOR_HIGH_SCHOOL,BLENDED,0,1.21,0,10030.82,Unemployed / No Income
ALS_02385,23,MALE,JUNIOR_HIGH_SCHOOL,MODULAR,1,,0,11730.65,Retired / Pensioner
ALS_03287,21,FEMALE,JUNIOR_HIGH_SCHOOL,MODULAR,1,,1,12648.22,Self-Employed / Business Owner
ALS_03207,35,FEMALE,JUNIOR_HIGH_SCHOOL,BLENDED,0,,1,7491.25,Unemployed / No Income
ALS_03653,22,MALE,JUNIOR_HIGH_SCHOOL,FACE_TO_FACE,0,,1,8990.32,Self-Employed / Business Owner
ALS_06283,17,MALE,JUNIOR_HIGH_SCHOOL,FACE_TO_FACE,0,,1,8775.74,Self-Employed / Business Owner
ALS_01736,28,FEMALE,JUNIOR_HIGH_SCHOOL,MODULAR,0,,1,11747.68,Unemployed / No Income
ALS_06230,16,FEMALE,JUNIOR_HIGH_SCHOOL,FACE_TO_FACE,0,,0,19160.34,Formal Employment
ALS_06064,15,FEMALE,JUNIOR_HIGH_SCHOOL,MODULAR,0,,1,10423.26,Informal / Contractual Worker
ALS_03812,21,MALE,JUNIOR_HIGH_SCHOOL,FACE_TO_FACE,1,,1,15149.09,Informal / Contractual Worker
ALS_00976,37,FEMALE,JUNIOR_HIGH_SCHOOL,FACE_TO_FACE,0,0,0,20281.13,Informal / Contractual Worker
ALS_05815,37,FEMALE,JUNIOR_HIGH_SCHOOL,FACE_TO_FACE,0,,1,12386.19,Self-Employed / Business Owner
ALS_03802,21,MALE,JUNIOR_HIGH_SCHOOL,FACE_TO_FACE,0,,0,14638.69,Informal / Contractual Worker
ALS_06413,16,MALE,JUNIOR_HIGH_SCHOOL,FACE_TO_FACE,0,,0,19184.75,OFW (Overseas Filipino Worker)
ALS_03081,19,MALE,JUNIOR_HIGH_SCHOOL,FACE_TO_FACE,1,,1,5337.03,Formal Employment
ALS_06084,25,MALE,JUNIOR_HIGH_SCHOOL,FACE_TO_FACE,0,,0,23821.38,Self-Employed / Business Owner
ALS_02704,32,FEMALE,JUNIOR_HIGH_SCHOOL,MODULAR,0,,0,12922.03,Formal Employment
ALS_04745,16,FEMALE,JUNIOR_HIGH_SCHOOL,FACE_TO_FACE,1,,0,5829.95,Informal / Contractual Worker
ALS_01707,24,MALE,JUNIOR_HIGH_SCHOOL,FACE_TO_FACE,0,,1,8216.88,Other
ALS_05311,16,FEMALE,JUNIOR_HIGH_SCHOOL,FACE_TO_FACE,0,,1,11659.85,Formal Employment
ALS_00569,21,FEMALE,JUNIOR_HIGH_SCHOOL,MODULAR,0,1.64,0,17195.03,Informal / Contractual Worker
ALS_02930,13,FEMALE,ELEMENTARY,MODULAR,0,,0,6990.36,Formal Employment
ALS_03457,34,MALE,JUNIOR_HIGH_SCHOOL,BLENDED,1,,1,7718.86,Unemployed / No Income
ALS_05942,18,MALE,JUNIOR_HIGH_SCHOOL,FACE_TO_FACE,0,,1,2000,Unemployed / No Income
ALS_05060,28,FEMALE,JUNIOR_HIGH_SCHOOL,FACE_TO_FACE,0,,1,17587.4,Informal / Contractual Worker
ALS_02204,32,FEMALE,JUNIOR_HIGH_SCHOOL,FACE_TO_FACE,1,,1,8984.4,Formal Employment
ALS_06125,20,FEMALE,JUNIOR_HIGH_SCHOOL,MODULAR,0,,1,8352.48,Retired / Pensioner
ALS_03403,28,MALE,JUNIOR_HIGH_SCHOOL,MODULAR,0,,0,25281.66,Other
ALS_03590,20,MALE,JUNIOR_HIGH_SCHOOL,FACE_TO_FACE,0,,0,23772.16,Informal / Contractual Worker
ALS_03465,41,FEMALE,JUNIOR_HIGH_SCHOOL,MODULAR,0,,0,8662.84,Informal / Contractual Worker
ALS_02562,39,FEMALE,JUNIOR_HIGH_SCHOOL,FACE_TO_FACE,0,,1,8498.92,Formal Employment
ALS_00438,27,FEMALE,JUNIOR_HIGH_SCHOOL,MODULAR,0,0.56,0,6668.15,Formal Employment
ALS_04623,19,MALE,JUNIOR_HIGH_SCHOOL,FACE_TO_FACE,0,,1,4829.66,Retired / Pensioner
ALS_05521,21,MALE,JUNIOR_HIGH_SCHOOL,MODULAR,0,,1,7328.5,Unemployed / No Income
ALS_04879,15,FEMALE,JUNIOR_HIGH_SCHOOL,FACE_TO_FACE,0,,1,6076.72,Informal / Contractual Worker
ALS_04471,15,FEMALE,JUNIOR_HIGH_SCHOOL,FACE_TO_FACE,0,,1,4809.14,Formal Employment
ALS_00557,21,MALE,JUNIOR_HIGH_SCHOOL,MODULAR,0,1.64,0,8023.3,Formal Employment
ALS_05839,12,FEMALE,ELEMENTARY,BLENDED,0,,1,7779.4,Unemployed / No Income
ALS_05300,15,MALE,JUNIOR_HIGH_SCHOOL,MODULAR,0,,1,8862.27,Formal Employment
ALS_02871,16,FEMALE,JUNIOR_HIGH_SCHOOL,FACE_TO_FACE,0,,1,12531.77,Retired / Pensioner
ALS_03828,30,MALE,JUNIOR_HIGH_SCHOOL,MODULAR,0,,1,8364.12,OFW (Overseas Filipino Worker)
ALS_00600,16,FEMALE,JUNIOR_HIGH_SCHOOL,FACE_TO_FACE,0,0,0,10622.33,Formal Employment
ALS_04647,25,FEMALE,JUNIOR_HIGH_SCHOOL,BLENDED,0,,0,19468.81,Formal Employment
ALS_07122,39,MALE,ELEMENTARY,MODULAR,,0.42,1,6791.06,Self-Employed / Business Owner
ALS_05757,31,FEMALE,JUNIOR_HIGH_SCHOOL,FACE_TO_FACE,0,,1,9724.89,Self-Employed / Business Owner
ALS_03797,19,MALE,JUNIOR_HIGH_SCHOOL,FACE_TO_FACE,0,,0,6273.3,Self-Employed / Business Owner
ALS_02518,20,MALE,JUNIOR_HIGH_SCHOOL,MODULAR,0,,1,12409.4,Informal / Contractual Worker
ALS_06580,18,FEMALE,JUNIOR_HIGH_SCHOOL,MODULAR,0,,1,11910.77,Unemployed / No Income
ALS_02548,14,MALE,ELEMENTARY,BLENDED,0,,0,16266.38,Self-Employed / Business Owner
ALS_01874,16,MALE,JUNIOR_HIGH_SCHOOL,BLENDED,0,4.83,0,4309.83,Self-Employed / Business Owner
ALS_03914,17,MALE,ELEMENTARY,MODULAR,1,,0,18885.77,Retired / Pensioner
ALS_05103,15,MALE,JUNIOR_HIGH_SCHOOL,BLENDED,0,,1,6539.19,Self-Employed / Business Owner
ALS_05215,28,MALE,JUNIOR_HIGH_SCHOOL,MODULAR,0,,1,7668.62,Informal / Contractual Worker
ALS_04928,30,FEMALE,JUNIOR_HIGH_SCHOOL,MODULAR,0,,1,6361.14,Informal / Contractual Worker
ALS_04931,26,FEMALE,JUNIOR_HIGH_SCHOOL,MODULAR,0,,1,21280.68,Informal / Contractual Worker
ALS_02514,18,MALE,JUNIOR_HIGH_SCHOOL,MODULAR,0,,1,12010.02,Informal / Contractual Worker
ALS_01339,44,MALE,JUNIOR_HIGH_SCHOOL,MODULAR,0,,1,13505.68,Formal Employment
ALS_03158,26,MALE,JUNIOR_HIGH_SCHOOL,MODULAR,0,,0,10637.24,Unemployed / No Income
ALS_03931,26,MALE,JUNIOR_HIGH_SCHOOL,MODULAR,0,,0,11966.72,Informal / Contractual Worker
ALS_00919,17,FEMALE,JUNIOR_HIGH_SCHOOL,FACE_TO_FACE,0,1.21,0,10427.93,Informal / Contractual Worker
ALS_05329,23,MALE,JUNIOR_HIGH_SCHOOL,MODULAR,1,,1,4505.75,Informal / Contractual Worker
ALS_02336,13,MALE,BLP,FACE_TO_FACE,1,,0,16665.3,Informal / Contractual Worker
ALS_03216,23,FEMALE,ELEMENTARY,FACE_TO_FACE,0,,1,8848.56,Informal / Contractual Worker
ALS_06439,20,MALE,JUNIOR_HIGH_SCHOOL,MODULAR,0,0.42,1,14798.77,Formal Employment
ALS_06388,22,FEMALE,JUNIOR_HIGH_SCHOOL,MODULAR,0,,1,3941.68,Informal / Contractual Worker
ALS_01841,24,FEMALE,JUNIOR_HIGH_SCHOOL,MODULAR,0,,1,7021.38,Self-Employed / Business Owner
ALS_02456,28,MALE,JUNIOR_HIGH_SCHOOL,MODULAR,0,,1,2835.41,OFW (Overseas Filipino Worker)
ALS_03581,20,MALE,JUNIOR_HIGH_SCHOOL,MODULAR,0,,0,12927.22,Self-Employed / Business Owner
ALS_02161,20,MALE,JUNIOR_HIGH_SCHOOL,FACE_TO_FACE,0,,1,33026.54,Unemployed / No Income
ALS_06637,17,MALE,JUNIOR_HIGH_SCHOOL,BLENDED,0,,1,8295.11,Formal Employment
ALS_03790,29,MALE,JUNIOR_HIGH_SCHOOL,FACE_TO_FACE,1,,0,23378.47,Other
ALS_06479,19,FEMALE,JUNIOR_HIGH_SCHOOL,FACE_TO_FACE,0,,0,4918.15,Formal Employment
ALS_06379,28,MALE,JUNIOR_HIGH_SCHOOL,MODULAR,0,,1,5736.91,Unemployed / No Income
ALS_05912,28,MALE,JUNIOR_HIGH_SCHOOL,MODULAR,0,,0,7278.77,Retired / Pensioner
ALS_05970,17,FEMALE,JUNIOR_HIGH_SCHOOL,BLENDED,0,,1,11551.15,Unemployed / No Income
ALS_06442,19,MALE,JUNIOR_HIGH_SCHOOL,FACE_TO_FACE,0,0.42,1,6079.5,Informal / Contractual Worker
ALS_03145,14,MALE,BLP,FACE_TO_FACE,0,,1,10241.18,Informal / Contractual Worker
ALS_00650,17,MALE,JUNIOR_HIGH_SCHOOL,FACE_TO_FACE,0,3.59,0,5968.73,Self-Employed / Business Owner
ALS_06505,34,FEMALE,BLP,FACE_TO_FACE,0,,1,5883.8,Unemployed / No Income
ALS_02858,21,FEMALE,JUNIOR_HIGH_SCHOOL,FACE_TO_FACE,0,,1,13122.12,Informal / Contractual Worker
ALS_06294,15,FEMALE,JUNIOR_HIGH_SCHOOL,BLENDED,0,,1,5350.09,Unemployed / No Income
ALS_01721,27,FEMALE,JUNIOR_HIGH_SCHOOL,FACE_TO_FACE,1,,1,7996.39,Unemployed / No Income
ALS_05423,16,MALE,JUNIOR_HIGH_SCHOOL,FACE_TO_FACE,1,,0,15108.33,Unemployed / No Income
ALS_06735,36,MALE,BLP,FACE_TO_FACE,0,,1,4477.79,Informal / Contractual Worker
ALS_05774,18,FEMALE,JUNIOR_HIGH_SCHOOL,FACE_TO_FACE,0,0,1,8063.6,Formal Employment
ALS_05635,16,FEMALE,JUNIOR_HIGH_SCHOOL,MODULAR,0,,1,7013.25,Retired / Pensioner
ALS_00533,19,MALE,JUNIOR_HIGH_SCHOOL,MODULAR,0,0,0,5118.36,Informal / Contractual Worker
ALS_04363,15,MALE,ELEMENTARY,FACE_TO_FACE,0,,0,32661.77,Informal / Contractual Worker
ALS_00927,17,MALE,JUNIOR_HIGH_SCHOOL,BLENDED,0,0,0,11399.43,OFW (Overseas Filipino Worker)
ALS_03487,15,MALE,JUNIOR_HIGH_SCHOOL,FACE_TO_FACE,1,,1,3968.43,OFW (Overseas Filipino Worker)
ALS_02824,16,MALE,JUNIOR_HIGH_SCHOOL,FACE_TO_FACE,0,,1,18261.85,Other
ALS_02242,44,FEMALE,JUNIOR_HIGH_SCHOOL,FACE_TO_FACE,1,,0,18955.62,Informal / Contractual Worker
ALS_03808,25,FEMALE,JUNIOR_HIGH_SCHOOL,FACE_TO_FACE,0,,0,7080.86,Formal Employment
ALS_06394,35,MALE,BLP,FACE_TO_FACE,0,,1,6728.01,OFW (Overseas Filipino Worker)
ALS_03033,22,FEMALE,JUNIOR_HIGH_SCHOOL,FACE_TO_FACE,1,,0,11948.32,Informal / Contractual Worker
ALS_03954,28,MALE,JUNIOR_HIGH_SCHOOL,MODULAR,0,,0,14485.62,Formal Employment
ALS_03396,22,MALE,JUNIOR_HIGH_SCHOOL,BLENDED,1,,1,7396.69,Unemployed / No Income
ALS_03219,20,MALE,JUNIOR_HIGH_SCHOOL,FACE_TO_FACE,0,,1,11837.8,Other
ALS_01892,18,MALE,JUNIOR_HIGH_SCHOOL,MODULAR,0,,0,7959.71,Informal / Contractual Worker
ALS_04842,15,FEMALE,JUNIOR_HIGH_SCHOOL,FACE_TO_FACE,1,,1,4615.48,Informal / Contractual Worker
ALS_02414,20,FEMALE,JUNIOR_HIGH_SCHOOL,FACE_TO_FACE,0,,1,4325.61,OFW (Overseas Filipino Worker)
ALS_00735,30,MALE,JUNIOR_HIGH_SCHOOL,BLENDED,0,0,0,9872.49,Informal / Contractual Worker
ALS_00981,22,FEMALE,JUNIOR_HIGH_SCHOOL,FACE_TO_FACE,0,0,0,22044.54,Formal Employment
ALS_05608,16,MALE,JUNIOR_HIGH_SCHOOL,BLENDED,0,,0,19338.97,Self-Employed / Business Owner
ALS_04129,14,MALE,ELEMENTARY,MODULAR,0,,0,14193.42,Other
ALS_01106,22,FEMALE,JUNIOR_HIGH_SCHOOL,MODULAR,1,0,1,5347.23,Retired / Pensioner
ALS_01294,15,FEMALE,JUNIOR_HIGH_SCHOOL,MODULAR,0,,0,26558.72,Informal / Contractual Worker
ALS_02362,35,MALE,JUNIOR_HIGH_SCHOOL,MODULAR,1,,1,12650.46,Unemployed / No Income
ALS_05209,16,MALE,JUNIOR_HIGH_SCHOOL,FACE_TO_FACE,0,,0,4556.86,Formal Employment
ALS_05258,15,MALE,JUNIOR_HIGH_SCHOOL,FACE_TO_FACE,0,,0,12469.68,Informal / Contractual Worker
ALS_00123,22,FEMALE,JUNIOR_HIGH_SCHOOL,FACE_TO_FACE,0,0.05,1,4558.53,Informal / Contractual Worker
ALS_03248,26,MALE,JUNIOR_HIGH_SCHOOL,FACE_TO_FACE,0,,0,9213.12,OFW (Overseas Filipino Worker)
ALS_06244,16,MALE,JUNIOR_HIGH_SCHOOL,FACE_TO_FACE,0,,0,20757.87,Informal / Contractual Worker
ALS_05237,47,FEMALE,JUNIOR_HIGH_SCHOOL,MODULAR,0,,1,27174.2,Retired / Pensioner
ALS_03279,18,MALE,JUNIOR_HIGH_SCHOOL,MODULAR,1,,1,8390.99,Self-Employed / Business Owner
ALS_05588,13,FEMALE,JUNIOR_HIGH_SCHOOL,FACE_TO_FACE,0,,1,9005.28,Informal / Contractual Worker
ALS_03414,17,FEMALE,JUNIOR_HIGH_SCHOOL,BLENDED,0,1.28,0,18023.7,Informal / Contractual Worker
ALS_04625,24,MALE,JUNIOR_HIGH_SCHOOL,FACE_TO_FACE,0,,1,9478.49,Unemployed / No Income
ALS_05750,18,FEMALE,JUNIOR_HIGH_SCHOOL,FACE_TO_FACE,0,,1,5460.31,Self-Employed / Business Owner
ALS_03346,25,MALE,JUNIOR_HIGH_SCHOOL,MODULAR,1,,1,7355.58,Informal / Contractual Worker
ALS_00796,18,MALE,JUNIOR_HIGH_SCHOOL,BLENDED,0,2.1,0,18513.37,Formal Employment
ALS_05852,30,FEMALE,BLP,FACE_TO_FACE,0,,1,5533.71,Retired / Pensioner
ALS_04459,23,FEMALE,JUNIOR_HIGH_SCHOOL,FACE_TO_FACE,0,,0,8361.6,Informal / Contractual Worker
ALS_04796,18,MALE,JUNIOR_HIGH_SCHOOL,FACE_TO_FACE,0,,1,7142.81,Informal / Contractual Worker
ALS_00680,25,FEMALE,JUNIOR_HIGH_SCHOOL,MODULAR,0,0.56,0,14082.73,Other
ALS_06149,15,MALE,BLP,FACE_TO_FACE,0,,1,6656.24,Informal / Contractual Worker
ALS_06324,17,MALE,JUNIOR_HIGH_SCHOOL,FACE_TO_FACE,0,,1,15234.92,Other
ALS_02640,17,MALE,JUNIOR_HIGH_SCHOOL,MODULAR,0,,1,8277.84,Self-Employed / Business Owner
ALS_03843,21,MALE,JUNIOR_HIGH_SCHOOL,MODULAR,1,,1,7581.15,Unemployed / No Income
ALS_03941,19,MALE,JUNIOR_HIGH_SCHOOL,MODULAR,0,,1,6916.67,Informal / Contractual Worker
ALS_02436,17,MALE,JUNIOR_HIGH_SCHOOL,MODULAR,0,,1,5179.13,Informal / Contractual Worker
ALS_06131,15,MALE,JUNIOR_HIGH_SCHOOL,FACE_TO_FACE,0,,1,4724.36,Unemployed / No Income
ALS_02699,63,FEMALE,JUNIOR_HIGH_SCHOOL,MODULAR,0,,0,17784.99,Formal Employment
ALS_05514,27,MALE,JUNIOR_HIGH_SCHOOL,MODULAR,0,,0,19609.97,Formal Employment
ALS_02732,25,MALE,JUNIOR_HIGH_SCHOOL,FACE_TO_FACE,0,,1,6723.47,Informal / Contractual Worker
ALS_06573,16,FEMALE,JUNIOR_HIGH_SCHOOL,FACE_TO_FACE,0,,0,7209.24,Informal / Contractual Worker
ALS_00538,22,FEMALE,JUNIOR_HIGH_SCHOOL,MODULAR,0,0,0,8042.88,Unemployed / No Income
ALS_05229,16,FEMALE,JUNIOR_HIGH_SCHOOL,FACE_TO_FACE,0,,1,13870.42,Unemployed / No Income
ALS_05003,18,MALE,JUNIOR_HIGH_SCHOOL,MODULAR,0,,1,9550.31,Self-Employed / Business Owner
ALS_03627,22,MALE,JUNIOR_HIGH_SCHOOL,BLENDED,0,,0,12214.06,Self-Employed / Business Owner
ALS_06312,17,MALE,JUNIOR_HIGH_SCHOOL,FACE_TO_FACE,0,,1,5499.09,Informal / Contractual Worker
ALS_02581,18,MALE,JUNIOR_HIGH_SCHOOL,FACE_TO_FACE,0,,1,5071.11,Other
ALS_00286,16,FEMALE,JUNIOR_HIGH_SCHOOL,FACE_TO_FACE,0,1.84,0,20489.92,Self-Employed / Business Owner
ALS_02485,69,FEMALE,JUNIOR_HIGH_SCHOOL,MODULAR,0,,1,6421.11,Informal / Contractual Worker
ALS_06647,16,MALE,JUNIOR_HIGH_SCHOOL,BLENDED,0,,1,12440.54,Informal / Contractual Worker
ALS_05404,33,FEMALE,JUNIOR_HIGH_SCHOOL,FACE_TO_FACE,0,,0,14459.81,OFW (Overseas Filipino Worker)
ALS_03585,22,MALE,ELEMENTARY,MODULAR,0,,1,12298.81,Other
ALS_04025,16,MALE,JUNIOR_HIGH_SCHOOL,FACE_TO_FACE,0,0.42,0,20314.94,Formal Employment
ALS_02155,15,FEMALE,JUNIOR_HIGH_SCHOOL,FACE_TO_FACE,1,,1,6132.64,OFW (Overseas Filipino Worker)
ALS_02623,18,MALE,JUNIOR_HIGH_SCHOOL,MODULAR,1,,1,5500.35,Informal / Contractual Worker
ALS_05252,18,MALE,JUNIOR_HIGH_SCHOOL,FACE_TO_FACE,0,,0,4543.22,Self-Employed / Business Owner
ALS_02110,23,MALE,JUNIOR_HIGH_SCHOOL,FACE_TO_FACE,1,,1,9479.09,Informal / Contractual Worker
ALS_06208,15,MALE,JUNIOR_HIGH_SCHOOL,FACE_TO_FACE,0,,0,9679.48,Self-Employed / Business Owner
ALS_06221,15,FEMALE,JUNIOR_HIGH_SCHOOL,FACE_TO_FACE,0,,1,5090.88,Other
ALS_00545,22,FEMALE,JUNIOR_HIGH_SCHOOL,FACE_TO_FACE,0,2.54,0,13690.79,Self-Employed / Business Owner
ALS_00405,19,FEMALE,JUNIOR_HIGH_SCHOOL,BLENDED,0,0,0,12348.78,OFW (Overseas Filipino Worker)
ALS_03821,32,FEMALE,JUNIOR_HIGH_SCHOOL,FACE_TO_FACE,0,,0,4669.97,Informal / Contractual Worker
ALS_03754,33,FEMALE,ELEMENTARY,FACE_TO_FACE,0,,1,6571.84,Informal / Contractual Worker
ALS_02191,15,FEMALE,JUNIOR_HIGH_SCHOOL,FACE_TO_FACE,0,,0,17950.9,Self-Employed / Business Owner
ALS_05880,15,MALE,JUNIOR_HIGH_SCHOOL,BLENDED,0,,0,12776.98,Informal / Contractual Worker
ALS_00305,31,FEMALE,JUNIOR_HIGH_SCHOOL,FACE_TO_FACE,0,0.05,0,8866.8,Formal Employment
ALS_00937,16,FEMALE,JUNIOR_HIGH_SCHOOL,FACE_TO_FACE,0,0,0,18750.76,Unemployed / No Income
ALS_06485,17,MALE,JUNIOR_HIGH_SCHOOL,FACE_TO_FACE,0,,1,16470,Formal Employment
ALS_03489,16,FEMALE,JUNIOR_HIGH_SCHOOL,FACE_TO_FACE,0,,0,5023.24,Formal Employment
ALS_02524,16,MALE,JUNIOR_HIGH_SCHOOL,FACE_TO_FACE,0,,1,5420.66,Unemployed / No Income
ALS_00260,24,FEMALE,JUNIOR_HIGH_SCHOOL,FACE_TO_FACE,0,1.09,0,8689.79,Formal Employment
ALS_06644,16,MALE,ELEMENTARY,BLENDED,0,,1,7871.83,OFW (Overseas Filipino Worker)
ALS_02432,25,MALE,JUNIOR_HIGH_SCHOOL,MODULAR,0,,1,7367.06,Informal / Contractual Worker
ALS_06792,30,FEMALE,JUNIOR_HIGH_SCHOOL,FACE_TO_FACE,1,,1,11665.51,OFW (Overseas Filipino Worker)
ALS_06288,12,MALE,JUNIOR_HIGH_SCHOOL,FACE_TO_FACE,0,,1,8389.82,Informal / Contractual Worker
ALS_06924,18,MALE,JUNIOR_HIGH_SCHOOL,BLENDED,0,,0,16282.03,Formal Employment
ALS_00909,27,FEMALE,JUNIOR_HIGH_SCHOOL,BLENDED,0,0,0,12954.47,Unemployed / No Income
ALS_04157,47,FEMALE,JUNIOR_HIGH_SCHOOL,FACE_TO_FACE,0,,0,9886.16,Formal Employment
ALS_04408,51,FEMALE,BLP,MODULAR,0,,1,3686.92,Unemployed / No Income
ALS_02523,22,FEMALE,JUNIOR_HIGH_SCHOOL,FACE_TO_FACE,1,,1,4413.02,Informal / Contractual Worker
ALS_05869,16,MALE,JUNIOR_HIGH_SCHOOL,FACE_TO_FACE,0,,0,10206.71,Self-Employed / Business Owner
ALS_06411,16,MALE,JUNIOR_HIGH_SCHOOL,FACE_TO_FACE,0,,0,9846.84,Unemployed / No Income
ALS_03801,21,MALE,JUNIOR_HIGH_SCHOOL,FACE_TO_FACE,0,,0,16159.42,Self-Employed / Business Owner
ALS_06031,16,FEMALE,JUNIOR_HIGH_SCHOOL,FACE_TO_FACE,0,,1,9781.32,Retired / Pensioner
ALS_05478,16,MALE,JUNIOR_HIGH_SCHOOL,FACE_TO_FACE,1,,1,7201.93,Formal Employment
ALS_04836,22,MALE,ELEMENTARY,MODULAR,0,,1,5826.78,Formal Employment
ALS_02777,25,MALE,JUNIOR_HIGH_SCHOOL,FACE_TO_FACE,0,,1,3793.29,Unemployed / No Income
ALS_01949,38,FEMALE,JUNIOR_HIGH_SCHOOL,FACE_TO_FACE,1,,1,8429.29,Retired / Pensioner
ALS_02955,16,FEMALE,JUNIOR_HIGH_SCHOOL,MODULAR,0,,1,5897.94,Self-Employed / Business Owner
ALS_03666,17,MALE,JUNIOR_HIGH_SCHOOL,BLENDED,0,0,0,9538.22,Formal Employment
ALS_00208,25,FEMALE,JUNIOR_HIGH_SCHOOL,BLENDED,0,0.05,0,14839.77,Unemployed / No Income
ALS_04714,25,MALE,JUNIOR_HIGH_SCHOOL,FACE_TO_FACE,0,,1,10443.94,Informal / Contractual Worker
ALS_00259,23,MALE,JUNIOR_HIGH_SCHOOL,MODULAR,0,1.45,0,4276.19,Formal Employment
ALS_05686,30,FEMALE,JUNIOR_HIGH_SCHOOL,FACE_TO_FACE,0,,0,19019.86,Unemployed / No Income
ALS_05742,39,FEMALE,JUNIOR_HIGH_SCHOOL,FACE_TO_FACE,0,,0,32816.93,Self-Employed / Business Owner
ALS_02496,24,MALE,JUNIOR_HIGH_SCHOOL,FACE_TO_FACE,1,,1,8660.75,Self-Employed / Business Owner
ALS_02615,18,MALE,JUNIOR_HIGH_SCHOOL,BLENDED,0,,0,13695.74,Informal / Contractual Worker
ALS_05706,32,FEMALE,JUNIOR_HIGH_SCHOOL,BLENDED,0,,1,4723.72,Unemployed / No Income
ALS_03340,26,MALE,JUNIOR_HIGH_SCHOOL,MODULAR,1,,1,3956.58,Self-Employed / Business Owner
ALS_04073,17,FEMALE,JUNIOR_HIGH_SCHOOL,FACE_TO_FACE,1,,1,5599.77,Self-Employed / Business Owner
ALS_06785,26,MALE,JUNIOR_HIGH_SCHOOL,FACE_TO_FACE,0,0,0,10520.32,Formal Employment
ALS_00853,25,FEMALE,JUNIOR_HIGH_SCHOOL,MODULAR,0,0,0,8597.41,Informal / Contractual Worker
ALS_05751,25,MALE,JUNIOR_HIGH_SCHOOL,FACE_TO_FACE,0,,1,8833.79,Unemployed / No Income
ALS_00935,53,FEMALE,JUNIOR_HIGH_SCHOOL,MODULAR,0,0,0,14986.36,Self-Employed / Business Owner
ALS_06001,13,MALE,ELEMENTARY,FACE_TO_FACE,0,,0,8163.45,Informal / Contractual Worker
ALS_03371,30,MALE,JUNIOR_HIGH_SCHOOL,FACE_TO_FACE,0,,1,10412.95,Informal / Contractual Worker
ALS_00722,57,FEMALE,JUNIOR_HIGH_SCHOOL,MODULAR,0,0,0,7567.13,Retired / Pensioner
ALS_03647,17,MALE,JUNIOR_HIGH_SCHOOL,FACE_TO_FACE,0,,1,2834.82,Other
ALS_00144,25,FEMALE,JUNIOR_HIGH_SCHOOL,FACE_TO_FACE,0,0,0,4196.45,Informal / Contractual Worker
ALS_02762,20,MALE,JUNIOR_HIGH_SCHOOL,FACE_TO_FACE,0,,1,14462.96,Informal / Contractual Worker
ALS_02269,24,MALE,JUNIOR_HIGH_SCHOOL,FACE_TO_FACE,0,,1,8378.87,Retired / Pensioner
ALS_04220,20,MALE,BLP,MODULAR,0,,1,6267.8,Self-Employed / Business Owner
ALS_02484,21,FEMALE,JUNIOR_HIGH_SCHOOL,MODULAR,0,,1,2785.52,Self-Employed / Business Owner
ALS_01259,28,FEMALE,JUNIOR_HIGH_SCHOOL,MODULAR,1,,1,4406.67,Other
ALS_05148,27,MALE,JUNIOR_HIGH_SCHOOL,FACE_TO_FACE,0,,1,13055.78,OFW (Overseas Filipino Worker)
ALS_06668,22,FEMALE,JUNIOR_HIGH_SCHOOL,FACE_TO_FACE,0,,0,12199.79,Self-Employed / Business Owner
ALS_06498,14,MALE,JUNIOR_HIGH_SCHOOL,FACE_TO_FACE,0,,1,7583.78,Self-Employed / Business Owner
ALS_02196,16,FEMALE,JUNIOR_HIGH_SCHOOL,FACE_TO_FACE,0,,1,7697.96,Formal Employment
ALS_04756,15,MALE,JUNIOR_HIGH_SCHOOL,FACE_TO_FACE,0,,0,9596.26,Formal Employment
ALS_06267,16,MALE,JUNIOR_HIGH_SCHOOL,FACE_TO_FACE,0,,1,6200.01,Retired / Pensioner
ALS_05941,17,MALE,JUNIOR_HIGH_SCHOOL,MODULAR,0,,1,5739.47,Unemployed / No Income
ALS_04878,14,MALE,JUNIOR_HIGH_SCHOOL,FACE_TO_FACE,0,,1,6221.26,Informal / Contractual Worker
ALS_03366,32,FEMALE,JUNIOR_HIGH_SCHOOL,BLENDED,1,,1,11393.42,Informal / Contractual Worker
ALS_02859,30,FEMALE,JUNIOR_HIGH_SCHOOL,FACE_TO_FACE,0,,1,11218.71,Self-Employed / Business Owner
ALS_06434,14,MALE,ELEMENTARY,FACE_TO_FACE,0,,1,10063.21,Unemployed / No Income
ALS_02718,28,FEMALE,JUNIOR_HIGH_SCHOOL,FACE_TO_FACE,0,,1,6534.21,Other
ALS_03551,28,MALE,JUNIOR_HIGH_SCHOOL,MODULAR,0,0.42,0,9836.1,Formal Employment
ALS_02505,17,MALE,JUNIOR_HIGH_SCHOOL,MODULAR,0,,1,8963.81,Unemployed / No Income
ALS_05335,29,FEMALE,JUNIOR_HIGH_SCHOOL,MODULAR,0,,1,15921.64,Formal Employment
ALS_04956,22,FEMALE,JUNIOR_HIGH_SCHOOL,FACE_TO_FACE,0,,1,11365.4,Unemployed / No Income
ALS_00681,24,FEMALE,JUNIOR_HIGH_SCHOOL,FACE_TO_FACE,0,2.99,0,10926.66,OFW (Overseas Filipino Worker)
ALS_00254,33,MALE,JUNIOR_HIGH_SCHOOL,FACE_TO_FACE,0,0.05,0,7953.34,Informal / Contractual Worker
ALS_05533,44,MALE,JUNIOR_HIGH_SCHOOL,MODULAR,0,,1,14476.69,Unemployed / No Income
ALS_03852,18,MALE,JUNIOR_HIGH_SCHOOL,MODULAR,0,,1,3720.27,Informal / Contractual Worker
ALS_06020,17,FEMALE,JUNIOR_HIGH_SCHOOL,FACE_TO_FACE,0,,1,2792.28,Self-Employed / Business Owner
ALS_04381,18,FEMALE,JUNIOR_HIGH_SCHOOL,FACE_TO_FACE,0,,1,11048.11,Unemployed / No Income
ALS_02114,26,MALE,JUNIOR_HIGH_SCHOOL,MODULAR,1,,1,6912.63,Self-Employed / Business Owner
ALS_03761,14,MALE,JUNIOR_HIGH_SCHOOL,FACE_TO_FACE,0,,1,2000,Informal / Contractual Worker
ALS_06526,32,MALE,JUNIOR_HIGH_SCHOOL,MODULAR,0,,1,10836.89,Informal / Contractual Worker
ALS_00855,16,FEMALE,JUNIOR_HIGH_SCHOOL,BLENDED,0,0,0,11900.17,Unemployed / No Income
ALS_05150,34,MALE,JUNIOR_HIGH_SCHOOL,FACE_TO_FACE,0,,1,12896.38,Informal / Contractual Worker
ALS_02663,28,MALE,JUNIOR_HIGH_SCHOOL,MODULAR,0,,0,6728.01,Other
ALS_01049,44,MALE,JUNIOR_HIGH_SCHOOL,MODULAR,0,1.3,0,10384.55,Unemployed / No Income
ALS_01914,21,MALE,JUNIOR_HIGH_SCHOOL,MODULAR,0,,1,8750.65,Unemployed / No Income
ALS_03582,44,FEMALE,JUNIOR_HIGH_SCHOOL,MODULAR,0,,0,9636.97,Self-Employed / Business Owner
ALS_02020,23,FEMALE,JUNIOR_HIGH_SCHOOL,BLENDED,1,,1,7980.78,Informal / Contractual Worker
ALS_00148,20,MALE,JUNIOR_HIGH_SCHOOL,FACE_TO_FACE,0,0,0,5070.87,Formal Employment
ALS_05855,14,MALE,JUNIOR_HIGH_SCHOOL,FACE_TO_FACE,0,,1,3475.38,Retired / Pensioner
ALS_05413,14,MALE,ELEMENTARY,FACE_TO_FACE,0,,0,6339.87,Self-Employed / Business Owner
ALS_05660,20,MALE,JUNIOR_HIGH_SCHOOL,FACE_TO_FACE,0,,0,8378.12,Informal / Contractual Worker
ALS_04450,24,FEMALE,ELEMENTARY,MODULAR,0,,1,12767.58,Formal Employment
ALS_03203,17,FEMALE,JUNIOR_HIGH_SCHOOL,FACE_TO_FACE,1,,1,26228.6,Formal Employment
ALS_05306,40,FEMALE,ELEMENTARY,MODULAR,0,,1,27182.96,Formal Employment
ALS_03200,23,FEMALE,JUNIOR_HIGH_SCHOOL,FACE_TO_FACE,0,,0,8492.26,OFW (Overseas Filipino Worker)
ALS_06530,16,FEMALE,JUNIOR_HIGH_SCHOOL,MODULAR,0,,1,7613.83,Informal / Contractual Worker
ALS_05410,19,FEMALE,JUNIOR_HIGH_SCHOOL,FACE_TO_FACE,0,,1,8040.1,Unemployed / No Income
ALS_03733,29,FEMALE,JUNIOR_HIGH_SCHOOL,MODULAR,1,,1,11042.61,Self-Employed / Business Owner
ALS_03032,23,FEMALE,JUNIOR_HIGH_SCHOOL,FACE_TO_FACE,1,,1,4194.06,Unemployed / No Income
ALS_00665,30,MALE,JUNIOR_HIGH_SCHOOL,MODULAR,0,1.64,0,12291.21,OFW (Overseas Filipino Worker)
ALS_05795,17,MALE,JUNIOR_HIGH_SCHOOL,FACE_TO_FACE,0,,0,9115.7,Formal Employment
ALS_05859,18,MALE,ELEMENTARY,FACE_TO_FACE,0,,0,10689.07,Informal / Contractual Worker
ALS_02453,19,MALE,JUNIOR_HIGH_SCHOOL,FACE_TO_FACE,0,,1,5692.77,Retired / Pensioner
ALS_04572,24,FEMALE,ELEMENTARY,MODULAR,0,,1,10613.14,OFW (Overseas Filipino Worker)
ALS_05627,29,MALE,JUNIOR_HIGH_SCHOOL,MODULAR,0,,0,9100.04,Informal / Contractual Worker
ALS_02801,25,MALE,JUNIOR_HIGH_SCHOOL,FACE_TO_FACE,0,,1,8602.53,Unemployed / No Income
ALS_06770,15,FEMALE,JUNIOR_HIGH_SCHOOL,MODULAR,0,0.42,1,5717.72,Unemployed / No Income
ALS_04406,17,FEMALE,JUNIOR_HIGH_SCHOOL,FACE_TO_FACE,1,,0,3409.9,Unemployed / No Income
ALS_06648,16,MALE,JUNIOR_HIGH_SCHOOL,BLENDED,0,,1,7132.61,Self-Employed / Business Owner
ALS_06328,19,MALE,JUNIOR_HIGH_SCHOOL,FACE_TO_FACE,0,,1,4071.49,Self-Employed / Business Owner
ALS_05551,27,MALE,JUNIOR_HIGH_SCHOOL,MODULAR,0,,0,10347.21,Informal / Contractual Worker
ALS_03746,18,MALE,JUNIOR_HIGH_SCHOOL,FACE_TO_FACE,0,,1,6143.39,Other
ALS_04467,30,MALE,JUNIOR_HIGH_SCHOOL,FACE_TO_FACE,0,,0,7487.75,Retired / Pensioner
ALS_02674,27,FEMALE,JUNIOR_HIGH_SCHOOL,MODULAR,0,,1,13120,Self-Employed / Business Owner
ALS_03385,19,FEMALE,JUNIOR_HIGH_SCHOOL,BLENDED,0,,0,10178.87,Self-Employed / Business Owner
ALS_01763,14,MALE,ELEMENTARY,FACE_TO_FACE,0,,0,7748.58,Formal Employment
ALS_02537,16,MALE,JUNIOR_HIGH_SCHOOL,FACE_TO_FACE,0,,0,14691.94,Formal Employment
ALS_02197,15,MALE,JUNIOR_HIGH_SCHOOL,FACE_TO_FACE,1,,1,5451.91,Informal / Contractual Worker
ALS_00953,24,MALE,ELEMENTARY,FACE_TO_FACE,1,0,0,10714.35,Unemployed / No Income
ALS_01826,29,MALE,JUNIOR_HIGH_SCHOOL,MODULAR,0,,1,5188.25,Informal / Contractual Worker
ALS_05884,15,MALE,JUNIOR_HIGH_SCHOOL,FACE_TO_FACE,0,,1,6030.86,Unemployed / No Income
ALS_05337,51,MALE,JUNIOR_HIGH_SCHOOL,MODULAR,1,,1,4106.12,Informal / Contractual Worker
ALS_03008,14,FEMALE,ELEMENTARY,FACE_TO_FACE,0,,1,10444.37,Self-Employed / Business Owner
ALS_02043,21,MALE,JUNIOR_HIGH_SCHOOL,FACE_TO_FACE,1,,1,3449.82,Other
ALS_06620,17,FEMALE,ELEMENTARY,FACE_TO_FACE,0,,1,4663.94,Formal Employment
ALS_04344,19,MALE,JUNIOR_HIGH_SCHOOL,FACE_TO_FACE,1,,0,15043.81,Self-Employed / Business Owner
ALS_00676,16,MALE,JUNIOR_HIGH_SCHOOL,FACE_TO_FACE,0,0.56,0,15547.05,Formal Employment
ALS_05694,22,FEMALE,JUNIOR_HIGH_SCHOOL,FACE_TO_FACE,0,,1,8456.88,Informal / Contractual Worker
ALS_05238,16,FEMALE,JUNIOR_HIGH_SCHOOL,FACE_TO_FACE,0,,0,8476.15,Formal Employment
ALS_01831,35,MALE,JUNIOR_HIGH_SCHOOL,FACE_TO_FACE,1,,1,2728.81,Unemployed / No Income
ALS_01183,17,MALE,JUNIOR_HIGH_SCHOOL,MODULAR,0,,0,15785.91,Informal / Contractual Worker
ALS_04639,18,MALE,JUNIOR_HIGH_SCHOOL,FACE_TO_FACE,0,,1,15988.32,Self-Employed / Business Owner
ALS_03692,21,MALE,JUNIOR_HIGH_SCHOOL,MODULAR,1,,1,14552.18,Unemployed / No Income
ALS_06169,16,MALE,JUNIOR_HIGH_SCHOOL,FACE_TO_FACE,0,0.42,0,12123.86,Self-Employed / Business Owner
ALS_02734,22,MALE,JUNIOR_HIGH_SCHOOL,FACE_TO_FACE,0,,1,7646.13,Informal / Contractual Worker
ALS_05069,19,MALE,JUNIOR_HIGH_SCHOOL,MODULAR,0,,1,13958.75,Informal / Contractual Worker
ALS_05296,14,MALE,ELEMENTARY,FACE_TO_FACE,0,,1,8706.98,Formal Employment
ALS_03652,18,MALE,JUNIOR_HIGH_SCHOOL,MODULAR,0,,1,10314.44,Unemployed / No Income
ALS_02144,30,MALE,JUNIOR_HIGH_SCHOOL,FACE_TO_FACE,0,,1,13400.68,Informal / Contractual Worker
ALS_03120,36,MALE,JUNIOR_HIGH_SCHOOL,FACE_TO_FACE,0,,0,6794.87,Informal / Contractual Worker
ALS_06316,14,MALE,JUNIOR_HIGH_SCHOOL,FACE_TO_FACE,0,,1,22925.03,Other
ALS_05714,17,FEMALE,JUNIOR_HIGH_SCHOOL,FACE_TO_FACE,0,,1,8554.9,OFW (Overseas Filipino Worker)
ALS_03724,22,FEMALE,JUNIOR_HIGH_SCHOOL,BLENDED,0,,0,10381.82,Informal / Contractual Worker
ALS_03435,29,FEMALE,JUNIOR_HIGH_SCHOOL,FACE_TO_FACE,0,0.42,0,11410.98,Formal Employment
ALS_05587,45,FEMALE,JUNIOR_HIGH_SCHOOL,MODULAR,0,,0,19369.66,Informal / Contractual Worker
ALS_02756,21,MALE,JUNIOR_HIGH_SCHOOL,FACE_TO_FACE,0,,1,25094.17,Informal / Contractual Worker
ALS_05685,22,FEMALE,JUNIOR_HIGH_SCHOOL,BLENDED,0,,0,9350.13,Retired / Pensioner
ALS_03863,16,MALE,BLP,FACE_TO_FACE,0,0,1,13367.77,OFW (Overseas Filipino Worker)
ALS_02879,44,FEMALE,JUNIOR_HIGH_SCHOOL,FACE_TO_FACE,0,,1,17208.28,Unemployed / No Income
ALS_04940,20,MALE,JUNIOR_HIGH_SCHOOL,FACE_TO_FACE,0,,1,7839.19,Retired / Pensioner
ALS_04315,24,FEMALE,JUNIOR_HIGH_SCHOOL,FACE_TO_FACE,0,,1,9337.53,Self-Employed / Business Owner
ALS_00328,11,MALE,JUNIOR_HIGH_SCHOOL,FACE_TO_FACE,1,0,0,22178.73,Self-Employed / Business Owner
ALS_02071,18,MALE,ELEMENTARY,BLENDED,0,,1,23826.69,Informal / Contractual Worker
ALS_03860,23,MALE,JUNIOR_HIGH_SCHOOL,MODULAR,0,,1,5648.14,Unemployed / No Income
ALS_01346,26,MALE,JUNIOR_HIGH_SCHOOL,FACE_TO_FACE,0,,1,4195.93,Informal / Contractual Worker
ALS_02237,35,FEMALE,JUNIOR_HIGH_SCHOOL,MODULAR,1,,1,24461.17,Informal / Contractual Worker
ALS_04789,19,MALE,JUNIOR_HIGH_SCHOOL,FACE_TO_FACE,0,0.42,1,2742.46,Retired / Pensioner
ALS_03756,16,MALE,ELEMENTARY,FACE_TO_FACE,0,,0,15466.72,OFW (Overseas Filipino Worker)
ALS_03349,16,MALE,JUNIOR_HIGH_SCHOOL,MODULAR,1,,1,12399.97,Informal / Contractual Worker
ALS_04987,21,MALE,JUNIOR_HIGH_SCHOOL,FACE_TO_FACE,0,,0,4224.2,Informal / Contractual Worker
ALS_02604,27,FEMALE,JUNIOR_HIGH_SCHOOL,FACE_TO_FACE,0,,1,5398.28,Informal / Contractual Worker
ALS_02647,14,MALE,JUNIOR_HIGH_SCHOOL,MODULAR,1,,1,6887.33,Self-Employed / Business Owner
ALS_00275,25,MALE,ELEMENTARY,FACE_TO_FACE,0,0.75,0,6863.62,Formal Employment
ALS_06171,25,MALE,JUNIOR_HIGH_SCHOOL,MODULAR,0,0.42,1,3037.89,Informal / Contractual Worker
ALS_02582,25,MALE,ELEMENTARY,FACE_TO_FACE,0,,1,6802.51,Informal / Contractual Worker
ALS_04238,39,MALE,JUNIOR_HIGH_SCHOOL,MODULAR,0,,1,3772.05,Self-Employed / Business Owner
ALS_06654,24,FEMALE,ELEMENTARY,BLENDED,0,,1,7230.59,Informal / Contractual Worker
ALS_03250,27,FEMALE,JUNIOR_HIGH_SCHOOL,FACE_TO_FACE,0,,1,9311.73,Informal / Contractual Worker
ALS_00017,23,FEMALE,JUNIOR_HIGH_SCHOOL,FACE_TO_FACE,0,0,0,14241.94,Unemployed / No Income
ALS_06018,15,FEMALE,JUNIOR_HIGH_SCHOOL,FACE_TO_FACE,0,,0,5682.23,Unemployed / No Income
ALS_01041,26,FEMALE,JUNIOR_HIGH_SCHOOL,MODULAR,0,5.05,0,13551.9,Unemployed / No Income
ALS_03288,37,FEMALE,JUNIOR_HIGH_SCHOOL,MODULAR,0,1.28,0,20377.3,Formal Employment
ALS_03553,17,MALE,JUNIOR_HIGH_SCHOOL,MODULAR,1,,1,3582.92,Self-Employed / Business Owner
ALS_05870,17,MALE,JUNIOR_HIGH_SCHOOL,BLENDED,0,,1,12187.86,Informal / Contractual Worker
ALS_00352,16,MALE,JUNIOR_HIGH_SCHOOL,MODULAR,0,1.7,0,9694.63,OFW (Overseas Filipino Worker)
ALS_06680,15,MALE,JUNIOR_HIGH_SCHOOL,FACE_TO_FACE,0,,1,11803.03,Informal / Contractual Worker
ALS_02552,22,FEMALE,JUNIOR_HIGH_SCHOOL,BLENDED,0,,1,2538.64,Self-Employed / Business Owner
ALS_04964,24,MALE,ELEMENTARY,FACE_TO_FACE,0,,1,5759.82,Unemployed / No Income
ALS_05191,18,MALE,JUNIOR_HIGH_SCHOOL,MODULAR,0,,1,4996.25,Unemployed / No Income
ALS_06115,21,FEMALE,JUNIOR_HIGH_SCHOOL,FACE_TO_FACE,0,,0,20608.56,Self-Employed / Business Owner
ALS_04236,30,FEMALE,ELEMENTARY,FACE_TO_FACE,1,,1,44822.95,Informal / Contractual Worker
ALS_06116,17,MALE,JUNIOR_HIGH_SCHOOL,MODULAR,0,,1,7451.32,Self-Employed / Business Owner
ALS_03015,23,MALE,JUNIOR_HIGH_SCHOOL,FACE_TO_FACE,0,,0,19846.25,Formal Employment
ALS_02450,26,MALE,JUNIOR_HIGH_SCHOOL,MODULAR,1,,0,10664.18,Formal Employment
ALS_04305,15,MALE,JUNIOR_HIGH_SCHOOL,MODULAR,1,,1,3637.34,Unemployed / No Income
ALS_03297,20,MALE,JUNIOR_HIGH_SCHOOL,BLENDED,1,,1,8113.16,Informal / Contractual Worker
ALS_05550,26,MALE,JUNIOR_HIGH_SCHOOL,MODULAR,0,,1,3817.74,Formal Employment
ALS_05444,14,FEMALE,JUNIOR_HIGH_SCHOOL,FACE_TO_FACE,1,,1,5040.03,Unemployed / No Income
ALS_00636,17,MALE,ELEMENTARY,FACE_TO_FACE,1,1.78,0,10775.05,Retired / Pensioner
ALS_05845,19,MALE,JUNIOR_HIGH_SCHOOL,FACE_TO_FACE,0,0,1,14474.57,Formal Employment
ALS_06072,16,MALE,BLP,FACE_TO_FACE,0,,1,7391.2,Informal / Contractual Worker
ALS_04364,16,MALE,ELEMENTARY,FACE_TO_FACE,0,,1,7861.91,Self-Employed / Business Owner
ALS_06720,26,FEMALE,JUNIOR_HIGH_SCHOOL,MODULAR,0,,0,11867.48,Informal / Contractual Worker
ALS_05854,26,MALE,JUNIOR_HIGH_SCHOOL,BLENDED,0,,0,13362.43,Formal Employment
ALS_05965,29,FEMALE,JUNIOR_HIGH_SCHOOL,FACE_TO_FACE,0,,1,13023.41,Self-Employed / Business Owner
ALS_02011,25,MALE,ELEMENTARY,BLENDED,0,,1,20440.63,OFW (Overseas Filipino Worker)
ALS_00907,26,FEMALE,ELEMENTARY,FACE_TO_FACE,0,2.87,0,5427.01,OFW (Overseas Filipino Worker)
ALS_06503,19,FEMALE,JUNIOR_HIGH_SCHOOL,MODULAR,0,,1,8831.81,Self-Employed / Business Owner
ALS_04759,16,FEMALE,JUNIOR_HIGH_SCHOOL,FACE_TO_FACE,0,,0,10247.48,Formal Employment
ALS_00962,23,FEMALE,JUNIOR_HIGH_SCHOOL,FACE_TO_FACE,0,0,0,5151.46,Informal / Contractual Worker
ALS_05698,31,FEMALE,JUNIOR_HIGH_SCHOOL,FACE_TO_FACE,0,,1,4252.03,Informal / Contractual Worker
ALS_05644,16,MALE,ELEMENTARY,FACE_TO_FACE,0,,0,9364.58,Informal / Contractual Worker
ALS_02024,13,MALE,ELEMENTARY,BLENDED,1,,1,7217.12,Informal / Contractual Worker
ALS_00488,20,MALE,JUNIOR_HIGH_SCHOOL,FACE_TO_FACE,0,0,0,9909.68,Formal Employment
ALS_06153,11,FEMALE,BLP,FACE_TO_FACE,0,,1,8729.81,Other
ALS_06510,34,MALE,JUNIOR_HIGH_SCHOOL,MODULAR,0,,0,4827.85,Self-Employed / Business Owner
ALS_02926,48,FEMALE,JUNIOR_HIGH_SCHOOL,BLENDED,0,,0,6194.45,Informal / Contractual Worker
ALS_05408,29,FEMALE,JUNIOR_HIGH_SCHOOL,FACE_TO_FACE,0,,0,9144.06,Unemployed / No Income
ALS_04801,16,MALE,JUNIOR_HIGH_SCHOOL,FACE_TO_FACE,0,0.42,1,6907.24,Informal / Contractual Worker
ALS_02121,24,MALE,JUNIOR_HIGH_SCHOOL,FACE_TO_FACE,1,,1,10468.04,Self-Employed / Business Owner
ALS_01900,19,MALE,JUNIOR_HIGH_SCHOOL,MODULAR,0,,1,5114.78,Formal Employment
ALS_04357,33,FEMALE,JUNIOR_HIGH_SCHOOL,MODULAR,1,,1,19162.85,Formal Employment
ALS_02664,24,MALE,JUNIOR_HIGH_SCHOOL,MODULAR,0,,1,9650.68,Formal Employment
ALS_06757,17,MALE,JUNIOR_HIGH_SCHOOL,FACE_TO_FACE,0,,1,3256.59,Informal / Contractual Worker
ALS_02723,20,MALE,ELEMENTARY,BLENDED,0,,1,7514.63,Informal / Contractual Worker
ALS_05653,37,FEMALE,JUNIOR_HIGH_SCHOOL,FACE_TO_FACE,0,0,1,10831.04,Self-Employed / Business Owner
ALS_03300,15,MALE,JUNIOR_HIGH_SCHOOL,MODULAR,1,,1,9311.77,Unemployed / No Income
ALS_01070,45,MALE,JUNIOR_HIGH_SCHOOL,MODULAR,0,0,0,28916.14,OFW (Overseas Filipino Worker)
ALS_05900,16,FEMALE,BLP,FACE_TO_FACE,0,,0,5860.37,Self-Employed / Business Owner
ALS_05917,29,FEMALE,JUNIOR_HIGH_SCHOOL,FACE_TO_FACE,0,,1,16612.69,OFW (Overseas Filipino Worker)
ALS_06615,18,MALE,JUNIOR_HIGH_SCHOOL,FACE_TO_FACE,0,,0,11568.59,Informal / Contractual Worker
ALS_05895,11,MALE,BLP,FACE_TO_FACE,0,,1,4401.56,Unemployed / No Income
ALS_03889,24,MALE,BLP,FACE_TO_FACE,0,,1,3357.11,Formal Employment
ALS_03411,30,FEMALE,JUNIOR_HIGH_SCHOOL,BLENDED,1,,1,11577.3,Formal Employment
ALS_02335,23,MALE,ELEMENTARY,MODULAR,1,,1,5982.85,Informal / Contractual Worker
ALS_04644,18,FEMALE,JUNIOR_HIGH_SCHOOL,BLENDED,0,,0,7316.61,Retired / Pensioner
ALS_04934,17,FEMALE,JUNIOR_HIGH_SCHOOL,MODULAR,0,,1,6162.49,Informal / Contractual Worker
ALS_04067,20,FEMALE,JUNIOR_HIGH_SCHOOL,FACE_TO_FACE,0,,1,11512.85,Formal Employment
ALS_02265,31,FEMALE,JUNIOR_HIGH_SCHOOL,MODULAR,0,,1,4510.29,Informal / Contractual Worker
ALS_02986,16,MALE,JUNIOR_HIGH_SCHOOL,FACE_TO_FACE,0,,0,9239.39,Informal / Contractual Worker
ALS_03315,42,MALE,JUNIOR_HIGH_SCHOOL,MODULAR,0,,0,17040.17,Informal / Contractual Worker
ALS_02317,25,MALE,BLP,MODULAR,0,,1,3731.48,Formal Employment
ALS_01399,23,MALE,JUNIOR_HIGH_SCHOOL,MODULAR,0,,1,4126.44,Unemployed / No Income
ALS_04975,16,MALE,JUNIOR_HIGH_SCHOOL,FACE_TO_FACE,1,0.42,1,10667.39,Unemployed / No Income
ALS_05730,16,FEMALE,JUNIOR_HIGH_SCHOOL,MODULAR,0,,1,6845.55,Informal / Contractual Worker
ALS_02365,31,MALE,JUNIOR_HIGH_SCHOOL,MODULAR,0,,1,5051.2,Other
ALS_02498,21,FEMALE,JUNIOR_HIGH_SCHOOL,FACE_TO_FACE,0,,1,2543.09,Informal / Contractual Worker
ALS_05804,22,MALE,JUNIOR_HIGH_SCHOOL,FACE_TO_FACE,0,,0,12578.11,Self-Employed / Business Owner
ALS_06074,21,MALE,JUNIOR_HIGH_SCHOOL,FACE_TO_FACE,0,,1,10497.91,Informal / Contractual Worker
ALS_06762,15,MALE,JUNIOR_HIGH_SCHOOL,FACE_TO_FACE,0,,1,4257.39,Unemployed / No Income
ALS_04225,35,MALE,JUNIOR_HIGH_SCHOOL,FACE_TO_FACE,0,,1,10307.1,Informal / Contractual Worker
ALS_05522,18,MALE,ELEMENTARY,MODULAR,0,,0,13247.98,Retired / Pensioner
ALS_00581,16,MALE,JUNIOR_HIGH_SCHOOL,FACE_TO_FACE,0,2.06,1,5933.82,Other
ALS_00791,26,MALE,JUNIOR_HIGH_SCHOOL,BLENDED,0,10.62,0,13628.81,Formal Employment
ALS_05051,15,MALE,JUNIOR_HIGH_SCHOOL,FACE_TO_FACE,0,,1,8552.33,Self-Employed / Business Owner
ALS_04583,19,MALE,JUNIOR_HIGH_SCHOOL,FACE_TO_FACE,0,,1,5110.73,Informal / Contractual Worker
ALS_05246,15,MALE,JUNIOR_HIGH_SCHOOL,FACE_TO_FACE,0,,0,14171.31,Self-Employed / Business Owner
ALS_00963,18,FEMALE,JUNIOR_HIGH_SCHOOL,FACE_TO_FACE,0,1.21,0,4135.22,Formal Employment
ALS_04544,23,MALE,JUNIOR_HIGH_SCHOOL,MODULAR,0,,1,8752.48,Unemployed / No Income
ALS_02602,35,MALE,JUNIOR_HIGH_SCHOOL,FACE_TO_FACE,0,,1,2515.65,Unemployed / No Income
ALS_04641,38,MALE,JUNIOR_HIGH_SCHOOL,MODULAR,0,,1,4938.58,Unemployed / No Income
ALS_06500,14,MALE,JUNIOR_HIGH_SCHOOL,FACE_TO_FACE,0,,1,9644.78,Other
ALS_00912,22,MALE,JUNIOR_HIGH_SCHOOL,BLENDED,0,1.21,0,13013.22,Formal Employment
ALS_05239,19,FEMALE,JUNIOR_HIGH_SCHOOL,MODULAR,1,,1,15795.83,Unemployed / No Income
ALS_06357,18,FEMALE,JUNIOR_HIGH_SCHOOL,MODULAR,0,,1,9386.25,Informal / Contractual Worker
ALS_03521,17,MALE,JUNIOR_HIGH_SCHOOL,MODULAR,0,,1,5152.49,Unemployed / No Income
ALS_05113,16,MALE,JUNIOR_HIGH_SCHOOL,FACE_TO_FACE,0,,0,10527.14,Retired / Pensioner
ALS_00942,23,MALE,JUNIOR_HIGH_SCHOOL,BLENDED,0,0,0,13080.18,Informal / Contractual Worker
ALS_06350,16,FEMALE,JUNIOR_HIGH_SCHOOL,FACE_TO_FACE,0,,1,5315.89,Informal / Contractual Worker
ALS_05515,26,MALE,JUNIOR_HIGH_SCHOOL,MODULAR,0,,1,7711.64,Self-Employed / Business Owner
ALS_03567,25,FEMALE,JUNIOR_HIGH_SCHOOL,MODULAR,0,0.42,0,15936.54,Other
ALS_02254,30,MALE,ELEMENTARY,MODULAR,0,,1,3972.95,Informal / Contractual Worker
ALS_05569,13,FEMALE,ELEMENTARY,FACE_TO_FACE,0,,1,12508.98,Informal / Contractual Worker
ALS_02455,39,MALE,JUNIOR_HIGH_SCHOOL,MODULAR,0,,1,20665.19,Formal Employment
ALS_04724,15,FEMALE,JUNIOR_HIGH_SCHOOL,FACE_TO_FACE,0,,1,5650.61,Self-Employed / Business Owner
ALS_02070,18,MALE,ELEMENTARY,BLENDED,1,,1,2346.98,Informal / Contractual Worker
ALS_04243,25,MALE,JUNIOR_HIGH_SCHOOL,FACE_TO_FACE,0,,1,4914.02,Unemployed / No Income
ALS_06220,16,FEMALE,JUNIOR_HIGH_SCHOOL,FACE_TO_FACE,0,,1,6628.63,Formal Employment
ALS_05967,47,FEMALE,JUNIOR_HIGH_SCHOOL,FACE_TO_FACE,0,,1,5505.62,Formal Employment
ALS_04869,34,MALE,JUNIOR_HIGH_SCHOOL,FACE_TO_FACE,0,,0,13187.81,Formal Employment
ALS_05899,26,FEMALE,JUNIOR_HIGH_SCHOOL,FACE_TO_FACE,0,,0,14923.33,OFW (Overseas Filipino Worker)
ALS_04577,19,MALE,JUNIOR_HIGH_SCHOOL,FACE_TO_FACE,1,,1,13836.3,Unemployed / No Income
ALS_05607,21,MALE,JUNIOR_HIGH_SCHOOL,FACE_TO_FACE,0,,1,12338.74,Self-Employed / Business Owner
ALS_00848,15,MALE,JUNIOR_HIGH_SCHOOL,FACE_TO_FACE,0,0,0,6456.51,OFW (Overseas Filipino Worker)
ALS_02425,22,MALE,BLP,FACE_TO_FACE,1,,1,4822.7,Unemployed / No Income
ALS_02106,33,MALE,JUNIOR_HIGH_SCHOOL,MODULAR,0,,1,13565.16,Unemployed / No Income
ALS_04860,19,FEMALE,JUNIOR_HIGH_SCHOOL,FACE_TO_FACE,0,,1,17401.88,Self-Employed / Business Owner
ALS_06699,18,MALE,JUNIOR_HIGH_SCHOOL,FACE_TO_FACE,0,,0,13379.96,Self-Employed / Business Owner
ALS_01966,25,FEMALE,JUNIOR_HIGH_SCHOOL,MODULAR,1,,1,3125.86,Formal Employment
ALS_00443,15,FEMALE,JUNIOR_HIGH_SCHOOL,FACE_TO_FACE,0,2.06,0,10413.19,Unemployed / No Income
ALS_04913,17,FEMALE,JUNIOR_HIGH_SCHOOL,MODULAR,0,,1,6514.04,Informal / Contractual Worker
ALS_05492,18,MALE,JUNIOR_HIGH_SCHOOL,FACE_TO_FACE,0,0,0,10520.47,OFW (Overseas Filipino Worker)
ALS_03606,18,FEMALE,JUNIOR_HIGH_SCHOOL,FACE_TO_FACE,0,,0,19634.84,Formal Employment
ALS_03891,46,FEMALE,JUNIOR_HIGH_SCHOOL,FACE_TO_FACE,0,0,0,8778.83,Unemployed / No Income
ALS_03114,17,MALE,JUNIOR_HIGH_SCHOOL,MODULAR,0,,0,8103.31,Informal / Contractual Worker
ALS_01519,16,MALE,JUNIOR_HIGH_SCHOOL,FACE_TO_FACE,0,,1,7842.35,Unemployed / No Income
ALS_00214,16,FEMALE,JUNIOR_HIGH_SCHOOL,FACE_TO_FACE,0,0,0,6056.54,Retired / Pensioner
ALS_06013,16,FEMALE,JUNIOR_HIGH_SCHOOL,FACE_TO_FACE,0,,0,9575.66,Other
ALS_02406,14,MALE,ELEMENTARY,FACE_TO_FACE,0,,1,15298.75,Informal / Contractual Worker
ALS_03737,29,MALE,JUNIOR_HIGH_SCHOOL,MODULAR,0,,1,3314.58,Self-Employed / Business Owner
ALS_00159,15,FEMALE,JUNIOR_HIGH_SCHOOL,FACE_TO_FACE,0,6.4,1,6240.46,Unemployed / No Income
ALS_02657,16,MALE,JUNIOR_HIGH_SCHOOL,MODULAR,0,,1,5150.77,Other
ALS_04750,33,FEMALE,JUNIOR_HIGH_SCHOOL,BLENDED,0,,0,17708.66,Informal / Contractual Worker
ALS_01872,29,MALE,JUNIOR_HIGH_SCHOOL,BLENDED,1,,1,4690.35,Formal Employment
ALS_00534,21,FEMALE,JUNIOR_HIGH_SCHOOL,FACE_TO_FACE,0,1.5,0,5164.14,OFW (Overseas Filipino Worker)
ALS_00898,12,FEMALE,ELEMENTARY,FACE_TO_FACE,0,12.23,0,12247.14,Informal / Contractual Worker
ALS_04351,30,MALE,JUNIOR_HIGH_SCHOOL,BLENDED,0,,1,6628.27,Self-Employed / Business Owner
ALS_03610,17,FEMALE,JUNIOR_HIGH_SCHOOL,FACE_TO_FACE,0,,0,3499.09,Retired / Pensioner
ALS_02002,31,MALE,JUNIOR_HIGH_SCHOOL,BLENDED,1,,1,10789.93,Informal / Contractual Worker
ALS_03425,16,MALE,JUNIOR_HIGH_SCHOOL,FACE_TO_FACE,1,,1,10157.93,Informal / Contractual Worker
ALS_00982,19,MALE,JUNIOR_HIGH_SCHOOL,FACE_TO_FACE,0,0,0,8017.51,Informal / Contractual Worker
ALS_05078,19,MALE,JUNIOR_HIGH_SCHOOL,MODULAR,0,,1,14524.09,Unemployed / No Income
ALS_00977,25,FEMALE,JUNIOR_HIGH_SCHOOL,FACE_TO_FACE,0,0,0,13317.99,OFW (Overseas Filipino Worker)
ALS_01813,34,FEMALE,JUNIOR_HIGH_SCHOOL,MODULAR,1,,1,5690.14,Formal Employment
ALS_00265,21,FEMALE,JUNIOR_HIGH_SCHOOL,MODULAR,0,0,0,8583.94,Informal / Contractual Worker
ALS_05435,24,MALE,JUNIOR_HIGH_SCHOOL,MODULAR,0,,1,7919.16,Other
ALS_04167,20,MALE,JUNIOR_HIGH_SCHOOL,FACE_TO_FACE,1,,1,9628.13,Informal / Contractual Worker
ALS_04264,20,FEMALE,JUNIOR_HIGH_SCHOOL,BLENDED,0,,1,15491.1,Informal / Contractual Worker
ALS_04266,23,MALE,JUNIOR_HIGH_SCHOOL,BLENDED,0,0.7,0,6368.28,Retired / Pensioner
ALS_04672,49,FEMALE,JUNIOR_HIGH_SCHOOL,FACE_TO_FACE,0,,0,9267.74,Self-Employed / Business Owner
ALS_03474,28,FEMALE,JUNIOR_HIGH_SCHOOL,BLENDED,0,,0,17070.36,Informal / Contractual Worker
ALS_04041,18,FEMALE,JUNIOR_HIGH_SCHOOL,FACE_TO_FACE,1,,1,4635.18,Unemployed / No Income
ALS_06055,15,MALE,JUNIOR_HIGH_SCHOOL,FACE_TO_FACE,0,,1,7419.66,Formal Employment
ALS_02009,21,MALE,JUNIOR_HIGH_SCHOOL,FACE_TO_FACE,0,,1,4462.38,Unemployed / No Income
ALS_05286,21,MALE,JUNIOR_HIGH_SCHOOL,MODULAR,0,,1,8969.67,Unemployed / No Income
ALS_03689,21,MALE,JUNIOR_HIGH_SCHOOL,MODULAR,0,,1,3331.24,Informal / Contractual Worker
ALS_05702,14,MALE,ELEMENTARY,MODULAR,0,,1,4010.37,Informal / Contractual Worker
ALS_03955,18,MALE,JUNIOR_HIGH_SCHOOL,FACE_TO_FACE,1,,1,7441.39,Informal / Contractual Worker
ALS_05909,27,MALE,JUNIOR_HIGH_SCHOOL,MODULAR,0,,1,4163.17,Unemployed / No Income
ALS_03438,49,FEMALE,JUNIOR_HIGH_SCHOOL,BLENDED,0,,0,21404.81,Formal Employment
ALS_04497,15,MALE,JUNIOR_HIGH_SCHOOL,FACE_TO_FACE,0,,1,8621.76,Informal / Contractual Worker
ALS_02947,20,MALE,JUNIOR_HIGH_SCHOOL,MODULAR,0,,1,4784.6,OFW (Overseas Filipino Worker)
ALS_03123,38,MALE,JUNIOR_HIGH_SCHOOL,MODULAR,0,,0,21601,Other
ALS_02937,16,MALE,JUNIOR_HIGH_SCHOOL,FACE_TO_FACE,0,,1,2257.72,Self-Employed / Business Owner
ALS_03193,37,FEMALE,JUNIOR_HIGH_SCHOOL,FACE_TO_FACE,0,,0,14868.94,Formal Employment
ALS_02285,22,MALE,JUNIOR_HIGH_SCHOOL,FACE_TO_FACE,0,,1,5076.4,Formal Employment
ALS_01350,16,MALE,JUNIOR_HIGH_SCHOOL,FACE_TO_FACE,0,,1,12673.37,Informal / Contractual Worker
ALS_04132,61,FEMALE,JUNIOR_HIGH_SCHOOL,MODULAR,0,,0,12864.94,OFW (Overseas Filipino Worker)
ALS_04430,15,MALE,JUNIOR_HIGH_SCHOOL,FACE_TO_FACE,1,,0,17045.26,Self-Employed / Business Owner
ALS_05216,30,FEMALE,JUNIOR_HIGH_SCHOOL,MODULAR,0,,1,8954.77,OFW (Overseas Filipino Worker)
ALS_05853,14,MALE,JUNIOR_HIGH_SCHOOL,FACE_TO_FACE,0,,1,9741.23,Formal Employment
ALS_02887,16,MALE,JUNIOR_HIGH_SCHOOL,FACE_TO_FACE,0,,1,2000,Unemployed / No Income
ALS_00101,30,MALE,JUNIOR_HIGH_SCHOOL,MODULAR,0,0,0,6500.49,Unemployed / No Income
ALS_01715,27,MALE,JUNIOR_HIGH_SCHOOL,FACE_TO_FACE,0,,1,5619.89,Self-Employed / Business Owner
ALS_03087,23,MALE,JUNIOR_HIGH_SCHOOL,MODULAR,0,,0,7071.72,Formal Employment
ALS_05212,41,MALE,JUNIOR_HIGH_SCHOOL,MODULAR,0,,0,19559.18,Self-Employed / Business Owner
ALS_01999,19,FEMALE,JUNIOR_HIGH_SCHOOL,FACE_TO_FACE,1,,1,9898.96,Informal / Contractual Worker
ALS_04915,18,FEMALE,ELEMENTARY,MODULAR,0,,1,6411.07,Informal / Contractual Worker
ALS_03027,27,MALE,JUNIOR_HIGH_SCHOOL,FACE_TO_FACE,0,,1,11065.29,Unemployed / No Income
ALS_02137,27,MALE,JUNIOR_HIGH_SCHOOL,FACE_TO_FACE,1,,1,9436.11,Unemployed / No Income
ALS_01116,21,FEMALE,JUNIOR_HIGH_SCHOOL,FACE_TO_FACE,1,,1,5533.66,OFW (Overseas Filipino Worker)
ALS_02816,21,MALE,JUNIOR_HIGH_SCHOOL,FACE_TO_FACE,0,,1,11958.84,Informal / Contractual Worker
ALS_02501,18,FEMALE,JUNIOR_HIGH_SCHOOL,BLENDED,0,,0,16079.86,Formal Employment
ALS_04806,21,FEMALE,JUNIOR_HIGH_SCHOOL,FACE_TO_FACE,0,,1,15722.8,Informal / Contractual Worker
ALS_05429,29,MALE,JUNIOR_HIGH_SCHOOL,FACE_TO_FACE,0,,1,10803.95,Informal / Contractual Worker
ALS_05786,28,MALE,JUNIOR_HIGH_SCHOOL,FACE_TO_FACE,0,,0,16216.54,OFW (Overseas Filipino Worker)
ALS_02572,14,MALE,JUNIOR_HIGH_SCHOOL,FACE_TO_FACE,1,,1,10202.5,Self-Employed / Business Owner
ALS_06727,15,MALE,JUNIOR_HIGH_SCHOOL,FACE_TO_FACE,0,,1,3994.1,Unemployed / No Income
ALS_06676,27,FEMALE,JUNIOR_HIGH_SCHOOL,FACE_TO_FACE,0,,0,12086.22,Formal Employment
ALS_04143,16,FEMALE,JUNIOR_HIGH_SCHOOL,MODULAR,0,,0,7545.84,Self-Employed / Business Owner
ALS_00218,17,MALE,JUNIOR_HIGH_SCHOOL,BLENDED,0,0,0,6727.47,Retired / Pensioner
ALS_05692,17,MALE,JUNIOR_HIGH_SCHOOL,BLENDED,0,,0,16682.59,Informal / Contractual Worker
ALS_04886,19,FEMALE,JUNIOR_HIGH_SCHOOL,FACE_TO_FACE,0,,1,7940.07,Unemployed / No Income
ALS_06781,15,FEMALE,JUNIOR_HIGH_SCHOOL,FACE_TO_FACE,0,,1,8432.82,OFW (Overseas Filipino Worker)
ALS_04545,21,MALE,JUNIOR_HIGH_SCHOOL,FACE_TO_FACE,0,,1,4454.86,Formal Employment
ALS_06756,17,MALE,JUNIOR_HIGH_SCHOOL,MODULAR,0,,1,6192.27,Informal / Contractual Worker
ALS_03694,16,FEMALE,JUNIOR_HIGH_SCHOOL,FACE_TO_FACE,0,,0,17805.67,Informal / Contractual Worker
ALS_07056,27,FEMALE,JUNIOR_HIGH_SCHOOL,MODULAR,0,,1,5263.16,Informal / Contractual Worker
ALS_06552,14,FEMALE,JUNIOR_HIGH_SCHOOL,FACE_TO_FACE,0,,1,13564.34,Self-Employed / Business Owner
ALS_00553,25,MALE,JUNIOR_HIGH_SCHOOL,MODULAR,0,1.64,0,6606.35,Formal Employment
ALS_03996,16,MALE,ELEMENTARY,FACE_TO_FACE,0,,1,4388.55,Informal / Contractual Worker
ALS_01423,16,MALE,JUNIOR_HIGH_SCHOOL,FACE_TO_FACE,0,,1,8148.23,Informal / Contractual Worker
ALS_03712,19,MALE,JUNIOR_HIGH_SCHOOL,MODULAR,1,,1,7163.33,Unemployed / No Income
ALS_00833,23,FEMALE,ELEMENTARY,BLENDED,0,0,0,7841.76,OFW (Overseas Filipino Worker)
ALS_06215,13,MALE,ELEMENTARY,FACE_TO_FACE,0,,1,9601.01,Informal / Contractual Worker
ALS_06458,16,FEMALE,JUNIOR_HIGH_SCHOOL,FACE_TO_FACE,0,0.42,1,7145.71,Informal / Contractual Worker
ALS_03809,36,FEMALE,JUNIOR_HIGH_SCHOOL,FACE_TO_FACE,1,,0,10443.11,Informal / Contractual Worker
ALS_01227,16,MALE,JUNIOR_HIGH_SCHOOL,FACE_TO_FACE,0,,1,4670.92,Unemployed / No Income
ALS_02324,22,MALE,JUNIOR_HIGH_SCHOOL,FACE_TO_FACE,0,,1,8293.96,Self-Employed / Business Owner
ALS_01863,29,MALE,JUNIOR_HIGH_SCHOOL,FACE_TO_FACE,1,,1,19552.02,Unemployed / No Income
ALS_04668,45,FEMALE,JUNIOR_HIGH_SCHOOL,FACE_TO_FACE,0,,1,9276.08,Informal / Contractual Worker
ALS_00054,28,MALE,JUNIOR_HIGH_SCHOOL,MODULAR,0,0,0,16213.3,Retired / Pensioner
ALS_04777,16,MALE,JUNIOR_HIGH_SCHOOL,FACE_TO_FACE,0,,1,12414.57,Unemployed / No Income
ALS_02115,42,MALE,JUNIOR_HIGH_SCHOOL,MODULAR,0,,1,3266.64,Self-Employed / Business Owner
ALS_03255,44,FEMALE,JUNIOR_HIGH_SCHOOL,MODULAR,0,,0,9383.97,Self-Employed / Business Owner
ALS_05983,33,FEMALE,JUNIOR_HIGH_SCHOOL,FACE_TO_FACE,0,,0,7453.94,Self-Employed / Business Owner
ALS_00051,27,FEMALE,JUNIOR_HIGH_SCHOOL,MODULAR,0,1.04,0,17065.06,OFW (Overseas Filipino Worker)
ALS_05479,26,MALE,JUNIOR_HIGH_SCHOOL,MODULAR,0,0,0,14310.85,Other
ALS_06270,19,FEMALE,JUNIOR_HIGH_SCHOOL,MODULAR,0,,1,18220.36,Unemployed / No Income
ALS_03907,17,MALE,JUNIOR_HIGH_SCHOOL,FACE_TO_FACE,0,,0,8003.11,Informal / Contractual Worker
ALS_06240,30,FEMALE,JUNIOR_HIGH_SCHOOL,FACE_TO_FACE,0,,0,8129.79,OFW (Overseas Filipino Worker)
ALS_00385,20,MALE,JUNIOR_HIGH_SCHOOL,FACE_TO_FACE,,2.19,0,18024.54,Self-Employed / Business Owner
ALS_01821,16,MALE,JUNIOR_HIGH_SCHOOL,FACE_TO_FACE,0,,0,6146.3,Other
ALS_05368,18,MALE,JUNIOR_HIGH_SCHOOL,FACE_TO_FACE,0,0.01,0,9587.41,Unemployed / No Income
ALS_03318,15,MALE,JUNIOR_HIGH_SCHOOL,MODULAR,0,,1,13457.47,Self-Employed / Business Owner
ALS_04050,22,FEMALE,JUNIOR_HIGH_SCHOOL,MODULAR,0,,0,13389,OFW (Overseas Filipino Worker)
ALS_01669,17,MALE,JUNIOR_HIGH_SCHOOL,MODULAR,0,,1,6935.94,Informal / Contractual Worker
ALS_06743,31,FEMALE,JUNIOR_HIGH_SCHOOL,FACE_TO_FACE,0,,1,10467.31,Informal / Contractual Worker
ALS_06451,28,FEMALE,JUNIOR_HIGH_SCHOOL,MODULAR,0,0.42,1,17547.08,Formal Employment
ALS_05971,15,MALE,JUNIOR_HIGH_SCHOOL,FACE_TO_FACE,0,,1,7111.36,Informal / Contractual Worker
ALS_03165,23,MALE,JUNIOR_HIGH_SCHOOL,FACE_TO_FACE,0,,0,11777.82,Informal / Contractual Worker
ALS_02251,20,MALE,JUNIOR_HIGH_SCHOOL,MODULAR,0,,1,4217.31,Formal Employment
ALS_05507,59,FEMALE,JUNIOR_HIGH_SCHOOL,FACE_TO_FACE,0,0,0,16617.92,Informal / Contractual Worker
ALS_06187,17,MALE,JUNIOR_HIGH_SCHOOL,FACE_TO_FACE,0,0.42,0,5064.67,Other
ALS_05395,16,MALE,JUNIOR_HIGH_SCHOOL,FACE_TO_FACE,0,,0,11025.04,Unemployed / No Income
ALS_00788,16,FEMALE,JUNIOR_HIGH_SCHOOL,BLENDED,0,2.1,0,12525.51,Formal Employment
ALS_01740,23,MALE,JUNIOR_HIGH_SCHOOL,MODULAR,1,,1,11107.47,Formal Employment
ALS_00517,51,FEMALE,JUNIOR_HIGH_SCHOOL,FACE_TO_FACE,0,1.48,0,12709.67,Self-Employed / Business Owner
ALS_05019,14,FEMALE,JUNIOR_HIGH_SCHOOL,FACE_TO_FACE,1,,0,14180.33,Informal / Contractual Worker
ALS_05265,18,MALE,JUNIOR_HIGH_SCHOOL,FACE_TO_FACE,0,,1,6495.91,Self-Employed / Business Owner
ALS_00842,22,FEMALE,JUNIOR_HIGH_SCHOOL,MODULAR,0,0.93,0,6469.86,Informal / Contractual Worker
ALS_02323,23,MALE,JUNIOR_HIGH_SCHOOL,FACE_TO_FACE,1,,0,20958.83,Formal Employment
ALS_02489,17,MALE,JUNIOR_HIGH_SCHOOL,FACE_TO_FACE,1,,1,9495.87,Informal / Contractual Worker
ALS_04540,15,MALE,JUNIOR_HIGH_SCHOOL,FACE_TO_FACE,0,,1,6236.72,Informal / Contractual Worker
ALS_04455,16,MALE,JUNIOR_HIGH_SCHOOL,FACE_TO_FACE,0,,1,3383.16,Other
ALS_06076,25,MALE,JUNIOR_HIGH_SCHOOL,FACE_TO_FACE,0,,0,13417.56,Formal Employment
ALS_06301,23,MALE,JUNIOR_HIGH_SCHOOL,BLENDED,0,,1,5765.77,Retired / Pensioner
ALS_05940,41,FEMALE,BLP,FACE_TO_FACE,0,,1,9578.91,Other
ALS_01267,25,FEMALE,ELEMENTARY,MODULAR,0,1.28,0,14076.8,Self-Employed / Business Owner
ALS_01954,22,FEMALE,JUNIOR_HIGH_SCHOOL,MODULAR,0,,1,4178.28,Informal / Contractual Worker
ALS_04656,41,MALE,ELEMENTARY,FACE_TO_FACE,0,,1,16716.42,Self-Employed / Business Owner
ALS_05387,48,FEMALE,JUNIOR_HIGH_SCHOOL,FACE_TO_FACE,0,,1,2630.84,Informal / Contractual Worker
ALS_05034,17,MALE,JUNIOR_HIGH_SCHOOL,FACE_TO_FACE,0,,1,4674.95,Unemployed / No Income
ALS_06034,15,FEMALE,JUNIOR_HIGH_SCHOOL,FACE_TO_FACE,0,,1,8370.53,Unemployed / No Income
ALS_04192,16,FEMALE,JUNIOR_HIGH_SCHOOL,FACE_TO_FACE,1,,1,8050.6,Formal Employment
ALS_06051,16,MALE,JUNIOR_HIGH_SCHOOL,FACE_TO_FACE,0,,1,10944.03,Unemployed / No Income
ALS_02834,16,FEMALE,JUNIOR_HIGH_SCHOOL,FACE_TO_FACE,0,,1,7949.39,Informal / Contractual Worker
ALS_03251,18,FEMALE,JUNIOR_HIGH_SCHOOL,FACE_TO_FACE,1,,1,16576.01,Unemployed / No Income
ALS_01644,47,FEMALE,JUNIOR_HIGH_SCHOOL,FACE_TO_FACE,0,,0,8437.24,Informal / Contractual Worker
ALS_00895,31,FEMALE,JUNIOR_HIGH_SCHOOL,MODULAR,0,5.05,0,11864.87,Formal Employment
ALS_04746,24,MALE,JUNIOR_HIGH_SCHOOL,BLENDED,0,,0,19904.63,Formal Employment
ALS_06132,21,MALE,JUNIOR_HIGH_SCHOOL,FACE_TO_FACE,0,,1,5758.82,Unemployed / No Income
ALS_02949,22,FEMALE,ELEMENTARY,FACE_TO_FACE,0,,1,9911.04,OFW (Overseas Filipino Worker)
ALS_06811,31,FEMALE,JUNIOR_HIGH_SCHOOL,BLENDED,1,,0,10863.56,OFW (Overseas Filipino Worker)
ALS_04877,18,MALE,JUNIOR_HIGH_SCHOOL,MODULAR,0,,1,5245.98,Formal Employment
ALS_04795,17,MALE,JUNIOR_HIGH_SCHOOL,FACE_TO_FACE,0,,1,13147.94,Informal / Contractual Worker
ALS_01764,14,MALE,ELEMENTARY,BLENDED,0,,0,11943.12,Retired / Pensioner
ALS_04482,57,MALE,JUNIOR_HIGH_SCHOOL,MODULAR,0,,1,6630.4,Informal / Contractual Worker
ALS_04571,34,FEMALE,JUNIOR_HIGH_SCHOOL,FACE_TO_FACE,0,,1,6300.14,Other
ALS_01253,22,FEMALE,JUNIOR_HIGH_SCHOOL,FACE_TO_FACE,1,,0,12613.49,OFW (Overseas Filipino Worker)
ALS_05132,12,FEMALE,ELEMENTARY,FACE_TO_FACE,0,,0,5245.48,Formal Employment
ALS_02383,32,MALE,JUNIOR_HIGH_SCHOOL,MODULAR,0,,0,10120.8,OFW (Overseas Filipino Worker)
ALS_00509,17,FEMALE,JUNIOR_HIGH_SCHOOL,MODULAR,0,,0,14940.9,Informal / Contractual Worker
ALS_03415,20,FEMALE,JUNIOR_HIGH_SCHOOL,BLENDED,1,,1,7308.32,Unemployed / No Income
ALS_01640,15,FEMALE,JUNIOR_HIGH_SCHOOL,MODULAR,0,,0,8779.32,OFW (Overseas Filipino Worker)
ALS_02559,20,MALE,JUNIOR_HIGH_SCHOOL,FACE_TO_FACE,0,,0,10732.41,Formal Employment
ALS_02981,24,MALE,JUNIOR_HIGH_SCHOOL,MODULAR,0,,0,10778.01,Formal Employment
ALS_06258,14,MALE,JUNIOR_HIGH_SCHOOL,FACE_TO_FACE,0,,1,4638.59,Other
ALS_04539,17,MALE,JUNIOR_HIGH_SCHOOL,FACE_TO_FACE,0,,1,6069.57,Formal Employment
ALS_06714,18,MALE,JUNIOR_HIGH_SCHOOL,FACE_TO_FACE,0,,0,5372.37,Informal / Contractual Worker
ALS_04972,15,MALE,ELEMENTARY,FACE_TO_FACE,1,0.42,0,15708.21,Informal / Contractual Worker
ALS_05848,15,MALE,JUNIOR_HIGH_SCHOOL,BLENDED,0,,0,5947.23,Self-Employed / Business Owner
ALS_06753,15,MALE,JUNIOR_HIGH_SCHOOL,FACE_TO_FACE,0,,1,3282.8,Informal / Contractual Worker
ALS_04227,23,FEMALE,JUNIOR_HIGH_SCHOOL,FACE_TO_FACE,0,,1,6294.25,Informal / Contractual Worker
ALS_01329,17,MALE,JUNIOR_HIGH_SCHOOL,BLENDED,0,,1,7075.79,Formal Employment
ALS_00894,19,MALE,JUNIOR_HIGH_SCHOOL,BLENDED,0,6.46,0,13229.45,Formal Employment
ALS_06010,16,MALE,JUNIOR_HIGH_SCHOOL,FACE_TO_FACE,0,,1,10149.39,Formal Employment
ALS_06231,15,MALE,JUNIOR_HIGH_SCHOOL,FACE_TO_FACE,0,,0,10299.82,Formal Employment
ALS_05913,21,MALE,JUNIOR_HIGH_SCHOOL,MODULAR,0,,0,9381.49,Self-Employed / Business Owner
ALS_05560,31,FEMALE,ELEMENTARY,MODULAR,0,,1,5931.46,Other
ALS_05943,19,MALE,JUNIOR_HIGH_SCHOOL,FACE_TO_FACE,0,,1,3831.7,Formal Employment
ALS_03461,33,FEMALE,JUNIOR_HIGH_SCHOOL,BLENDED,1,,1,7175.17,Informal / Contractual Worker
ALS_03308,18,FEMALE,JUNIOR_HIGH_SCHOOL,BLENDED,1,,1,5421.45,Informal / Contractual Worker
ALS_01089,35,FEMALE,JUNIOR_HIGH_SCHOOL,FACE_TO_FACE,0,,0,11271.71,Other
ALS_04046,13,FEMALE,JUNIOR_HIGH_SCHOOL,FACE_TO_FACE,1,,1,4619.26,Informal / Contractual Worker
ALS_06154,32,FEMALE,JUNIOR_HIGH_SCHOOL,FACE_TO_FACE,0,,1,17519.4,Unemployed / No Income
ALS_02472,24,MALE,JUNIOR_HIGH_SCHOOL,MODULAR,0,,1,6501.6,Informal / Contractual Worker
ALS_00482,16,FEMALE,JUNIOR_HIGH_SCHOOL,FACE_TO_FACE,0,0,0,15354.38,Self-Employed / Business Owner
ALS_04005,17,MALE,JUNIOR_HIGH_SCHOOL,FACE_TO_FACE,0,0.42,0,15773.03,Informal / Contractual Worker
ALS_02965,31,FEMALE,JUNIOR_HIGH_SCHOOL,MODULAR,0,1.28,0,9012.31,Formal Employment
ALS_02360,44,FEMALE,JUNIOR_HIGH_SCHOOL,FACE_TO_FACE,0,,1,31384.63,OFW (Overseas Filipino Worker)
ALS_06093,17,MALE,JUNIOR_HIGH_SCHOOL,FACE_TO_FACE,0,,1,6116.06,Unemployed / No Income
ALS_04969,30,FEMALE,JUNIOR_HIGH_SCHOOL,FACE_TO_FACE,1,,0,10157.74,Informal / Contractual Worker
ALS_05231,17,MALE,ELEMENTARY,FACE_TO_FACE,0,,0,7429.82,Self-Employed / Business Owner
ALS_04208,17,FEMALE,JUNIOR_HIGH_SCHOOL,BLENDED,1,,0,5666.49,Informal / Contractual Worker
ALS_04077,24,FEMALE,JUNIOR_HIGH_SCHOOL,MODULAR,0,,1,4303.72,Self-Employed / Business Owner
ALS_04837,22,MALE,BLP,FACE_TO_FACE,1,,0,16779.66,Formal Employment
ALS_06101,27,FEMALE,JUNIOR_HIGH_SCHOOL,FACE_TO_FACE,0,,0,6675.75,Formal Employment
ALS_03823,25,FEMALE,JUNIOR_HIGH_SCHOOL,FACE_TO_FACE,1,,1,6476.22,Informal / Contractual Worker
ALS_04537,17,MALE,JUNIOR_HIGH_SCHOOL,FACE_TO_FACE,0,,1,4844.13,Informal / Contractual Worker
ALS_05005,31,FEMALE,JUNIOR_HIGH_SCHOOL,BLENDED,0,,1,10716.94,Informal / Contractual Worker
ALS_03560,39,FEMALE,JUNIOR_HIGH_SCHOOL,MODULAR,0,,1,5688.51,Self-Employed / Business Owner
ALS_05841,23,FEMALE,JUNIOR_HIGH_SCHOOL,BLENDED,0,,1,7461.58,OFW (Overseas Filipino Worker)
ALS_02539,19,MALE,JUNIOR_HIGH_SCHOOL,BLENDED,0,,0,7856.64,Formal Employment
ALS_02300,22,MALE,JUNIOR_HIGH_SCHOOL,MODULAR,0,,1,11028.39,Formal Employment
ALS_01192,15,MALE,JUNIOR_HIGH_SCHOOL,FACE_TO_FACE,0,,1,7009.65,OFW (Overseas Filipino Worker)
ALS_05247,16,MALE,JUNIOR_HIGH_SCHOOL,FACE_TO_FACE,0,,0,12974.38,Self-Employed / Business Owner
ALS_03439,26,FEMALE,JUNIOR_HIGH_SCHOOL,BLENDED,0,,0,5964.25,Informal / Contractual Worker
ALS_06216,26,MALE,ELEMENTARY,FACE_TO_FACE,0,,1,8148.24,Self-Employed / Business Owner
ALS_02541,14,MALE,ELEMENTARY,BLENDED,0,,1,5490.36,Retired / Pensioner
ALS_00727,25,MALE,JUNIOR_HIGH_SCHOOL,MODULAR,0,0,0,13575.79,Self-Employed / Business Owner
ALS_04199,16,FEMALE,JUNIOR_HIGH_SCHOOL,BLENDED,0,,0,7482.44,Formal Employment
ALS_03473,23,FEMALE,JUNIOR_HIGH_SCHOOL,FACE_TO_FACE,0,,0,6559.09,OFW (Overseas Filipino Worker)
ALS_05831,15,MALE,JUNIOR_HIGH_SCHOOL,FACE_TO_FACE,0,,0,8422.82,Self-Employed / Business Owner
ALS_03958,19,MALE,ELEMENTARY,FACE_TO_FACE,0,,1,11819.23,Retired / Pensioner
ALS_01533,15,FEMALE,JUNIOR_HIGH_SCHOOL,MODULAR,0,,1,17208.85,Retired / Pensioner
ALS_06023,17,MALE,JUNIOR_HIGH_SCHOOL,FACE_TO_FACE,0,,1,6674.45,Formal Employment
ALS_06715,15,MALE,JUNIOR_HIGH_SCHOOL,FACE_TO_FACE,0,,0,7457.87,Other
ALS_00584,15,MALE,JUNIOR_HIGH_SCHOOL,MODULAR,0,0,1,4548.38,Informal / Contractual Worker
ALS_00738,17,MALE,JUNIOR_HIGH_SCHOOL,BLENDED,0,0,0,12163.87,Informal / Contractual Worker
ALS_02175,28,FEMALE,JUNIOR_HIGH_SCHOOL,FACE_TO_FACE,0,,0,20705.63,Unemployed / No Income
ALS_02649,23,MALE,JUNIOR_HIGH_SCHOOL,BLENDED,0,,0,14813.97,Self-Employed / Business Owner
ALS_01064,23,MALE,JUNIOR_HIGH_SCHOOL,BLENDED,0,1.98,0,13483.51,Informal / Contractual Worker
ALS_03741,22,FEMALE,JUNIOR_HIGH_SCHOOL,BLENDED,0,,0,8292.52,Informal / Contractual Worker
ALS_03576,15,FEMALE,JUNIOR_HIGH_SCHOOL,MODULAR,1,,1,7900.52,Formal Employment
ALS_02247,21,FEMALE,JUNIOR_HIGH_SCHOOL,FACE_TO_FACE,0,,1,17782.99,Retired / Pensioner
ALS_06540,16,MALE,JUNIOR_HIGH_SCHOOL,FACE_TO_FACE,0,0,0,9813.27,Retired / Pensioner
ALS_04065,21,FEMALE,JUNIOR_HIGH_SCHOOL,BLENDED,0,0.42,0,11402.24,Informal / Contractual Worker
ALS_02316,29,MALE,JUNIOR_HIGH_SCHOOL,FACE_TO_FACE,0,,1,6739.1,Informal / Contractual Worker
ALS_00520,24,MALE,JUNIOR_HIGH_SCHOOL,MODULAR,1,1.64,0,10570.85,Formal Employment
ALS_00166,20,MALE,JUNIOR_HIGH_SCHOOL,BLENDED,0,1.13,0,11568.83,Informal / Contractual Worker
ALS_01467,18,MALE,JUNIOR_HIGH_SCHOOL,FACE_TO_FACE,0,,0,6311.92,Formal Employment
ALS_00730,28,MALE,JUNIOR_HIGH_SCHOOL,MODULAR,0,0,0,23926.38,Unemployed / No Income
ALS_02508,19,FEMALE,JUNIOR_HIGH_SCHOOL,MODULAR,1,,1,15532.82,Formal Employment
ALS_06571,15,MALE,JUNIOR_HIGH_SCHOOL,FACE_TO_FACE,0,,0,5902.6,OFW (Overseas Filipino Worker)
ALS_02828,18,MALE,JUNIOR_HIGH_SCHOOL,FACE_TO_FACE,0,,1,4823.49,Informal / Contractual Worker
ALS_04275,13,MALE,ELEMENTARY,FACE_TO_FACE,0,,0,10064.46,Self-Employed / Business Owner
ALS_06529,19,MALE,JUNIOR_HIGH_SCHOOL,MODULAR,0,,1,6847.31,Informal / Contractual Worker
ALS_00530,17,MALE,ELEMENTARY,MODULAR,1,3.57,0,15582.87,Formal Employment
ALS_05026,19,MALE,JUNIOR_HIGH_SCHOOL,FACE_TO_FACE,0,,1,12546.29,Informal / Contractual Worker
ALS_03614,17,MALE,JUNIOR_HIGH_SCHOOL,FACE_TO_FACE,1,,1,8579.9,Self-Employed / Business Owner
ALS_02891,17,FEMALE,JUNIOR_HIGH_SCHOOL,FACE_TO_FACE,0,,1,5977.35,Formal Employment
ALS_03293,20,MALE,JUNIOR_HIGH_SCHOOL,BLENDED,0,,0,7673.1,Self-Employed / Business Owner
ALS_02913,15,MALE,JUNIOR_HIGH_SCHOOL,FACE_TO_FACE,0,,0,17207.72,Other
ALS_05352,16,MALE,JUNIOR_HIGH_SCHOOL,FACE_TO_FACE,1,,0,5681.39,Unemployed / No Income
ALS_06159,13,FEMALE,BLP,FACE_TO_FACE,0,,1,17968.44,Informal / Contractual Worker
ALS_00399,15,FEMALE,JUNIOR_HIGH_SCHOOL,FACE_TO_FACE,0,0,0,7668.3,Formal Employment
ALS_05131,30,FEMALE,JUNIOR_HIGH_SCHOOL,FACE_TO_FACE,0,,1,7342.88,Self-Employed / Business Owner
ALS_04256,17,MALE,ELEMENTARY,BLENDED,0,,1,7958.99,Retired / Pensioner
ALS_01638,32,FEMALE,JUNIOR_HIGH_SCHOOL,MODULAR,0,,0,3717.49,Informal / Contractual Worker
ALS_04857,45,FEMALE,ELEMENTARY,FACE_TO_FACE,0,,1,6594.36,Informal / Contractual Worker
ALS_05416,32,FEMALE,JUNIOR_HIGH_SCHOOL,FACE_TO_FACE,0,,0,17039.79,Informal / Contractual Worker
ALS_02232,44,MALE,JUNIOR_HIGH_SCHOOL,MODULAR,1,,0,6249.4,Self-Employed / Business Owner
ALS_03360,29,MALE,JUNIOR_HIGH_SCHOOL,MODULAR,1,,1,4892.48,Self-Employed / Business Owner
ALS_00540,18,FEMALE,JUNIOR_HIGH_SCHOOL,BLENDED,0,2.63,0,7825.83,Informal / Contractual Worker
ALS_05570,41,FEMALE,JUNIOR_HIGH_SCHOOL,MODULAR,0,,1,8213.03,OFW (Overseas Filipino Worker)
ALS_06174,25,MALE,JUNIOR_HIGH_SCHOOL,FACE_TO_FACE,0,,0,15069.35,Unemployed / No Income
ALS_02942,27,MALE,JUNIOR_HIGH_SCHOOL,MODULAR,0,,1,14228.08,Informal / Contractual Worker
ALS_05375,17,MALE,JUNIOR_HIGH_SCHOOL,FACE_TO_FACE,0,0.01,0,12452.89,OFW (Overseas Filipino Worker)
ALS_05646,35,FEMALE,ELEMENTARY,MODULAR,0,,1,7022.54,Unemployed / No Income
ALS_02134,33,MALE,JUNIOR_HIGH_SCHOOL,FACE_TO_FACE,1,,1,13933.33,Formal Employment
ALS_04159,33,MALE,JUNIOR_HIGH_SCHOOL,BLENDED,0,,1,4849.22,Informal / Contractual Worker
ALS_06389,21,FEMALE,JUNIOR_HIGH_SCHOOL,FACE_TO_FACE,0,,1,8289.66,Other
ALS_00071,17,FEMALE,JUNIOR_HIGH_SCHOOL,MODULAR,0,0.05,0,17207.88,Informal / Contractual Worker
ALS_06721,23,MALE,ELEMENTARY,FACE_TO_FACE,0,,0,14258.03,Formal Employment
ALS_04068,16,FEMALE,JUNIOR_HIGH_SCHOOL,MODULAR,0,,0,15904.53,Retired / Pensioner
ALS_06484,20,FEMALE,JUNIOR_HIGH_SCHOOL,FACE_TO_FACE,0,,0,8576.11,OFW (Overseas Filipino Worker)
ALS_04831,28,MALE,ELEMENTARY,MODULAR,1,,0,10240.68,Informal / Contractual Worker
ALS_00947,16,MALE,JUNIOR_HIGH_SCHOOL,FACE_TO_FACE,0,0,0,14836.88,Self-Employed / Business Owner
ALS_02880,18,FEMALE,JUNIOR_HIGH_SCHOOL,FACE_TO_FACE,0,,1,10377.92,Unemployed / No Income
ALS_03577,26,MALE,JUNIOR_HIGH_SCHOOL,MODULAR,0,,0,14925.9,Formal Employment
ALS_02897,45,MALE,JUNIOR_HIGH_SCHOOL,MODULAR,0,,0,16280,Retired / Pensioner
ALS_04986,22,MALE,ELEMENTARY,FACE_TO_FACE,1,0.42,0,7535.66,Self-Employed / Business Owner
ALS_05626,20,MALE,JUNIOR_HIGH_SCHOOL,MODULAR,0,,1,9654.3,Informal / Contractual Worker
ALS_00136,17,FEMALE,JUNIOR_HIGH_SCHOOL,FACE_TO_FACE,0,0,0,6494.13,Formal Employment
ALS_01211,32,FEMALE,JUNIOR_HIGH_SCHOOL,FACE_TO_FACE,0,,1,6813.34,Informal / Contractual Worker
ALS_01375,16,MALE,JUNIOR_HIGH_SCHOOL,FACE_TO_FACE,1,,1,2832.97,Unemployed / No Income
ALS_03649,17,MALE,JUNIOR_HIGH_SCHOOL,FACE_TO_FACE,0,,1,6917.26,Other
ALS_05779,42,MALE,JUNIOR_HIGH_SCHOOL,BLENDED,0,,1,11691.63,Self-Employed / Business Owner
ALS_03932,23,MALE,ELEMENTARY,MODULAR,1,,0,6046.28,Retired / Pensioner
ALS_06152,10,FEMALE,BLP,FACE_TO_FACE,0,,1,10248.5,Self-Employed / Business Owner
ALS_03502,19,FEMALE,JUNIOR_HIGH_SCHOOL,MODULAR,1,,1,7063.74,Informal / Contractual Worker
ALS_04487,21,MALE,JUNIOR_HIGH_SCHOOL,MODULAR,0,,1,14747.67,Self-Employed / Business Owner
ALS_04918,18,MALE,ELEMENTARY,MODULAR,0,,1,4356.53,Formal Employment
ALS_04828,15,MALE,JUNIOR_HIGH_SCHOOL,FACE_TO_FACE,0,,0,8593.95,Formal Employment
ALS_03078,27,MALE,JUNIOR_HIGH_SCHOOL,FACE_TO_FACE,1,,1,9199.67,Informal / Contractual Worker
ALS_05018,40,FEMALE,JUNIOR_HIGH_SCHOOL,FACE_TO_FACE,0,,1,17146.15,Other
ALS_03739,21,MALE,JUNIOR_HIGH_SCHOOL,BLENDED,0,,0,10160.25,Formal Employment
ALS_04245,24,MALE,JUNIOR_HIGH_SCHOOL,FACE_TO_FACE,0,,1,16456.24,Unemployed / No Income
ALS_06657,16,MALE,JUNIOR_HIGH_SCHOOL,FACE_TO_FACE,0,,1,20049.47,OFW (Overseas Filipino Worker)
ALS_01017,26,MALE,JUNIOR_HIGH_SCHOOL,MODULAR,0,0,0,6215.19,Formal Employment
ALS_00921,32,FEMALE,JUNIOR_HIGH_SCHOOL,FACE_TO_FACE,0,19.99,0,9787.41,Informal / Contractual Worker
ALS_02899,16,MALE,JUNIOR_HIGH_SCHOOL,BLENDED,0,,0,14125.38,Formal Employment
ALS_03051,21,FEMALE,JUNIOR_HIGH_SCHOOL,FACE_TO_FACE,0,,0,16590.46,Self-Employed / Business Owner
ALS_06590,31,FEMALE,JUNIOR_HIGH_SCHOOL,MODULAR,0,,1,4010.15,Informal / Contractual Worker
ALS_04356,24,MALE,JUNIOR_HIGH_SCHOOL,FACE_TO_FACE,1,,0,8162.37,Informal / Contractual Worker
ALS_01779,33,FEMALE,JUNIOR_HIGH_SCHOOL,MODULAR,1,,1,6086.59,Unemployed / No Income
ALS_03691,22,MALE,ELEMENTARY,MODULAR,1,0.42,0,13726.31,Other
ALS_06248,33,FEMALE,JUNIOR_HIGH_SCHOOL,MODULAR,0,,1,8070.84,Unemployed / No Income
ALS_03857,31,FEMALE,JUNIOR_HIGH_SCHOOL,BLENDED,0,0,0,5985.95,Unemployed / No Income
ALS_02509,28,MALE,JUNIOR_HIGH_SCHOOL,FACE_TO_FACE,0,,1,11210.96,Unemployed / No Income
ALS_05808,15,FEMALE,JUNIOR_HIGH_SCHOOL,FACE_TO_FACE,0,,1,4102.73,Informal / Contractual Worker
ALS_00967,28,FEMALE,JUNIOR_HIGH_SCHOOL,FACE_TO_FACE,0,0,0,7898.81,Informal / Contractual Worker
ALS_02507,23,MALE,JUNIOR_HIGH_SCHOOL,FACE_TO_FACE,0,,1,8642.77,Formal Employment
ALS_02349,21,MALE,JUNIOR_HIGH_SCHOOL,FACE_TO_FACE,0,,1,4909.6,Unemployed / No Income
ALS_05549,17,MALE,JUNIOR_HIGH_SCHOOL,FACE_TO_FACE,0,,1,7067.15,Informal / Contractual Worker
ALS_04645,22,FEMALE,JUNIOR_HIGH_SCHOOL,MODULAR,0,,0,11152.47,Unemployed / No Income
ALS_02035,36,MALE,JUNIOR_HIGH_SCHOOL,FACE_TO_FACE,0,,1,3324,Informal / Contractual Worker
ALS_03630,14,MALE,BLP,FACE_TO_FACE,0,,1,10218.74,Self-Employed / Business Owner
ALS_02439,35,MALE,JUNIOR_HIGH_SCHOOL,FACE_TO_FACE,0,,1,2845.08,Informal / Contractual Worker
ALS_05631,40,FEMALE,JUNIOR_HIGH_SCHOOL,MODULAR,0,,1,9059.02,Informal / Contractual Worker
ALS_03743,27,MALE,JUNIOR_HIGH_SCHOOL,MODULAR,0,,1,3969.35,Self-Employed / Business Owner
ALS_03513,23,FEMALE,JUNIOR_HIGH_SCHOOL,FACE_TO_FACE,0,,1,4969.05,Informal / Contractual Worker
ALS_00212,13,MALE,ELEMENTARY,MODULAR,0,0,0,7949.84,Other
ALS_00010,55,FEMALE,JUNIOR_HIGH_SCHOOL,MODULAR,0,1.7,0,7487.86,Self-Employed / Business Owner
ALS_00939,15,MALE,JUNIOR_HIGH_SCHOOL,BLENDED,0,1.37,0,11993.67,Informal / Contractual Worker
ALS_03806,30,FEMALE,JUNIOR_HIGH_SCHOOL,FACE_TO_FACE,0,,1,10014,OFW (Overseas Filipino Worker)
ALS_06704,28,FEMALE,JUNIOR_HIGH_SCHOOL,MODULAR,0,,0,6804.64,Formal Employment
ALS_04027,14,MALE,ELEMENTARY,FACE_TO_FACE,0,,1,8654.77,OFW (Overseas Filipino Worker)
ALS_04718,26,FEMALE,JUNIOR_HIGH_SCHOOL,FACE_TO_FACE,0,,0,11172.23,Formal Employment
ALS_02728,28,FEMALE,JUNIOR_HIGH_SCHOOL,BLENDED,0,,1,3958.46,OFW (Overseas Filipino Worker)
ALS_04282,17,FEMALE,JUNIOR_HIGH_SCHOOL,BLENDED,0,,1,2220.3,Informal / Contractual Worker
ALS_00141,24,MALE,JUNIOR_HIGH_SCHOOL,FACE_TO_FACE,0,1.73,0,10127.65,Retired / Pensioner
ALS_04310,40,FEMALE,BLP,FACE_TO_FACE,0,,1,8147.54,Self-Employed / Business Owner
ALS_04748,16,FEMALE,JUNIOR_HIGH_SCHOOL,FACE_TO_FACE,0,,0,13359.92,Informal / Contractual Worker
ALS_00249,31,FEMALE,JUNIOR_HIGH_SCHOOL,FACE_TO_FACE,0,0.05,0,14922.76,Formal Employment
ALS_03069,20,MALE,ELEMENTARY,FACE_TO_FACE,1,,1,8197.98,Informal / Contractual Worker
ALS_02447,28,FEMALE,JUNIOR_HIGH_SCHOOL,MODULAR,1,,0,11280.94,Formal Employment
ALS_05127,31,FEMALE,ELEMENTARY,MODULAR,0,,1,3460.79,Retired / Pensioner
ALS_05825,21,MALE,JUNIOR_HIGH_SCHOOL,FACE_TO_FACE,0,,1,18114.67,OFW (Overseas Filipino Worker)
ALS_04961,26,FEMALE,JUNIOR_HIGH_SCHOOL,MODULAR,0,,0,8494.57,Formal Employment
ALS_05780,37,FEMALE,JUNIOR_HIGH_SCHOOL,BLENDED,0,,1,11448.89,Self-Employed / Business Owner
ALS_04527,17,MALE,JUNIOR_HIGH_SCHOOL,FACE_TO_FACE,0,,1,3499.24,Formal Employment
ALS_03848,19,MALE,ELEMENTARY,FACE_TO_FACE,1,,1,11530.23,Unemployed / No Income
ALS_04622,19,MALE,JUNIOR_HIGH_SCHOOL,FACE_TO_FACE,0,,1,3733.3,Unemployed / No Income
ALS_00717,21,MALE,JUNIOR_HIGH_SCHOOL,MODULAR,0,0,0,16716.2,Formal Employment
ALS_00662,22,FEMALE,JUNIOR_HIGH_SCHOOL,BLENDED,0,1.64,0,11603.16,Retired / Pensioner
ALS_06565,16,MALE,JUNIOR_HIGH_SCHOOL,FACE_TO_FACE,0,,0,7146.06,Self-Employed / Business Owner
ALS_01023,21,MALE,BLP,MODULAR,0,,1,16179.28,Other
ALS_05023,33,MALE,JUNIOR_HIGH_SCHOOL,MODULAR,0,,1,17213.02,OFW (Overseas Filipino Worker)
ALS_05111,18,MALE,JUNIOR_HIGH_SCHOOL,MODULAR,0,,0,11474.4,Formal Employment
ALS_05807,15,FEMALE,ELEMENTARY,MODULAR,0,,0,8059.03,Informal / Contractual Worker
ALS_06111,27,FEMALE,ELEMENTARY,FACE_TO_FACE,0,,1,17958.01,Unemployed / No Income
ALS_06589,19,FEMALE,JUNIOR_HIGH_SCHOOL,FACE_TO_FACE,0,,0,3407.95,Informal / Contractual Worker
ALS_06737,15,MALE,JUNIOR_HIGH_SCHOOL,FACE_TO_FACE,0,,1,3911.41,Self-Employed / Business Owner
ALS_04376,16,MALE,JUNIOR_HIGH_SCHOOL,MODULAR,0,,1,6187.9,Formal Employment
ALS_06482,24,FEMALE,JUNIOR_HIGH_SCHOOL,FACE_TO_FACE,0,,0,6895.06,Formal Employment
ALS_01179,31,MALE,JUNIOR_HIGH_SCHOOL,MODULAR,0,,0,8951.05,Formal Employment
ALS_05760,25,FEMALE,JUNIOR_HIGH_SCHOOL,MODULAR,0,,1,3871.8,Informal / Contractual Worker
ALS_02554,25,FEMALE,JUNIOR_HIGH_SCHOOL,BLENDED,0,,1,4524.3,Unemployed / No Income
ALS_02712,74,MALE,ELEMENTARY,BLENDED,0,,1,20719.73,Unemployed / No Income
ALS_03421,34,MALE,JUNIOR_HIGH_SCHOOL,BLENDED,0,,1,7906.24,Other
ALS_06583,16,FEMALE,JUNIOR_HIGH_SCHOOL,FACE_TO_FACE,0,,0,8638.15,OFW (Overseas Filipino Worker)
ALS_01325,34,MALE,JUNIOR_HIGH_SCHOOL,MODULAR,0,,1,6533.07,Self-Employed / Business Owner
ALS_05290,21,MALE,JUNIOR_HIGH_SCHOOL,MODULAR,0,,0,5312.36,Self-Employed / Business Owner
ALS_03159,28,MALE,JUNIOR_HIGH_SCHOOL,FACE_TO_FACE,0,,0,9068.74,Informal / Contractual Worker
ALS_04233,24,MALE,JUNIOR_HIGH_SCHOOL,BLENDED,1,,1,6720.53,Unemployed / No Income
ALS_06371,14,MALE,BLP,FACE_TO_FACE,0,,1,4839.51,Informal / Contractual Worker
ALS_02833,31,FEMALE,JUNIOR_HIGH_SCHOOL,FACE_TO_FACE,0,,1,5595.21,Informal / Contractual Worker
ALS_02515,28,MALE,BLP,MODULAR,1,,1,9586.48,Self-Employed / Business Owner
ALS_05253,15,MALE,JUNIOR_HIGH_SCHOOL,FACE_TO_FACE,0,,0,12861.18,OFW (Overseas Filipino Worker)
ALS_02203,15,FEMALE,JUNIOR_HIGH_SCHOOL,FACE_TO_FACE,1,,1,6323.39,Formal Employment
ALS_01989,45,FEMALE,JUNIOR_HIGH_SCHOOL,FACE_TO_FACE,0,,1,6080.2,Self-Employed / Business Owner
ALS_05597,13,MALE,ELEMENTARY,FACE_TO_FACE,0,,0,6354.79,Formal Employment
ALS_03976,40,FEMALE,JUNIOR_HIGH_SCHOOL,FACE_TO_FACE,0,,0,11912.76,Formal Employment
ALS_04576,33,FEMALE,JUNIOR_HIGH_SCHOOL,FACE_TO_FACE,0,,1,6707.02,OFW (Overseas Filipino Worker)
ALS_03348,18,MALE,JUNIOR_HIGH_SCHOOL,MODULAR,0,,0,4263.59,Informal / Contractual Worker
ALS_05049,32,FEMALE,JUNIOR_HIGH_SCHOOL,MODULAR,0,,1,7752.02,Retired / Pensioner
ALS_03850,18,MALE,JUNIOR_HIGH_SCHOOL,MODULAR,1,,1,6759.58,Unemployed / No Income
ALS_06695,27,FEMALE,JUNIOR_HIGH_SCHOOL,MODULAR,0,,0,13321.31,Formal Employment
ALS_06634,17,FEMALE,JUNIOR_HIGH_SCHOOL,FACE_TO_FACE,0,,1,5733.7,Other
ALS_01169,58,FEMALE,JUNIOR_HIGH_SCHOOL,FACE_TO_FACE,0,,0,8224.54,Unemployed / No Income
ALS_03495,17,MALE,ELEMENTARY,MODULAR,0,,1,5931.53,Other
ALS_04790,16,MALE,JUNIOR_HIGH_SCHOOL,FACE_TO_FACE,0,0.42,1,9257.03,Informal / Contractual Worker
ALS_03706,16,MALE,JUNIOR_HIGH_SCHOOL,MODULAR,1,0.42,1,6197.37,Informal / Contractual Worker
ALS_01969,44,FEMALE,JUNIOR_HIGH_SCHOOL,FACE_TO_FACE,0,,1,6624.48,Informal / Contractual Worker
ALS_02616,17,MALE,JUNIOR_HIGH_SCHOOL,MODULAR,0,,1,5240.81,Informal / Contractual Worker
ALS_06200,12,MALE,ELEMENTARY,FACE_TO_FACE,0,,0,5806.09,Other
ALS_04401,13,MALE,BLP,FACE_TO_FACE,0,,1,7029.34,Informal / Contractual Worker
ALS_02504,18,FEMALE,JUNIOR_HIGH_SCHOOL,MODULAR,1,,1,9585.34,Self-Employed / Business Owner
ALS_04955,22,FEMALE,JUNIOR_HIGH_SCHOOL,MODULAR,0,,1,2952.98,Unemployed / No Income
ALS_01852,14,MALE,JUNIOR_HIGH_SCHOOL,FACE_TO_FACE,0,,1,8103.06,Informal / Contractual Worker
ALS_05665,33,MALE,JUNIOR_HIGH_SCHOOL,MODULAR,0,,1,10127.9,Formal Employment
ALS_05365,29,FEMALE,JUNIOR_HIGH_SCHOOL,MODULAR,0,,1,7446.51,Formal Employment
ALS_00528,20,MALE,JUNIOR_HIGH_SCHOOL,MODULAR,0,1.64,0,17470.6,Informal / Contractual Worker
ALS_04830,19,MALE,JUNIOR_HIGH_SCHOOL,FACE_TO_FACE,0,,1,5382.97,Unemployed / No Income
ALS_01672,23,MALE,JUNIOR_HIGH_SCHOOL,FACE_TO_FACE,0,,1,11889.31,OFW (Overseas Filipino Worker)
ALS_04075,15,FEMALE,JUNIOR_HIGH_SCHOOL,MODULAR,1,,0,13075.22,Formal Employment
ALS_05489,25,MALE,ELEMENTARY,FACE_TO_FACE,1,0,1,11993.85,Unemployed / No Income
ALS_06662,16,FEMALE,JUNIOR_HIGH_SCHOOL,FACE_TO_FACE,0,,0,16255.72,Formal Employment
ALS_00216,15,MALE,JUNIOR_HIGH_SCHOOL,BLENDED,0,0,0,12190.28,Informal / Contractual Worker
ALS_02057,26,FEMALE,JUNIOR_HIGH_SCHOOL,MODULAR,1,,1,4673.96,OFW (Overseas Filipino Worker)
ALS_06493,17,MALE,JUNIOR_HIGH_SCHOOL,FACE_TO_FACE,0,,1,9248.71,Unemployed / No Income
ALS_04722,58,MALE,JUNIOR_HIGH_SCHOOL,FACE_TO_FACE,0,,1,8245.47,Other
ALS_04185,18,MALE,JUNIOR_HIGH_SCHOOL,FACE_TO_FACE,1,0.08,0,12392.54,Formal Employment
ALS_00470,23,MALE,ELEMENTARY,FACE_TO_FACE,1,0,0,8920.04,Other
ALS_05298,15,MALE,JUNIOR_HIGH_SCHOOL,MODULAR,0,,1,2626.01,Other
ALS_03532,40,MALE,JUNIOR_HIGH_SCHOOL,MODULAR,0,,1,8691.09,Formal Employment
ALS_04153,16,MALE,JUNIOR_HIGH_SCHOOL,BLENDED,0,,0,12814.64,Formal Employment
ALS_01805,12,FEMALE,BLP,FACE_TO_FACE,0,0.63,1,3630.16,Retired / Pensioner
ALS_02369,20,FEMALE,JUNIOR_HIGH_SCHOOL,MODULAR,1,,1,7445.28,Unemployed / No Income
ALS_02284,43,MALE,JUNIOR_HIGH_SCHOOL,MODULAR,0,,1,3485.28,Self-Employed / Business Owner
ALS_05292,20,MALE,JUNIOR_HIGH_SCHOOL,MODULAR,0,,1,9528.77,Informal / Contractual Worker
ALS_05503,26,MALE,ELEMENTARY,MODULAR,0,,1,24021.69,Informal / Contractual Worker
ALS_00201,31,FEMALE,JUNIOR_HIGH_SCHOOL,FACE_TO_FACE,0,0,0,10206.12,Formal Employment
ALS_04269,32,MALE,BLP,MODULAR,0,,1,5339.85,Informal / Contractual Worker
ALS_00005,26,MALE,JUNIOR_HIGH_SCHOOL,FACE_TO_FACE,0,0,0,7951.57,Unemployed / No Income
ALS_00012,21,MALE,JUNIOR_HIGH_SCHOOL,MODULAR,0,0,0,9733,Informal / Contractual Worker
ALS_02088,19,MALE,JUNIOR_HIGH_SCHOOL,BLENDED,1,,1,4557.81,Informal / Contractual Worker
ALS_06649,15,MALE,JUNIOR_HIGH_SCHOOL,BLENDED,0,,1,3265.52,Formal Employment
ALS_02510,20,MALE,JUNIOR_HIGH_SCHOOL,MODULAR,0,,1,4364.09,Self-Employed / Business Owner
ALS_01649,16,FEMALE,JUNIOR_HIGH_SCHOOL,FACE_TO_FACE,1,,1,12356.35,Unemployed / No Income
ALS_02519,18,FEMALE,JUNIOR_HIGH_SCHOOL,BLENDED,0,,0,5974.02,Unemployed / No Income
ALS_01792,16,FEMALE,JUNIOR_HIGH_SCHOOL,FACE_TO_FACE,1,,1,7495.53,Formal Employment
ALS_06527,14,MALE,JUNIOR_HIGH_SCHOOL,FACE_TO_FACE,0,,1,3079.37,Self-Employed / Business Owner
ALS_06729,19,MALE,JUNIOR_HIGH_SCHOOL,MODULAR,0,,1,6479.44,Formal Employment
ALS_05629,14,MALE,JUNIOR_HIGH_SCHOOL,FACE_TO_FACE,0,,1,6029.5,Unemployed / No Income
ALS_04267,26,MALE,JUNIOR_HIGH_SCHOOL,MODULAR,0,,1,9913.01,Informal / Contractual Worker
ALS_03020,20,MALE,JUNIOR_HIGH_SCHOOL,FACE_TO_FACE,0,,1,5703.5,Self-Employed / Business Owner
ALS_04840,15,MALE,JUNIOR_HIGH_SCHOOL,FACE_TO_FACE,1,,0,10469.83,Informal / Contractual Worker
ALS_06652,27,FEMALE,JUNIOR_HIGH_SCHOOL,BLENDED,0,,1,8933.05,Unemployed / No Income
ALS_05592,16,MALE,JUNIOR_HIGH_SCHOOL,FACE_TO_FACE,0,,0,12904,Formal Employment
ALS_02047,32,MALE,JUNIOR_HIGH_SCHOOL,FACE_TO_FACE,0,,1,6942.67,Informal / Contractual Worker
ALS_00103,18,MALE,JUNIOR_HIGH_SCHOOL,BLENDED,0,3.62,0,11198.85,Self-Employed / Business Owner
ALS_03686,23,MALE,JUNIOR_HIGH_SCHOOL,BLENDED,0,0.42,0,13660.7,OFW (Overseas Filipino Worker)
ALS_02622,19,MALE,JUNIOR_HIGH_SCHOOL,MODULAR,0,,1,3124.87,Other
ALS_04358,13,FEMALE,ELEMENTARY,BLENDED,0,,1,4330.59,Informal / Contractual Worker
ALS_04735,41,FEMALE,JUNIOR_HIGH_SCHOOL,FACE_TO_FACE,1,,1,14125.68,Self-Employed / Business Owner
ALS_03928,23,MALE,JUNIOR_HIGH_SCHOOL,MODULAR,0,,1,8766.56,Self-Employed / Business Owner
ALS_05540,21,MALE,JUNIOR_HIGH_SCHOOL,FACE_TO_FACE,0,0.42,0,9211.71,Formal Employment
ALS_06361,16,MALE,JUNIOR_HIGH_SCHOOL,FACE_TO_FACE,0,,0,10746.27,Formal Employment
ALS_02131,28,MALE,JUNIOR_HIGH_SCHOOL,FACE_TO_FACE,1,,1,8047.52,Informal / Contractual Worker
ALS_01871,19,MALE,JUNIOR_HIGH_SCHOOL,BLENDED,0,,0,10723.4,Informal / Contractual Worker
ALS_03608,24,FEMALE,JUNIOR_HIGH_SCHOOL,FACE_TO_FACE,0,,0,25135.85,Retired / Pensioner
ALS_02154,30,FEMALE,JUNIOR_HIGH_SCHOOL,FACE_TO_FACE,1,,1,7251.9,Self-Employed / Business Owner
ALS_03597,48,FEMALE,JUNIOR_HIGH_SCHOOL,MODULAR,0,,1,3219.7,Unemployed / No Income
ALS_03827,25,MALE,ELEMENTARY,MODULAR,0,,1,6382.58,Informal / Contractual Worker
ALS_06429,21,MALE,JUNIOR_HIGH_SCHOOL,MODULAR,0,,1,9086.58,Formal Employment
ALS_06496,17,MALE,JUNIOR_HIGH_SCHOOL,MODULAR,0,,1,10603.12,Unemployed / No Income
ALS_00373,22,MALE,JUNIOR_HIGH_SCHOOL,FACE_TO_FACE,0,2.92,0,5910.97,Formal Employment
ALS_01897,39,FEMALE,JUNIOR_HIGH_SCHOOL,MODULAR,1,,1,12406.6,Other
ALS_03100,29,MALE,JUNIOR_HIGH_SCHOOL,FACE_TO_FACE,1,0.42,1,8922.55,Other
ALS_05938,14,FEMALE,ELEMENTARY,FACE_TO_FACE,0,,0,26154.3,Informal / Contractual Worker
ALS_02125,15,MALE,JUNIOR_HIGH_SCHOOL,FACE_TO_FACE,1,,1,9907.57,Unemployed / No Income
ALS_06262,21,MALE,JUNIOR_HIGH_SCHOOL,FACE_TO_FACE,0,,1,5564.69,Formal Employment
ALS_05220,29,FEMALE,JUNIOR_HIGH_SCHOOL,MODULAR,0,,0,7641.37,Informal / Contractual Worker
ALS_05483,45,FEMALE,JUNIOR_HIGH_SCHOOL,MODULAR,0,0,0,9113.36,Self-Employed / Business Owner
ALS_01935,22,FEMALE,JUNIOR_HIGH_SCHOOL,MODULAR,0,,1,15032.59,Formal Employment
ALS_03791,19,MALE,JUNIOR_HIGH_SCHOOL,FACE_TO_FACE,1,,1,4548.43,Self-Employed / Business Owner
ALS_01787,14,MALE,ELEMENTARY,FACE_TO_FACE,1,,1,8758.44,Informal / Contractual Worker
ALS_05542,15,MALE,JUNIOR_HIGH_SCHOOL,MODULAR,0,0.42,1,6506.97,Other
ALS_05523,24,MALE,JUNIOR_HIGH_SCHOOL,MODULAR,0,,1,13967.15,Unemployed / No Income
ALS_03969,13,MALE,ELEMENTARY,FACE_TO_FACE,1,,1,6929.16,Self-Employed / Business Owner
ALS_03210,30,MALE,JUNIOR_HIGH_SCHOOL,FACE_TO_FACE,0,,0,11994.49,Formal Employment
ALS_03103,18,MALE,JUNIOR_HIGH_SCHOOL,MODULAR,0,,0,13729.8,Informal / Contractual Worker
ALS_05959,31,MALE,JUNIOR_HIGH_SCHOOL,FACE_TO_FACE,0,,1,10753.58,Informal / Contractual Worker
ALS_02587,30,FEMALE,JUNIOR_HIGH_SCHOOL,FACE_TO_FACE,0,,1,5217.76,Retired / Pensioner
ALS_00922,37,FEMALE,JUNIOR_HIGH_SCHOOL,MODULAR,0,0,0,10467.7,Formal Employment
ALS_04084,21,MALE,ELEMENTARY,FACE_TO_FACE,0,,0,11702.23,Informal / Contractual Worker
ALS_03965,20,MALE,JUNIOR_HIGH_SCHOOL,FACE_TO_FACE,1,,1,13544.71,Unemployed / No Income
ALS_02130,32,MALE,JUNIOR_HIGH_SCHOOL,FACE_TO_FACE,1,,1,12074.52,Informal / Contractual Worker
ALS_02997,18,MALE,JUNIOR_HIGH_SCHOOL,MODULAR,0,,1,16360.4,Unemployed / No Income
ALS_01520,18,MALE,ELEMENTARY,FACE_TO_FACE,0,,1,6475.47,Self-Employed / Business Owner
ALS_04984,20,MALE,JUNIOR_HIGH_SCHOOL,FACE_TO_FACE,0,,1,11833.38,Informal / Contractual Worker
ALS_06391,17,MALE,JUNIOR_HIGH_SCHOOL,FACE_TO_FACE,0,,0,19750.24,OFW (Overseas Filipino Worker)
ALS_03111,18,MALE,JUNIOR_HIGH_SCHOOL,FACE_TO_FACE,0,,1,10735.88,OFW (Overseas Filipino Worker)
ALS_03482,14,MALE,ELEMENTARY,MODULAR,1,,1,13437.05,Other
ALS_06549,29,MALE,JUNIOR_HIGH_SCHOOL,MODULAR,0,0,0,33879.85,Informal / Contractual Worker
ALS_03517,15,FEMALE,JUNIOR_HIGH_SCHOOL,MODULAR,0,,1,10911.61,OFW (Overseas Filipino Worker)
ALS_00706,18,MALE,JUNIOR_HIGH_SCHOOL,BLENDED,0,0,0,12737.47,Formal Employment
ALS_02689,11,FEMALE,ELEMENTARY,MODULAR,0,,0,14480.17,OFW (Overseas Filipino Worker)
ALS_05500,20,FEMALE,JUNIOR_HIGH_SCHOOL,FACE_TO_FACE,1,,1,8296.24,Informal / Contractual Worker
ALS_02585,20,MALE,JUNIOR_HIGH_SCHOOL,FACE_TO_FACE,0,,0,10151.43,Informal / Contractual Worker
ALS_01940,26,FEMALE,JUNIOR_HIGH_SCHOOL,FACE_TO_FACE,0,,1,13573.98,Self-Employed / Business Owner
ALS_06232,15,MALE,JUNIOR_HIGH_SCHOOL,FACE_TO_FACE,0,,0,22262.96,OFW (Overseas Filipino Worker)
ALS_03549,15,MALE,ELEMENTARY,FACE_TO_FACE,0,0.42,0,10090.65,OFW (Overseas Filipino Worker)
ALS_04033,20,MALE,JUNIOR_HIGH_SCHOOL,MODULAR,0,,1,2000,Informal / Contractual Worker
ALS_02461,28,FEMALE,ELEMENTARY,MODULAR,0,,1,6445.06,Informal / Contractual Worker
ALS_02044,27,FEMALE,JUNIOR_HIGH_SCHOOL,MODULAR,1,,1,4936.35,Informal / Contractual Worker
ALS_05695,29,FEMALE,ELEMENTARY,FACE_TO_FACE,0,,1,13510.61,Informal / Contractual Worker
ALS_06179,21,MALE,JUNIOR_HIGH_SCHOOL,MODULAR,0,0.42,1,6919.97,Unemployed / No Income
ALS_04201,16,MALE,JUNIOR_HIGH_SCHOOL,BLENDED,1,,0,13321.52,Formal Employment
ALS_02228,20,MALE,JUNIOR_HIGH_SCHOOL,MODULAR,1,,1,11055.15,Informal / Contractual Worker
ALS_03501,18,FEMALE,JUNIOR_HIGH_SCHOOL,MODULAR,0,,0,6662.33,Formal Employment
ALS_00674,14,MALE,ELEMENTARY,FACE_TO_FACE,0,1.71,0,3242.84,Informal / Contractual Worker
ALS_04340,21,FEMALE,JUNIOR_HIGH_SCHOOL,MODULAR,0,,1,8192.51,Self-Employed / Business Owner
ALS_02221,19,MALE,JUNIOR_HIGH_SCHOOL,FACE_TO_FACE,1,,0,29224.57,Informal / Contractual Worker
ALS_05835,24,FEMALE,JUNIOR_HIGH_SCHOOL,BLENDED,0,,1,13185.07,Unemployed / No Income
ALS_01765,12,FEMALE,ELEMENTARY,BLENDED,0,,0,17098.25,Formal Employment
ALS_00988,45,FEMALE,JUNIOR_HIGH_SCHOOL,MODULAR,0,0,0,15992.38,Formal Employment
ALS_04496,20,MALE,JUNIOR_HIGH_SCHOOL,FACE_TO_FACE,0,,1,11536.32,OFW (Overseas Filipino Worker)
ALS_06464,19,FEMALE,JUNIOR_HIGH_SCHOOL,FACE_TO_FACE,0,,1,7646.7,OFW (Overseas Filipino Worker)
ALS_05725,17,MALE,JUNIOR_HIGH_SCHOOL,FACE_TO_FACE,0,,0,7017.75,Informal / Contractual Worker
ALS_00789,40,FEMALE,JUNIOR_HIGH_SCHOOL,BLENDED,0,2.1,0,5141.8,OFW (Overseas Filipino Worker)
ALS_06155,15,FEMALE,JUNIOR_HIGH_SCHOOL,FACE_TO_FACE,0,,1,9856.71,Retired / Pensioner
ALS_04446,12,MALE,ELEMENTARY,FACE_TO_FACE,0,,0,9563.18,Self-Employed / Business Owner
ALS_05916,15,FEMALE,ELEMENTARY,FACE_TO_FACE,0,,1,7672.79,Unemployed / No Income
ALS_02295,38,FEMALE,JUNIOR_HIGH_SCHOOL,MODULAR,0,,1,6112.24,Other
ALS_03556,11,FEMALE,ELEMENTARY,FACE_TO_FACE,0,0.42,0,11204.77,Informal / Contractual Worker
ALS_04165,15,FEMALE,JUNIOR_HIGH_SCHOOL,FACE_TO_FACE,1,,1,9840.89,Informal / Contractual Worker
ALS_00857,16,FEMALE,JUNIOR_HIGH_SCHOOL,FACE_TO_FACE,0,0,0,14664.92,Self-Employed / Business Owner
ALS_06059,16,FEMALE,JUNIOR_HIGH_SCHOOL,FACE_TO_FACE,0,,1,16709.64,OFW (Overseas Filipino Worker)
ALS_03882,28,FEMALE,JUNIOR_HIGH_SCHOOL,MODULAR,1,,1,11800,Formal Employment
ALS_00970,24,FEMALE,JUNIOR_HIGH_SCHOOL,FACE_TO_FACE,0,0,0,10688.78,Unemployed / No Income
ALS_02364,18,MALE,JUNIOR_HIGH_SCHOOL,MODULAR,1,5.99,1,5155.24,Unemployed / No Income
ALS_04665,27,MALE,BLP,FACE_TO_FACE,0,,1,11724.75,Unemployed / No Income
ALS_03116,15,MALE,JUNIOR_HIGH_SCHOOL,FACE_TO_FACE,1,0.42,1,5112.7,Formal Employment
ALS_05934,12,FEMALE,ELEMENTARY,FACE_TO_FACE,0,,0,18815.55,Unemployed / No Income
ALS_04855,15,FEMALE,JUNIOR_HIGH_SCHOOL,FACE_TO_FACE,0,,1,2000,Unemployed / No Income
ALS_04749,26,FEMALE,JUNIOR_HIGH_SCHOOL,BLENDED,0,,0,12416.48,Self-Employed / Business Owner
ALS_01190,25,FEMALE,JUNIOR_HIGH_SCHOOL,FACE_TO_FACE,0,,1,4715.1,Retired / Pensioner
ALS_08017,28,FEMALE,JUNIOR_HIGH_SCHOOL,FACE_TO_FACE,,0.42,0,12211.08,Self-Employed / Business Owner
ALS_02711,32,MALE,JUNIOR_HIGH_SCHOOL,FACE_TO_FACE,0,,1,8244.63,Formal Employment
ALS_04792,17,MALE,JUNIOR_HIGH_SCHOOL,FACE_TO_FACE,0,,1,3668.12,Retired / Pensioner
ALS_03137,15,FEMALE,JUNIOR_HIGH_SCHOOL,FACE_TO_FACE,0,,1,8330.35,Self-Employed / Business Owner
ALS_05380,18,FEMALE,JUNIOR_HIGH_SCHOOL,FACE_TO_FACE,0,,1,13608.31,Retired / Pensioner
ALS_02135,32,MALE,JUNIOR_HIGH_SCHOOL,FACE_TO_FACE,1,,1,7280.05,Self-Employed / Business Owner
ALS_05836,41,MALE,BLP,FACE_TO_FACE,0,,1,9429.54,OFW (Overseas Filipino Worker)
ALS_04822,16,MALE,JUNIOR_HIGH_SCHOOL,FACE_TO_FACE,0,,0,17853.43,Formal Employment
ALS_00824,16,MALE,ELEMENTARY,BLENDED,0,0,0,7903.39,Formal Employment
ALS_00266,12,FEMALE,ELEMENTARY,FACE_TO_FACE,0,0,0,12630.16,OFW (Overseas Filipino Worker)
ALS_04253,16,MALE,JUNIOR_HIGH_SCHOOL,FACE_TO_FACE,0,,1,6567.48,Unemployed / No Income
ALS_06476,24,FEMALE,JUNIOR_HIGH_SCHOOL,FACE_TO_FACE,0,,0,8310.76,Formal Employment
ALS_02281,20,MALE,JUNIOR_HIGH_SCHOOL,MODULAR,0,,1,2315.48,Formal Employment
ALS_05204,14,MALE,ELEMENTARY,FACE_TO_FACE,0,,1,8544.95,Unemployed / No Income
ALS_03412,26,FEMALE,JUNIOR_HIGH_SCHOOL,MODULAR,0,1.28,0,7879.42,Other
ALS_04991,16,MALE,JUNIOR_HIGH_SCHOOL,FACE_TO_FACE,0,,1,5184.56,Unemployed / No Income
ALS_04177,49,FEMALE,ELEMENTARY,FACE_TO_FACE,0,,1,8720.7,Unemployed / No Income
ALS_04977,16,MALE,JUNIOR_HIGH_SCHOOL,FACE_TO_FACE,0,,1,2827.47,Informal / Contractual Worker
ALS_01876,32,FEMALE,JUNIOR_HIGH_SCHOOL,FACE_TO_FACE,1,,1,8246.79,Self-Employed / Business Owner
ALS_05470,18,MALE,ELEMENTARY,FACE_TO_FACE,1,,0,20868.12,Unemployed / No Income
ALS_03223,16,MALE,JUNIOR_HIGH_SCHOOL,FACE_TO_FACE,1,,0,17313.23,Self-Employed / Business Owner
ALS_00202,27,FEMALE,JUNIOR_HIGH_SCHOOL,FACE_TO_FACE,1,0,1,9866.9,Informal / Contractual Worker
ALS_00023,14,MALE,ELEMENTARY,FACE_TO_FACE,1,0,0,13514.21,Formal Employment
ALS_03325,23,FEMALE,JUNIOR_HIGH_SCHOOL,MODULAR,0,1.28,1,15158.26,Informal / Contractual Worker
ALS_00823,17,MALE,JUNIOR_HIGH_SCHOOL,BLENDED,0,0,0,19068.43,Formal Employment
ALS_05271,16,FEMALE,JUNIOR_HIGH_SCHOOL,FACE_TO_FACE,0,,0,12587.48,Self-Employed / Business Owner
ALS_06691,28,FEMALE,JUNIOR_HIGH_SCHOOL,FACE_TO_FACE,0,,0,19454.54,Other
ALS_05261,17,MALE,BLP,FACE_TO_FACE,0,,1,8454.48,Retired / Pensioner
ALS_02129,21,MALE,JUNIOR_HIGH_SCHOOL,FACE_TO_FACE,1,,1,3909.3,Self-Employed / Business Owner
ALS_00892,20,MALE,JUNIOR_HIGH_SCHOOL,BLENDED,0,0,0,7311.5,Informal / Contractual Worker
ALS_02881,17,FEMALE,JUNIOR_HIGH_SCHOOL,FACE_TO_FACE,0,0.28,1,7691.81,Unemployed / No Income
ALS_03230,27,FEMALE,JUNIOR_HIGH_SCHOOL,MODULAR,1,,1,2857.83,Informal / Contractual Worker
ALS_04294,22,MALE,JUNIOR_HIGH_SCHOOL,BLENDED,0,,1,2928.25,Formal Employment
ALS_04965,33,MALE,JUNIOR_HIGH_SCHOOL,FACE_TO_FACE,0,,0,9987.15,Unemployed / No Income
ALS_02382,23,MALE,JUNIOR_HIGH_SCHOOL,MODULAR,0,,0,12642.66,OFW (Overseas Filipino Worker)
ALS_06745,17,MALE,JUNIOR_HIGH_SCHOOL,FACE_TO_FACE,0,,0,6813.6,Informal / Contractual Worker
ALS_05911,41,MALE,JUNIOR_HIGH_SCHOOL,FACE_TO_FACE,0,,0,7909.89,Formal Employment
ALS_04421,31,MALE,BLP,FACE_TO_FACE,0,,1,8583.38,Self-Employed / Business Owner
ALS_04416,59,FEMALE,JUNIOR_HIGH_SCHOOL,MODULAR,0,,1,10051.52,Informal / Contractual Worker
ALS_02467,29,MALE,JUNIOR_HIGH_SCHOOL,MODULAR,0,,1,8478.04,Formal Employment
ALS_03192,17,FEMALE,JUNIOR_HIGH_SCHOOL,FACE_TO_FACE,1,,0,6142,Informal / Contractual Worker
ALS_03023,19,MALE,JUNIOR_HIGH_SCHOOL,FACE_TO_FACE,0,,0,14425.87,Unemployed / No Income
ALS_04553,14,MALE,ELEMENTARY,FACE_TO_FACE,0,,1,13838.95,Formal Employment
ALS_04274,16,FEMALE,JUNIOR_HIGH_SCHOOL,FACE_TO_FACE,0,,1,11392.32,Self-Employed / Business Owner
ALS_04322,35,FEMALE,JUNIOR_HIGH_SCHOOL,FACE_TO_FACE,0,,1,10133.68,Unemployed / No Income
ALS_05701,14,MALE,JUNIOR_HIGH_SCHOOL,FACE_TO_FACE,0,,1,3335.99,Unemployed / No Income
ALS_00073,21,FEMALE,JUNIOR_HIGH_SCHOOL,MODULAR,0,0.05,0,8685.81,Informal / Contractual Worker
ALS_01950,40,MALE,JUNIOR_HIGH_SCHOOL,BLENDED,1,,1,5342.75,Unemployed / No Income
ALS_05421,16,MALE,JUNIOR_HIGH_SCHOOL,FACE_TO_FACE,0,,1,8257.04,Formal Employment
ALS_03810,43,FEMALE,JUNIOR_HIGH_SCHOOL,FACE_TO_FACE,0,,1,3672.68,Informal / Contractual Worker
ALS_04634,28,MALE,JUNIOR_HIGH_SCHOOL,MODULAR,0,,1,4108.12,Formal Employment
ALS_03298,19,MALE,JUNIOR_HIGH_SCHOOL,BLENDED,1,,1,3518.67,Retired / Pensioner
ALS_02682,21,FEMALE,JUNIOR_HIGH_SCHOOL,MODULAR,0,,0,12034.26,Unemployed / No Income
ALS_05771,27,MALE,JUNIOR_HIGH_SCHOOL,FACE_TO_FACE,0,,1,5392.85,Informal / Contractual Worker
ALS_06089,27,MALE,JUNIOR_HIGH_SCHOOL,FACE_TO_FACE,0,,0,13481.2,Unemployed / No Income
ALS_03871,22,MALE,ELEMENTARY,MODULAR,0,,1,8248.03,Other
ALS_06717,20,FEMALE,JUNIOR_HIGH_SCHOOL,FACE_TO_FACE,0,,0,9955.5,Informal / Contractual Worker
ALS_04627,18,MALE,JUNIOR_HIGH_SCHOOL,FACE_TO_FACE,1,,1,13720.18,Formal Employment
ALS_00178,41,FEMALE,JUNIOR_HIGH_SCHOOL,BLENDED,0,0.995,0,10791.29,Self-Employed / Business Owner
ALS_03040,22,MALE,JUNIOR_HIGH_SCHOOL,FACE_TO_FACE,0,,0,11354.82,Formal Employment
ALS_03229,26,MALE,JUNIOR_HIGH_SCHOOL,MODULAR,1,,1,7712.85,Self-Employed / Business Owner
ALS_00682,17,FEMALE,JUNIOR_HIGH_SCHOOL,FACE_TO_FACE,0,2.99,0,12905.71,Unemployed / No Income
ALS_03829,20,MALE,JUNIOR_HIGH_SCHOOL,MODULAR,0,,1,6333,Informal / Contractual Worker
ALS_03313,37,FEMALE,JUNIOR_HIGH_SCHOOL,MODULAR,1,,1,4479.57,Self-Employed / Business Owner
ALS_02182,28,FEMALE,JUNIOR_HIGH_SCHOOL,FACE_TO_FACE,1,,1,14574.67,Unemployed / No Income
ALS_03524,17,MALE,JUNIOR_HIGH_SCHOOL,MODULAR,1,,1,8578.56,Retired / Pensioner
ALS_03477,28,MALE,ELEMENTARY,MODULAR,1,,1,10853.35,Self-Employed / Business Owner
ALS_03347,23,MALE,JUNIOR_HIGH_SCHOOL,MODULAR,1,,1,4485.45,Informal / Contractual Worker
ALS_00456,21,MALE,JUNIOR_HIGH_SCHOOL,BLENDED,0,0,0,19396.25,OFW (Overseas Filipino Worker)
ALS_05402,15,FEMALE,ELEMENTARY,FACE_TO_FACE,0,,1,4035.13,Self-Employed / Business Owner
ALS_01795,23,FEMALE,JUNIOR_HIGH_SCHOOL,MODULAR,0,,1,8562.08,Other
ALS_00847,11,MALE,ELEMENTARY,MODULAR,0,0,0,6557.68,Other
ALS_04106,31,FEMALE,JUNIOR_HIGH_SCHOOL,FACE_TO_FACE,0,,1,7979.85,Self-Employed / Business Owner
ALS_01511,48,FEMALE,JUNIOR_HIGH_SCHOOL,BLENDED,0,,1,13917.78,Unemployed / No Income
ALS_04460,18,FEMALE,JUNIOR_HIGH_SCHOOL,MODULAR,0,,1,5419.31,Informal / Contractual Worker
ALS_00052,18,MALE,JUNIOR_HIGH_SCHOOL,FACE_TO_FACE,0,0.995,0,11120.63,OFW (Overseas Filipino Worker)
ALS_01139,20,MALE,JUNIOR_HIGH_SCHOOL,FACE_TO_FACE,0,,0,6274.34,Informal / Contractual Worker
ALS_02725,23,FEMALE,ELEMENTARY,BLENDED,0,,1,6677.37,Other
ALS_03125,23,MALE,JUNIOR_HIGH_SCHOOL,MODULAR,0,,0,20326.04,Informal / Contractual Worker
ALS_01917,31,MALE,JUNIOR_HIGH_SCHOOL,BLENDED,0,1.96,0,4742.18,Self-Employed / Business Owner
ALS_05681,15,MALE,JUNIOR_HIGH_SCHOOL,BLENDED,0,,1,5806.37,Self-Employed / Business Owner
ALS_06421,30,FEMALE,JUNIOR_HIGH_SCHOOL,FACE_TO_FACE,0,,0,11506.21,Self-Employed / Business Owner
ALS_06259,17,MALE,JUNIOR_HIGH_SCHOOL,FACE_TO_FACE,0,,1,12694.78,Self-Employed / Business Owner
ALS_07055,18,FEMALE,JUNIOR_HIGH_SCHOOL,MODULAR,0,0.42,1,5033.63,Unemployed / No Income
ALS_05532,16,MALE,JUNIOR_HIGH_SCHOOL,FACE_TO_FACE,0,,1,11126.18,Informal / Contractual Worker
ALS_05722,14,MALE,ELEMENTARY,FACE_TO_FACE,0,,0,8882.59,Self-Employed / Business Owner
ALS_01045,15,FEMALE,JUNIOR_HIGH_SCHOOL,FACE_TO_FACE,0,0,0,8281.7,Formal Employment
ALS_02420,26,FEMALE,JUNIOR_HIGH_SCHOOL,MODULAR,0,,0,14667.43,Retired / Pensioner
ALS_06702,15,FEMALE,JUNIOR_HIGH_SCHOOL,FACE_TO_FACE,0,,0,13522.66,Self-Employed / Business Owner
ALS_03612,22,MALE,JUNIOR_HIGH_SCHOOL,FACE_TO_FACE,0,,1,7339.26,Unemployed / No Income
ALS_04229,16,MALE,JUNIOR_HIGH_SCHOOL,BLENDED,0,,1,9955.09,OFW (Overseas Filipino Worker)
ALS_03088,23,MALE,JUNIOR_HIGH_SCHOOL,FACE_TO_FACE,0,,1,14834.97,Informal / Contractual Worker
ALS_03537,23,MALE,JUNIOR_HIGH_SCHOOL,MODULAR,0,,0,6988.64,Self-Employed / Business Owner
ALS_05188,19,MALE,ELEMENTARY,FACE_TO_FACE,0,,0,13117.91,Formal Employment
ALS_05135,50,MALE,ELEMENTARY,MODULAR,0,,1,9727.49,OFW (Overseas Filipino Worker)
ALS_02783,24,MALE,JUNIOR_HIGH_SCHOOL,FACE_TO_FACE,0,,1,19772.87,Informal / Contractual Worker
ALS_02662,18,MALE,JUNIOR_HIGH_SCHOOL,BLENDED,0,,0,12134.48,Informal / Contractual Worker
ALS_04480,19,MALE,JUNIOR_HIGH_SCHOOL,MODULAR,1,,0,7673.23,Self-Employed / Business Owner
ALS_03922,20,MALE,JUNIOR_HIGH_SCHOOL,FACE_TO_FACE,1,,0,5595.06,Unemployed / No Income
ALS_00420,27,FEMALE,JUNIOR_HIGH_SCHOOL,MODULAR,0,,0,15164.02,Informal / Contractual Worker
ALS_00175,14,MALE,ELEMENTARY,BLENDED,1,0,1,8972.52,Unemployed / No Income
ALS_00287,19,MALE,JUNIOR_HIGH_SCHOOL,FACE_TO_FACE,0,8.81,0,14528.47,Unemployed / No Income
ALS_03561,32,FEMALE,JUNIOR_HIGH_SCHOOL,MODULAR,0,0.42,0,13427.05,Informal / Contractual Worker
ALS_00949,16,MALE,JUNIOR_HIGH_SCHOOL,FACE_TO_FACE,0,0,0,8445.1,OFW (Overseas Filipino Worker)
ALS_02433,36,MALE,JUNIOR_HIGH_SCHOOL,MODULAR,0,,1,3017.6,OFW (Overseas Filipino Worker)
ALS_01373,16,MALE,JUNIOR_HIGH_SCHOOL,MODULAR,1,,1,9068.31,Unemployed / No Income
ALS_02400,17,FEMALE,JUNIOR_HIGH_SCHOOL,MODULAR,1,,1,6762.44,Informal / Contractual Worker
ALS_06033,15,FEMALE,JUNIOR_HIGH_SCHOOL,MODULAR,0,,1,4861.9,Informal / Contractual Worker
ALS_05360,30,FEMALE,JUNIOR_HIGH_SCHOOL,MODULAR,0,,1,6782.11,Unemployed / No Income
ALS_05891,19,FEMALE,JUNIOR_HIGH_SCHOOL,BLENDED,0,,1,4818.2,Self-Employed / Business Owner
ALS_03796,20,MALE,JUNIOR_HIGH_SCHOOL,FACE_TO_FACE,0,,1,9279.66,Formal Employment
ALS_05883,15,MALE,JUNIOR_HIGH_SCHOOL,FACE_TO_FACE,0,,1,8622.6,Other
ALS_03836,30,MALE,JUNIOR_HIGH_SCHOOL,MODULAR,0,,1,11692.38,Unemployed / No Income
ALS_00104,22,FEMALE,JUNIOR_HIGH_SCHOOL,BLENDED,0,3.62,0,18251.09,OFW (Overseas Filipino Worker)
ALS_06528,33,MALE,JUNIOR_HIGH_SCHOOL,MODULAR,0,,0,49025.08,Informal / Contractual Worker
ALS_00943,25,FEMALE,JUNIOR_HIGH_SCHOOL,FACE_TO_FACE,0,0,0,11442.01,Informal / Contractual Worker
ALS_06229,32,FEMALE,JUNIOR_HIGH_SCHOOL,MODULAR,0,,0,13478.82,Formal Employment
ALS_04920,17,MALE,JUNIOR_HIGH_SCHOOL,FACE_TO_FACE,0,,1,10243.63,Formal Employment
ALS_04936,19,FEMALE,JUNIOR_HIGH_SCHOOL,MODULAR,0,,1,10327.4,OFW (Overseas Filipino Worker)
ALS_03446,81,FEMALE,JUNIOR_HIGH_SCHOOL,MODULAR,0,,0,7409.46,Unemployed / No Income
ALS_05656,17,MALE,JUNIOR_HIGH_SCHOOL,FACE_TO_FACE,0,,1,3738.89,Formal Employment
ALS_06679,17,MALE,ELEMENTARY,MODULAR,0,,0,7437.81,Informal / Contractual Worker
ALS_02348,20,MALE,JUNIOR_HIGH_SCHOOL,FACE_TO_FACE,0,,0,23192.87,Unemployed / No Income
ALS_01958,17,MALE,JUNIOR_HIGH_SCHOOL,MODULAR,1,,1,6489.98,Formal Employment
ALS_02013,38,MALE,JUNIOR_HIGH_SCHOOL,FACE_TO_FACE,0,,1,2808.7,Informal / Contractual Worker
ALS_04309,17,MALE,JUNIOR_HIGH_SCHOOL,BLENDED,0,,1,10061.17,Formal Employment
ALS_01890,22,MALE,JUNIOR_HIGH_SCHOOL,MODULAR,0,,1,7437.04,Unemployed / No Income
ALS_00061,27,FEMALE,JUNIOR_HIGH_SCHOOL,FACE_TO_FACE,0,0,0,29159.26,Informal / Contractual Worker
ALS_06253,15,MALE,JUNIOR_HIGH_SCHOOL,FACE_TO_FACE,0,,1,8536.14,Self-Employed / Business Owner
ALS_04094,45,FEMALE,JUNIOR_HIGH_SCHOOL,FACE_TO_FACE,0,,1,7085.08,Self-Employed / Business Owner
ALS_03875,17,MALE,ELEMENTARY,MODULAR,0,,1,8652.7,Retired / Pensioner
ALS_06005,43,FEMALE,JUNIOR_HIGH_SCHOOL,FACE_TO_FACE,0,,0,9518.32,Informal / Contractual Worker
ALS_01994,23,MALE,JUNIOR_HIGH_SCHOOL,MODULAR,1,,1,2675.22,Retired / Pensioner
ALS_00792,36,MALE,JUNIOR_HIGH_SCHOOL,BLENDED,0,10.62,0,7934.77,OFW (Overseas Filipino Worker)
ALS_02458,18,FEMALE,ELEMENTARY,MODULAR,0,,1,8736.1,Informal / Contractual Worker
ALS_04279,14,MALE,ELEMENTARY,FACE_TO_FACE,1,,1,17830.41,Self-Employed / Business Owner
ALS_05137,35,FEMALE,JUNIOR_HIGH_SCHOOL,MODULAR,0,,0,7045.68,Informal / Contractual Worker
ALS_03026,24,MALE,JUNIOR_HIGH_SCHOOL,FACE_TO_FACE,0,,0,8086.58,Informal / Contractual Worker
ALS_04172,16,FEMALE,JUNIOR_HIGH_SCHOOL,FACE_TO_FACE,1,,1,8953.41,Informal / Contractual Worker
ALS_06380,15,FEMALE,JUNIOR_HIGH_SCHOOL,FACE_TO_FACE,0,,0,10852.96,Formal Employment
ALS_02979,22,MALE,JUNIOR_HIGH_SCHOOL,MODULAR,0,0.12,0,6081.8,Formal Employment
ALS_01829,15,MALE,JUNIOR_HIGH_SCHOOL,FACE_TO_FACE,0,,1,5914.62,Informal / Contractual Worker
ALS_02774,17,MALE,JUNIOR_HIGH_SCHOOL,FACE_TO_FACE,0,,1,14398.21,Self-Employed / Business Owner
ALS_04320,28,FEMALE,BLP,FACE_TO_FACE,0,,1,8730.77,Informal / Contractual Worker
ALS_05682,16,MALE,ELEMENTARY,FACE_TO_FACE,0,,1,8934.46,Formal Employment
ALS_02201,23,MALE,BLP,FACE_TO_FACE,1,,1,19986.75,Formal Employment
ALS_04064,14,FEMALE,JUNIOR_HIGH_SCHOOL,FACE_TO_FACE,0,,0,7721.31,Formal Employment
ALS_02570,21,MALE,JUNIOR_HIGH_SCHOOL,FACE_TO_FACE,0,,1,9350.05,Informal / Contractual Worker
ALS_02148,43,MALE,JUNIOR_HIGH_SCHOOL,FACE_TO_FACE,1,,1,5353.89,Informal / Contractual Worker
ALS_01263,15,FEMALE,JUNIOR_HIGH_SCHOOL,MODULAR,0,0,0,16128.86,Formal Employment
ALS_04162,22,MALE,JUNIOR_HIGH_SCHOOL,BLENDED,0,,1,4846.51,Informal / Contractual Worker
ALS_05684,25,MALE,JUNIOR_HIGH_SCHOOL,FACE_TO_FACE,0,,1,12925.25,Unemployed / No Income
ALS_02408,12,MALE,ELEMENTARY,FACE_TO_FACE,0,,0,9810.91,Informal / Contractual Worker
ALS_01747,24,MALE,JUNIOR_HIGH_SCHOOL,MODULAR,1,,1,3271.46,Formal Employment
ALS_05666,18,MALE,JUNIOR_HIGH_SCHOOL,BLENDED,0,,0,7455.59,Informal / Contractual Worker
ALS_05264,25,MALE,JUNIOR_HIGH_SCHOOL,FACE_TO_FACE,0,,0,6253.24,Self-Employed / Business Owner
ALS_06581,14,FEMALE,JUNIOR_HIGH_SCHOOL,FACE_TO_FACE,0,,1,5731.11,Unemployed / No Income
ALS_06478,36,FEMALE,BLP,FACE_TO_FACE,0,,1,5257.97,Other
ALS_06173,14,MALE,BLP,FACE_TO_FACE,0,0.42,0,16995.83,Self-Employed / Business Owner
ALS_02462,41,MALE,JUNIOR_HIGH_SCHOOL,FACE_TO_FACE,0,,0,6606.43,Informal / Contractual Worker
ALS_02355,22,FEMALE,JUNIOR_HIGH_SCHOOL,FACE_TO_FACE,0,,0,9887.06,Other
ALS_04327,15,MALE,JUNIOR_HIGH_SCHOOL,FACE_TO_FACE,0,0,1,12123.82,Informal / Contractual Worker
ALS_01846,32,MALE,JUNIOR_HIGH_SCHOOL,FACE_TO_FACE,1,,1,6639.74,Informal / Contractual Worker
ALS_03029,16,FEMALE,JUNIOR_HIGH_SCHOOL,FACE_TO_FACE,0,,0,16464.98,Other
ALS_02089,30,FEMALE,JUNIOR_HIGH_SCHOOL,MODULAR,0,,1,8063.9,OFW (Overseas Filipino Worker)
ALS_06723,33,MALE,JUNIOR_HIGH_SCHOOL,FACE_TO_FACE,0,,0,13401.2,Unemployed / No Income
ALS_03106,18,MALE,JUNIOR_HIGH_SCHOOL,FACE_TO_FACE,1,0.42,1,2882.59,Informal / Contractual Worker
ALS_02168,17,MALE,BLP,FACE_TO_FACE,1,,1,5701.67,Unemployed / No Income
ALS_04916,23,FEMALE,JUNIOR_HIGH_SCHOOL,MODULAR,0,,1,7239.34,Unemployed / No Income
ALS_02749,19,MALE,JUNIOR_HIGH_SCHOOL,FACE_TO_FACE,0,,1,7179.29,Formal Employment
ALS_05305,29,FEMALE,JUNIOR_HIGH_SCHOOL,MODULAR,0,0.42,1,7338,Informal / Contractual Worker
ALS_00106,19,MALE,JUNIOR_HIGH_SCHOOL,MODULAR,0,3.93,0,11995.7,Formal Employment
ALS_05223,26,FEMALE,JUNIOR_HIGH_SCHOOL,MODULAR,0,,1,9866.23,OFW (Overseas Filipino Worker)
ALS_04923,31,MALE,JUNIOR_HIGH_SCHOOL,MODULAR,0,,1,8312.02,Unemployed / No Income
ALS_05674,45,MALE,ELEMENTARY,FACE_TO_FACE,0,,1,14311,Unemployed / No Income
ALS_00854,18,FEMALE,JUNIOR_HIGH_SCHOOL,BLENDED,0,0,0,12047.36,Other
ALS_00531,24,FEMALE,JUNIOR_HIGH_SCHOOL,MODULAR,0,0,0,6897.44,Formal Employment
ALS_02283,33,MALE,ELEMENTARY,MODULAR,0,,1,5642.55,OFW (Overseas Filipino Worker)
ALS_01772,30,MALE,JUNIOR_HIGH_SCHOOL,FACE_TO_FACE,0,,1,6905.06,Formal Employment
ALS_04281,25,MALE,JUNIOR_HIGH_SCHOOL,FACE_TO_FACE,0,,1,5875.15,Self-Employed / Business Owner
ALS_05115,16,FEMALE,JUNIOR_HIGH_SCHOOL,BLENDED,0,,1,16028.94,Informal / Contractual Worker
ALS_05918,31,FEMALE,JUNIOR_HIGH_SCHOOL,MODULAR,0,,0,7635.17,OFW (Overseas Filipino Worker)
ALS_01767,32,MALE,BLP,FACE_TO_FACE,1,,1,13852.4,Unemployed / No Income
ALS_04454,13,MALE,ELEMENTARY,FACE_TO_FACE,0,,1,3762.04,Informal / Contractual Worker
ALS_02815,21,MALE,JUNIOR_HIGH_SCHOOL,FACE_TO_FACE,0,,1,3866.84,Unemployed / No Income
ALS_00491,22,FEMALE,JUNIOR_HIGH_SCHOOL,FACE_TO_FACE,0,2.66,0,8558.57,Informal / Contractual Worker
ALS_05218,19,FEMALE,JUNIOR_HIGH_SCHOOL,MODULAR,0,,1,11553.97,Other
ALS_06670,16,MALE,JUNIOR_HIGH_SCHOOL,FACE_TO_FACE,0,,0,2920.27,Informal / Contractual Worker
ALS_02038,20,MALE,JUNIOR_HIGH_SCHOOL,FACE_TO_FACE,0,,1,12278.6,Unemployed / No Income
ALS_00571,15,MALE,JUNIOR_HIGH_SCHOOL,FACE_TO_FACE,0,0,0,8745.94,Self-Employed / Business Owner
ALS_06495,16,MALE,JUNIOR_HIGH_SCHOOL,FACE_TO_FACE,0,,1,9596.55,Retired / Pensioner
ALS_02821,17,MALE,JUNIOR_HIGH_SCHOOL,FACE_TO_FACE,0,,1,3524.93,Unemployed / No Income
ALS_01103,30,FEMALE,JUNIOR_HIGH_SCHOOL,BLENDED,0,,0,10075.41,Formal Employment
ALS_03980,18,FEMALE,JUNIOR_HIGH_SCHOOL,BLENDED,0,,0,10151.08,Formal Employment
ALS_06017,42,MALE,JUNIOR_HIGH_SCHOOL,FACE_TO_FACE,0,,0,9971,Informal / Contractual Worker
ALS_06094,28,MALE,JUNIOR_HIGH_SCHOOL,FACE_TO_FACE,0,,0,11543.41,Unemployed / No Income
ALS_02402,19,FEMALE,BLP,FACE_TO_FACE,1,,0,11888.8,Self-Employed / Business Owner
ALS_02086,27,MALE,JUNIOR_HIGH_SCHOOL,BLENDED,1,,1,5514.45,Informal / Contractual Worker
ALS_03133,21,FEMALE,JUNIOR_HIGH_SCHOOL,FACE_TO_FACE,1,,1,5296.73,Informal / Contractual Worker
ALS_01402,19,FEMALE,JUNIOR_HIGH_SCHOOL,MODULAR,1,,1,6435.4,Informal / Contractual Worker
ALS_02474,24,MALE,JUNIOR_HIGH_SCHOOL,FACE_TO_FACE,0,,1,6691.37,Other
ALS_00658,16,FEMALE,JUNIOR_HIGH_SCHOOL,FACE_TO_FACE,0,4.52,0,21890.37,Formal Employment
ALS_04074,56,FEMALE,JUNIOR_HIGH_SCHOOL,BLENDED,0,,0,11301.13,Informal / Contractual Worker
ALS_02632,21,MALE,JUNIOR_HIGH_SCHOOL,MODULAR,1,,0,15449.75,Retired / Pensioner
ALS_04642,36,MALE,JUNIOR_HIGH_SCHOOL,FACE_TO_FACE,0,,1,3245.43,Informal / Contractual Worker
ALS_06751,15,MALE,JUNIOR_HIGH_SCHOOL,FACE_TO_FACE,0,0.42,1,5221.89,Unemployed / No Income
ALS_00627,18,FEMALE,JUNIOR_HIGH_SCHOOL,MODULAR,0,1.61,0,8088.66,Unemployed / No Income
ALS_03050,19,MALE,JUNIOR_HIGH_SCHOOL,FACE_TO_FACE,1,,1,5588.35,Retired / Pensioner
ALS_06068,21,MALE,JUNIOR_HIGH_SCHOOL,MODULAR,0,,1,2567.78,Self-Employed / Business Owner
ALS_04346,16,MALE,JUNIOR_HIGH_SCHOOL,FACE_TO_FACE,1,,0,12216.29,Self-Employed / Business Owner
ALS_06582,14,FEMALE,JUNIOR_HIGH_SCHOOL,FACE_TO_FACE,0,,1,16999,Self-Employed / Business Owner
ALS_02707,29,FEMALE,JUNIOR_HIGH_SCHOOL,BLENDED,0,,0,12030.6,Formal Employment
ALS_02214,21,MALE,JUNIOR_HIGH_SCHOOL,MODULAR,0,,0,9545.26,Retired / Pensioner
ALS_00887,18,MALE,JUNIOR_HIGH_SCHOOL,FACE_TO_FACE,0,0,0,4920.82,OFW (Overseas Filipino Worker)
ALS_03275,17,MALE,JUNIOR_HIGH_SCHOOL,MODULAR,1,,1,16964.86,Unemployed / No Income
ALS_04767,35,FEMALE,JUNIOR_HIGH_SCHOOL,BLENDED,0,,0,5793.38,Informal / Contractual Worker
ALS_03947,42,FEMALE,JUNIOR_HIGH_SCHOOL,MODULAR,0,,1,4810.32,Unemployed / No Income
ALS_02865,26,FEMALE,JUNIOR_HIGH_SCHOOL,FACE_TO_FACE,0,,1,5607.73,Retired / Pensioner
ALS_06437,13,MALE,ELEMENTARY,FACE_TO_FACE,0,0.42,1,5679.79,Unemployed / No Income
ALS_03042,15,MALE,JUNIOR_HIGH_SCHOOL,FACE_TO_FACE,0,,0,12942.13,Other
ALS_03222,32,FEMALE,JUNIOR_HIGH_SCHOOL,FACE_TO_FACE,0,,0,10346.91,Informal / Contractual Worker
ALS_06250,20,MALE,JUNIOR_HIGH_SCHOOL,FACE_TO_FACE,0,,1,4998.3,Informal / Contractual Worker
ALS_06603,28,MALE,JUNIOR_HIGH_SCHOOL,FACE_TO_FACE,0,,0,9486.82,Unemployed / No Income
ALS_04983,16,MALE,JUNIOR_HIGH_SCHOOL,FACE_TO_FACE,1,0.42,0,7819.59,Informal / Contractual Worker
ALS_02568,33,FEMALE,JUNIOR_HIGH_SCHOOL,FACE_TO_FACE,0,,1,9657,Informal / Contractual Worker
ALS_05732,37,FEMALE,JUNIOR_HIGH_SCHOOL,FACE_TO_FACE,0,,1,4253.1,Other
ALS_01161,16,FEMALE,JUNIOR_HIGH_SCHOOL,FACE_TO_FACE,0,,0,11037.7,Formal Employment
ALS_03530,22,MALE,JUNIOR_HIGH_SCHOOL,FACE_TO_FACE,0,,1,11696.41,Unemployed / No Income
ALS_00525,26,FEMALE,JUNIOR_HIGH_SCHOOL,MODULAR,0,1.64,0,13708.37,Self-Employed / Business Owner
ALS_04523,41,MALE,JUNIOR_HIGH_SCHOOL,FACE_TO_FACE,1,,0,24427.53,Formal Employment
ALS_04562,35,FEMALE,JUNIOR_HIGH_SCHOOL,FACE_TO_FACE,0,,1,10034.69,Informal / Contractual Worker
ALS_05508,25,MALE,JUNIOR_HIGH_SCHOOL,FACE_TO_FACE,0,,0,10563.44,Formal Employment
ALS_05548,31,MALE,JUNIOR_HIGH_SCHOOL,MODULAR,0,0.42,0,9835.67,Informal / Contractual Worker
ALS_04118,27,FEMALE,JUNIOR_HIGH_SCHOOL,FACE_TO_FACE,1,,0,12028.89,Retired / Pensioner
ALS_01428,25,FEMALE,JUNIOR_HIGH_SCHOOL,FACE_TO_FACE,1,,0,17965.63,Formal Employment
ALS_04070,15,FEMALE,JUNIOR_HIGH_SCHOOL,BLENDED,0,,0,30009.36,Informal / Contractual Worker
ALS_04739,34,FEMALE,ELEMENTARY,FACE_TO_FACE,0,,0,13721.29,Self-Employed / Business Owner
ALS_01671,16,MALE,JUNIOR_HIGH_SCHOOL,FACE_TO_FACE,0,,1,7284.65,Self-Employed / Business Owner
ALS_00421,20,MALE,JUNIOR_HIGH_SCHOOL,MODULAR,0,,0,5604.52,Formal Employment
ALS_03329,26,MALE,JUNIOR_HIGH_SCHOOL,MODULAR,1,,1,19524.92,Informal / Contractual Worker
ALS_02873,17,FEMALE,ELEMENTARY,FACE_TO_FACE,0,,1,11191.16,Informal / Contractual Worker
ALS_02597,30,MALE,JUNIOR_HIGH_SCHOOL,FACE_TO_FACE,0,,1,6100.22,Other
ALS_06470,38,MALE,JUNIOR_HIGH_SCHOOL,FACE_TO_FACE,0,,0,10812.74,Informal / Contractual Worker
ALS_06119,16,MALE,ELEMENTARY,MODULAR,0,,1,6645.47,Self-Employed / Business Owner
ALS_00219,16,FEMALE,JUNIOR_HIGH_SCHOOL,FACE_TO_FACE,0,0,0,6428.59,Informal / Contractual Worker
ALS_03504,35,FEMALE,JUNIOR_HIGH_SCHOOL,MODULAR,1,,1,13136.95,Unemployed / No Income
ALS_05409,24,FEMALE,JUNIOR_HIGH_SCHOOL,FACE_TO_FACE,0,,1,4973.31,Self-Employed / Business Owner
ALS_05988,26,MALE,JUNIOR_HIGH_SCHOOL,MODULAR,0,,1,4329.72,Unemployed / No Income
ALS_02614,38,MALE,JUNIOR_HIGH_SCHOOL,MODULAR,0,,1,11066.03,Unemployed / No Income
ALS_00969,22,MALE,JUNIOR_HIGH_SCHOOL,FACE_TO_FACE,0,0,1,10634.23,Self-Employed / Business Owner
ALS_03249,20,MALE,JUNIOR_HIGH_SCHOOL,MODULAR,1,,0,6947.77,Formal Employment
ALS_06133,16,MALE,JUNIOR_HIGH_SCHOOL,FACE_TO_FACE,0,,1,5090.57,Informal / Contractual Worker
ALS_02839,18,FEMALE,JUNIOR_HIGH_SCHOOL,MODULAR,0,,1,19236.42,Other
ALS_00649,16,MALE,JUNIOR_HIGH_SCHOOL,FACE_TO_FACE,0,0.78,0,24120.32,Formal Employment
ALS_05937,17,FEMALE,JUNIOR_HIGH_SCHOOL,FACE_TO_FACE,0,,0,9168.53,Retired / Pensioner
ALS_03587,17,MALE,ELEMENTARY,MODULAR,1,,1,6023.75,Self-Employed / Business Owner
ALS_00515,18,MALE,JUNIOR_HIGH_SCHOOL,MODULAR,0,0.71,0,7781.55,Informal / Contractual Worker
ALS_00068,19,MALE,JUNIOR_HIGH_SCHOOL,MODULAR,0,6.06,0,19856.63,Formal Employment
ALS_06204,15,FEMALE,JUNIOR_HIGH_SCHOOL,FACE_TO_FACE,0,,0,11124.62,Formal Employment
ALS_05403,32,FEMALE,JUNIOR_HIGH_SCHOOL,FACE_TO_FACE,0,0,0,6464.9,Formal Employment
ALS_04394,38,MALE,JUNIOR_HIGH_SCHOOL,MODULAR,0,,1,12408.85,Unemployed / No Income
ALS_02053,16,MALE,ELEMENTARY,FACE_TO_FACE,1,,1,9402.57,Informal / Contractual Worker
ALS_03869,22,MALE,JUNIOR_HIGH_SCHOOL,MODULAR,1,,1,4943.73,Formal Employment
ALS_02529,19,FEMALE,JUNIOR_HIGH_SCHOOL,FACE_TO_FACE,1,,1,7008.08,Formal Employment
ALS_04723,17,MALE,JUNIOR_HIGH_SCHOOL,FACE_TO_FACE,0,,0,11050.53,Formal Employment
ALS_03274,16,MALE,JUNIOR_HIGH_SCHOOL,FACE_TO_FACE,1,,1,2163.47,OFW (Overseas Filipino Worker)
ALS_05583,16,MALE,JUNIOR_HIGH_SCHOOL,FACE_TO_FACE,1,,0,5753.21,Retired / Pensioner
ALS_04004,21,MALE,JUNIOR_HIGH_SCHOOL,MODULAR,0,,1,12183.61,OFW (Overseas Filipino Worker)
ALS_04259,29,MALE,ELEMENTARY,MODULAR,0,,1,7704.91,Formal Employment
ALS_01941,29,MALE,JUNIOR_HIGH_SCHOOL,BLENDED,0,0.26,0,7323.65,Unemployed / No Income
ALS_03841,31,MALE,JUNIOR_HIGH_SCHOOL,MODULAR,1,,1,12033.6,Informal / Contractual Worker
ALS_02418,28,FEMALE,JUNIOR_HIGH_SCHOOL,MODULAR,0,,1,4898.8,Informal / Contractual Worker
ALS_06567,51,MALE,JUNIOR_HIGH_SCHOOL,FACE_TO_FACE,0,,1,6775.87,Informal / Contractual Worker
ALS_03640,51,MALE,JUNIOR_HIGH_SCHOOL,MODULAR,0,0,0,11720.78,Formal Employment
ALS_06551,17,FEMALE,JUNIOR_HIGH_SCHOOL,FACE_TO_FACE,0,0,0,3433.58,Self-Employed / Business Owner
ALS_01899,17,MALE,JUNIOR_HIGH_SCHOOL,BLENDED,1,,1,3728,Retired / Pensioner
ALS_05580,18,FEMALE,JUNIOR_HIGH_SCHOOL,MODULAR,0,,1,5140.84,Unemployed / No Income
ALS_02268,37,MALE,JUNIOR_HIGH_SCHOOL,MODULAR,0,,1,10953.8,Formal Employment
ALS_03674,17,FEMALE,JUNIOR_HIGH_SCHOOL,BLENDED,0,0,0,14871.35,Informal / Contractual Worker
ALS_06307,25,FEMALE,ELEMENTARY,BLENDED,0,,1,9671.41,Informal / Contractual Worker
ALS_02975,18,FEMALE,JUNIOR_HIGH_SCHOOL,FACE_TO_FACE,0,,1,14545.17,Self-Employed / Business Owner
ALS_04674,16,MALE,JUNIOR_HIGH_SCHOOL,FACE_TO_FACE,0,,0,12097.94,Retired / Pensioner
ALS_05819,26,FEMALE,JUNIOR_HIGH_SCHOOL,BLENDED,0,,0,15753.07,Informal / Contractual Worker
ALS_04815,38,FEMALE,JUNIOR_HIGH_SCHOOL,FACE_TO_FACE,0,0.42,1,12638.95,Unemployed / No Income
ALS_04120,40,MALE,JUNIOR_HIGH_SCHOOL,MODULAR,0,,1,8075.42,Other
ALS_03013,25,FEMALE,JUNIOR_HIGH_SCHOOL,BLENDED,0,,1,2102.68,Retired / Pensioner
ALS_03605,22,MALE,ELEMENTARY,MODULAR,0,,1,15346.3,Informal / Contractual Worker
ALS_02888,29,FEMALE,JUNIOR_HIGH_SCHOOL,MODULAR,0,,1,8300.99,Unemployed / No Income
ALS_03770,18,MALE,JUNIOR_HIGH_SCHOOL,BLENDED,0,,0,9065.71,Unemployed / No Income
ALS_00179,36,FEMALE,JUNIOR_HIGH_SCHOOL,MODULAR,0,0.03,0,13066.74,Informal / Contractual Worker
ALS_04472,27,MALE,JUNIOR_HIGH_SCHOOL,MODULAR,0,,0,6941.45,Self-Employed / Business Owner
ALS_04191,15,MALE,JUNIOR_HIGH_SCHOOL,MODULAR,0,,1,36449.04,Unemployed / No Income
ALS_03112,18,MALE,JUNIOR_HIGH_SCHOOL,FACE_TO_FACE,0,,1,19108.06,OFW (Overseas Filipino Worker)
ALS_02301,42,MALE,JUNIOR_HIGH_SCHOOL,MODULAR,0,,1,10315.66,Unemployed / No Income
ALS_05059,23,FEMALE,JUNIOR_HIGH_SCHOOL,FACE_TO_FACE,0,,1,8439.83,Informal / Contractual Worker
ALS_05957,28,MALE,JUNIOR_HIGH_SCHOOL,FACE_TO_FACE,0,,1,6461.7,Formal Employment
ALS_03376,27,MALE,JUNIOR_HIGH_SCHOOL,FACE_TO_FACE,0,,1,4350.44,Self-Employed / Business Owner
ALS_02645,17,MALE,JUNIOR_HIGH_SCHOOL,MODULAR,0,,0,7148.21,Other
ALS_05226,16,FEMALE,JUNIOR_HIGH_SCHOOL,FACE_TO_FACE,0,,0,11337.45,Other
ALS_02373,36,MALE,JUNIOR_HIGH_SCHOOL,MODULAR,0,,1,5475.38,Self-Employed / Business Owner
ALS_00199,16,MALE,JUNIOR_HIGH_SCHOOL,FACE_TO_FACE,1,0,0,10961.13,OFW (Overseas Filipino Worker)
ALS_05871,15,MALE,JUNIOR_HIGH_SCHOOL,BLENDED,0,,1,7287.14,Self-Employed / Business Owner
ALS_05331,15,MALE,JUNIOR_HIGH_SCHOOL,FACE_TO_FACE,0,,1,4368.49,Formal Employment
ALS_06771,13,FEMALE,ELEMENTARY,FACE_TO_FACE,0,,1,6424.81,Informal / Contractual Worker
ALS_03233,16,FEMALE,JUNIOR_HIGH_SCHOOL,MODULAR,0,,0,10785.65,Formal Employment
ALS_04640,34,MALE,ELEMENTARY,FACE_TO_FACE,0,,1,12785.94,Formal Employment
ALS_03946,25,FEMALE,JUNIOR_HIGH_SCHOOL,FACE_TO_FACE,0,,1,4515.53,Formal Employment
ALS_03948,29,MALE,JUNIOR_HIGH_SCHOOL,FACE_TO_FACE,0,,0,19876.13,Formal Employment
ALS_04400,21,MALE,ELEMENTARY,MODULAR,0,,1,6678.86,Unemployed / No Income
ALS_03044,25,MALE,ELEMENTARY,FACE_TO_FACE,0,,1,6407.36,OFW (Overseas Filipino Worker)
ALS_03641,14,MALE,ELEMENTARY,FACE_TO_FACE,1,,0,9581.98,Informal / Contractual Worker
ALS_06716,15,FEMALE,JUNIOR_HIGH_SCHOOL,FACE_TO_FACE,0,,0,13262.43,Formal Employment
ALS_05320,27,MALE,JUNIOR_HIGH_SCHOOL,FACE_TO_FACE,0,,1,7967,Formal Employment
ALS_02526,16,MALE,JUNIOR_HIGH_SCHOOL,FACE_TO_FACE,0,,1,4637.84,Unemployed / No Income
ALS_00060,33,MALE,JUNIOR_HIGH_SCHOOL,MODULAR,0,0,0,12651.65,Formal Employment
ALS_00739,36,FEMALE,JUNIOR_HIGH_SCHOOL,BLENDED,0,0.75,0,11639.41,Unemployed / No Income
ALS_04538,27,MALE,JUNIOR_HIGH_SCHOOL,FACE_TO_FACE,0,,1,5965.18,Self-Employed / Business Owner
ALS_00795,25,FEMALE,JUNIOR_HIGH_SCHOOL,BLENDED,0,10.62,0,13049.42,Informal / Contractual Worker
ALS_04261,14,MALE,JUNIOR_HIGH_SCHOOL,FACE_TO_FACE,0,,1,2333.15,Formal Employment
ALS_05155,22,MALE,JUNIOR_HIGH_SCHOOL,FACE_TO_FACE,0,,0,4978.11,Other
ALS_02010,31,FEMALE,JUNIOR_HIGH_SCHOOL,FACE_TO_FACE,0,,1,6762.86,Formal Employment
ALS_04458,15,MALE,JUNIOR_HIGH_SCHOOL,FACE_TO_FACE,1,,1,10382.28,Unemployed / No Income
ALS_05015,17,MALE,JUNIOR_HIGH_SCHOOL,MODULAR,0,,1,10401.42,Informal / Contractual Worker
ALS_05561,17,FEMALE,ELEMENTARY,FACE_TO_FACE,0,,1,12884.87,Informal / Contractual Worker
ALS_02468,15,MALE,JUNIOR_HIGH_SCHOOL,FACE_TO_FACE,0,,1,4426.8,Unemployed / No Income
ALS_04371,34,FEMALE,JUNIOR_HIGH_SCHOOL,FACE_TO_FACE,1,,0,8453.08,Formal Employment
ALS_03571,20,FEMALE,JUNIOR_HIGH_SCHOOL,MODULAR,0,0.42,0,17801.2,Informal / Contractual Worker
ALS_04863,25,FEMALE,ELEMENTARY,FACE_TO_FACE,0,,1,8557.43,Unemployed / No Income
ALS_06009,21,FEMALE,JUNIOR_HIGH_SCHOOL,FACE_TO_FACE,0,,1,7826.25,Retired / Pensioner
ALS_06130,18,MALE,JUNIOR_HIGH_SCHOOL,FACE_TO_FACE,0,,1,6533.76,Informal / Contractual Worker
ALS_04298,17,MALE,JUNIOR_HIGH_SCHOOL,FACE_TO_FACE,1,,0,9505.15,Unemployed / No Income
ALS_05388,22,MALE,JUNIOR_HIGH_SCHOOL,FACE_TO_FACE,0,,0,14841.09,Self-Employed / Business Owner
ALS_04060,23,FEMALE,JUNIOR_HIGH_SCHOOL,MODULAR,0,0.42,0,13407.1,Informal / Contractual Worker
ALS_06663,17,FEMALE,JUNIOR_HIGH_SCHOOL,FACE_TO_FACE,0,,0,2761.54,Formal Employment
ALS_00128,27,MALE,JUNIOR_HIGH_SCHOOL,MODULAR,0,0.05,0,6018.67,Other
ALS_02973,61,FEMALE,JUNIOR_HIGH_SCHOOL,FACE_TO_FACE,0,,1,8727.15,Informal / Contractual Worker
ALS_00711,20,FEMALE,JUNIOR_HIGH_SCHOOL,BLENDED,0,0,0,8041.6,Self-Employed / Business Owner
ALS_01005,17,FEMALE,JUNIOR_HIGH_SCHOOL,FACE_TO_FACE,0,0,0,7985.66,Self-Employed / Business Owner
ALS_03822,22,FEMALE,JUNIOR_HIGH_SCHOOL,FACE_TO_FACE,0,,1,7700.51,Self-Employed / Business Owner
ALS_04706,29,MALE,ELEMENTARY,MODULAR,0,,0,8862.84,Other
ALS_03629,18,MALE,JUNIOR_HIGH_SCHOOL,FACE_TO_FACE,0,,0,8929.87,Informal / Contractual Worker
ALS_05032,44,FEMALE,JUNIOR_HIGH_SCHOOL,FACE_TO_FACE,0,,1,4689.52,Self-Employed / Business Owner
ALS_06944,17,MALE,JUNIOR_HIGH_SCHOOL,BLENDED,,,0,7517.12,Informal / Contractual Worker
ALS_05128,31,FEMALE,JUNIOR_HIGH_SCHOOL,MODULAR,0,,0,8034.69,Self-Employed / Business Owner
ALS_05599,16,MALE,JUNIOR_HIGH_SCHOOL,FACE_TO_FACE,0,,0,4503.42,OFW (Overseas Filipino Worker)
ALS_05400,20,FEMALE,JUNIOR_HIGH_SCHOOL,FACE_TO_FACE,0,,1,16880.43,Informal / Contractual Worker
ALS_06585,41,FEMALE,JUNIOR_HIGH_SCHOOL,FACE_TO_FACE,0,,0,25907.74,Formal Employment
ALS_02195,26,FEMALE,JUNIOR_HIGH_SCHOOL,FACE_TO_FACE,0,,0,20231.64,Formal Employment
ALS_00851,36,MALE,JUNIOR_HIGH_SCHOOL,BLENDED,0,0,0,16047.91,Formal Employment
ALS_02194,19,FEMALE,JUNIOR_HIGH_SCHOOL,FACE_TO_FACE,1,,1,16674.91,Other
ALS_02882,19,FEMALE,JUNIOR_HIGH_SCHOOL,FACE_TO_FACE,0,0.28,1,4044.45,Unemployed / No Income
ALS_04661,26,FEMALE,JUNIOR_HIGH_SCHOOL,FACE_TO_FACE,0,,1,9904.54,Informal / Contractual Worker
ALS_05910,17,MALE,JUNIOR_HIGH_SCHOOL,FACE_TO_FACE,0,,0,10424.03,Self-Employed / Business Owner
ALS_02586,34,FEMALE,JUNIOR_HIGH_SCHOOL,FACE_TO_FACE,0,,1,5408.05,Retired / Pensioner
ALS_00169,26,MALE,JUNIOR_HIGH_SCHOOL,FACE_TO_FACE,0,0,0,7183.92,Retired / Pensioner
ALS_02890,18,FEMALE,JUNIOR_HIGH_SCHOOL,FACE_TO_FACE,0,,0,32367.51,Informal / Contractual Worker
ALS_03464,24,FEMALE,JUNIOR_HIGH_SCHOOL,BLENDED,1,50.23,1,11210.22,Formal Employment
ALS_04628,25,FEMALE,ELEMENTARY,FACE_TO_FACE,0,,1,5067.84,Self-Employed / Business Owner
ALS_06176,17,MALE,JUNIOR_HIGH_SCHOOL,FACE_TO_FACE,0,50.5,0,7079.6,Other
ALS_04686,15,MALE,JUNIOR_HIGH_SCHOOL,BLENDED,0,,0,20581.22,Informal / Contractual Worker
ALS_00972,30,FEMALE,JUNIOR_HIGH_SCHOOL,FACE_TO_FACE,0,0,0,12425.01,Informal / Contractual Worker
ALS_03909,22,MALE,JUNIOR_HIGH_SCHOOL,FACE_TO_FACE,1,,1,4171.35,Unemployed / No Income
ALS_05575,29,FEMALE,JUNIOR_HIGH_SCHOOL,BLENDED,0,,1,9576.97,Retired / Pensioner
ALS_05609,20,MALE,JUNIOR_HIGH_SCHOOL,MODULAR,0,,1,5730,Unemployed / No Income
ALS_00417,30,MALE,JUNIOR_HIGH_SCHOOL,MODULAR,0,0,0,7174.06,Formal Employment
ALS_02465,19,FEMALE,JUNIOR_HIGH_SCHOOL,FACE_TO_FACE,0,,1,8448.21,Self-Employed / Business Owner
ALS_03410,28,FEMALE,JUNIOR_HIGH_SCHOOL,BLENDED,1,,1,6004.7,Informal / Contractual Worker
ALS_02366,20,MALE,JUNIOR_HIGH_SCHOOL,MODULAR,1,,1,4319.65,Informal / Contractual Worker
ALS_00062,17,MALE,JUNIOR_HIGH_SCHOOL,FACE_TO_FACE,0,0,0,7485.73,Informal / Contractual Worker
ALS_05047,25,FEMALE,ELEMENTARY,MODULAR,0,,1,2064.41,Informal / Contractual Worker
ALS_01741,36,FEMALE,JUNIOR_HIGH_SCHOOL,BLENDED,0,,1,12263.85,Unemployed / No Income
ALS_05251,19,MALE,JUNIOR_HIGH_SCHOOL,BLENDED,0,,0,8943.95,Formal Employment
ALS_01948,34,FEMALE,JUNIOR_HIGH_SCHOOL,BLENDED,1,,1,8768.96,Self-Employed / Business Owner
ALS_04871,17,MALE,JUNIOR_HIGH_SCHOOL,FACE_TO_FACE,0,,1,2544.52,Unemployed / No Income
ALS_00816,11,MALE,ELEMENTARY,FACE_TO_FACE,0,0,0,8157.74,Formal Employment
ALS_05987,12,MALE,ELEMENTARY,FACE_TO_FACE,0,,0,5717.47,Informal / Contractual Worker
ALS_05601,30,FEMALE,JUNIOR_HIGH_SCHOOL,FACE_TO_FACE,0,,1,4310.01,Informal / Contractual Worker
ALS_00500,24,FEMALE,ELEMENTARY,MODULAR,1,,0,13074.32,OFW (Overseas Filipino Worker)
ALS_06277,16,MALE,JUNIOR_HIGH_SCHOOL,FACE_TO_FACE,0,,1,6543.97,Other
ALS_05963,42,FEMALE,JUNIOR_HIGH_SCHOOL,FACE_TO_FACE,0,,1,14236.4,Formal Employment
ALS_03832,22,FEMALE,JUNIOR_HIGH_SCHOOL,MODULAR,1,0,1,10524.12,Informal / Contractual Worker
ALS_03500,16,FEMALE,JUNIOR_HIGH_SCHOOL,FACE_TO_FACE,0,0.42,0,7145.35,Formal Employment
ALS_08350,17,MALE,JUNIOR_HIGH_SCHOOL,FACE_TO_FACE,,0,0,15222.75,Self-Employed / Business Owner
ALS_03053,24,FEMALE,JUNIOR_HIGH_SCHOOL,FACE_TO_FACE,0,,0,9966.12,Informal / Contractual Worker
ALS_00743,16,MALE,JUNIOR_HIGH_SCHOOL,FACE_TO_FACE,0,0,0,11513.2,Self-Employed / Business Owner
ALS_00173,31,FEMALE,JUNIOR_HIGH_SCHOOL,FACE_TO_FACE,0,0,0,11375.88,Unemployed / No Income
ALS_01996,20,MALE,JUNIOR_HIGH_SCHOOL,BLENDED,1,,1,11040.5,Informal / Contractual Worker
ALS_02922,47,FEMALE,JUNIOR_HIGH_SCHOOL,MODULAR,0,,1,9013.48,Unemployed / No Income
ALS_05149,19,MALE,ELEMENTARY,BLENDED,0,,1,7358.63,Informal / Contractual Worker
ALS_05101,16,MALE,JUNIOR_HIGH_SCHOOL,FACE_TO_FACE,0,,0,9068.87,Self-Employed / Business Owner
ALS_02606,20,FEMALE,JUNIOR_HIGH_SCHOOL,FACE_TO_FACE,0,,1,7878.91,Formal Employment
ALS_06474,15,FEMALE,JUNIOR_HIGH_SCHOOL,FACE_TO_FACE,0,,0,10333.21,Self-Employed / Business Owner
ALS_03651,25,MALE,JUNIOR_HIGH_SCHOOL,FACE_TO_FACE,0,,0,11670.32,Formal Employment
ALS_06083,23,MALE,JUNIOR_HIGH_SCHOOL,FACE_TO_FACE,0,,0,30526.33,OFW (Overseas Filipino Worker)
ALS_05904,39,MALE,JUNIOR_HIGH_SCHOOL,FACE_TO_FACE,0,,1,9128.35,Unemployed / No Income
ALS_05663,18,MALE,JUNIOR_HIGH_SCHOOL,FACE_TO_FACE,0,,1,5480.05,Unemployed / No Income
ALS_05338,27,MALE,JUNIOR_HIGH_SCHOOL,MODULAR,1,,0,6052.01,Self-Employed / Business Owner
ALS_03323,20,MALE,JUNIOR_HIGH_SCHOOL,MODULAR,1,,1,2640.47,Informal / Contractual Worker
ALS_01095,27,MALE,JUNIOR_HIGH_SCHOOL,FACE_TO_FACE,0,,0,7864.98,Informal / Contractual Worker
ALS_04530,22,MALE,JUNIOR_HIGH_SCHOOL,FACE_TO_FACE,0,,1,8885.59,Self-Employed / Business Owner
ALS_02571,27,MALE,JUNIOR_HIGH_SCHOOL,FACE_TO_FACE,0,,1,6704.09,Informal / Contractual Worker
ALS_02898,23,MALE,JUNIOR_HIGH_SCHOOL,MODULAR,0,,1,3473.77,Informal / Contractual Worker
ALS_02578,24,FEMALE,JUNIOR_HIGH_SCHOOL,FACE_TO_FACE,0,,1,6541.58,Informal / Contractual Worker
ALS_01780,26,MALE,JUNIOR_HIGH_SCHOOL,BLENDED,1,,1,13034.98,Self-Employed / Business Owner
ALS_02310,14,FEMALE,ELEMENTARY,FACE_TO_FACE,0,,0,9060.28,Self-Employed / Business Owner
ALS_03726,28,FEMALE,JUNIOR_HIGH_SCHOOL,MODULAR,0,,0,6117.13,Formal Employment
ALS_01303,29,FEMALE,JUNIOR_HIGH_SCHOOL,BLENDED,0,,0,5909.71,Informal / Contractual Worker
ALS_04127,26,MALE,BLP,MODULAR,0,,1,4694.54,Informal / Contractual Worker
ALS_03938,34,FEMALE,JUNIOR_HIGH_SCHOOL,BLENDED,0,,1,6246.23,Retired / Pensioner
ALS_04636,24,MALE,JUNIOR_HIGH_SCHOOL,MODULAR,0,,1,5829.82,Unemployed / No Income
ALS_02492,18,MALE,JUNIOR_HIGH_SCHOOL,MODULAR,0,,1,4765.82,Formal Employment
ALS_03698,16,MALE,JUNIOR_HIGH_SCHOOL,BLENDED,0,0.42,0,5348.63,Formal Employment
ALS_02381,15,MALE,JUNIOR_HIGH_SCHOOL,FACE_TO_FACE,1,,1,5174.63,OFW (Overseas Filipino Worker)
ALS_04160,15,MALE,JUNIOR_HIGH_SCHOOL,FACE_TO_FACE,0,,1,6592.08,Formal Employment
ALS_00586,21,FEMALE,JUNIOR_HIGH_SCHOOL,FACE_TO_FACE,0,2.5,0,10436.84,Self-Employed / Business Owner
ALS_03276,26,MALE,JUNIOR_HIGH_SCHOOL,MODULAR,1,,1,11398.05,Other
ALS_03781,20,FEMALE,JUNIOR_HIGH_SCHOOL,FACE_TO_FACE,0,,0,8409.84,Self-Employed / Business Owner
ALS_01817,28,FEMALE,JUNIOR_HIGH_SCHOOL,FACE_TO_FACE,1,,1,7761.29,Self-Employed / Business Owner
ALS_04423,24,MALE,JUNIOR_HIGH_SCHOOL,FACE_TO_FACE,1,,0,11532.88,Formal Employment
ALS_00190,27,FEMALE,JUNIOR_HIGH_SCHOOL,FACE_TO_FACE,0,0,0,5618.65,Other
ALS_05313,13,MALE,ELEMENTARY,FACE_TO_FACE,0,,0,7148.51,Self-Employed / Business Owner
ALS_04698,36,FEMALE,JUNIOR_HIGH_SCHOOL,BLENDED,0,,0,16082.89,Formal Employment
ALS_03842,25,MALE,JUNIOR_HIGH_SCHOOL,MODULAR,0,,1,11245.08,Formal Employment
ALS_06284,16,MALE,JUNIOR_HIGH_SCHOOL,MODULAR,0,,1,6613.14,Unemployed / No Income
ALS_05633,17,FEMALE,JUNIOR_HIGH_SCHOOL,MODULAR,0,,0,14956.29,OFW (Overseas Filipino Worker)
ALS_04262,44,FEMALE,JUNIOR_HIGH_SCHOOL,MODULAR,0,,1,7667.43,Informal / Contractual Worker
ALS_04959,20,FEMALE,JUNIOR_HIGH_SCHOOL,FACE_TO_FACE,0,,1,3341.71,Unemployed / No Income
ALS_06065,15,FEMALE,JUNIOR_HIGH_SCHOOL,FACE_TO_FACE,0,,1,9078.35,Retired / Pensioner
ALS_06396,21,MALE,JUNIOR_HIGH_SCHOOL,FACE_TO_FACE,0,,0,5285.18,Self-Employed / Business Owner
ALS_03765,32,FEMALE,JUNIOR_HIGH_SCHOOL,FACE_TO_FACE,0,,0,15451.51,Self-Employed / Business Owner
ALS_05248,16,MALE,JUNIOR_HIGH_SCHOOL,FACE_TO_FACE,0,,1,11420.84,OFW (Overseas Filipino Worker)
ALS_04764,16,MALE,JUNIOR_HIGH_SCHOOL,FACE_TO_FACE,0,,0,8317.8,Self-Employed / Business Owner
ALS_01894,20,FEMALE,JUNIOR_HIGH_SCHOOL,FACE_TO_FACE,1,,1,7620.09,Informal / Contractual Worker
ALS_03436,35,FEMALE,JUNIOR_HIGH_SCHOOL,BLENDED,0,,1,12259.34,Informal / Contractual Worker
ALS_06616,14,FEMALE,JUNIOR_HIGH_SCHOOL,FACE_TO_FACE,0,,1,13211.18,Unemployed / No Income
ALS_02793,26,MALE,JUNIOR_HIGH_SCHOOL,FACE_TO_FACE,0,,1,7936.14,Informal / Contractual Worker
ALS_05363,16,FEMALE,JUNIOR_HIGH_SCHOOL,FACE_TO_FACE,0,,0,6463.25,OFW (Overseas Filipino Worker)
ALS_03654,29,MALE,JUNIOR_HIGH_SCHOOL,BLENDED,0,,0,14750.01,Retired / Pensioner
ALS_03545,25,MALE,JUNIOR_HIGH_SCHOOL,MODULAR,1,,1,9282.45,OFW (Overseas Filipino Worker)
ALS_02730,18,MALE,ELEMENTARY,FACE_TO_FACE,0,,1,19362.21,Self-Employed / Business Owner
ALS_02417,19,FEMALE,JUNIOR_HIGH_SCHOOL,FACE_TO_FACE,0,,1,5032.65,Unemployed / No Income
ALS_05773,17,MALE,JUNIOR_HIGH_SCHOOL,FACE_TO_FACE,0,,0,15922.96,Other
ALS_00170,16,FEMALE,JUNIOR_HIGH_SCHOOL,FACE_TO_FACE,0,0,0,3460.55,Self-Employed / Business Owner
ALS_02363,32,MALE,JUNIOR_HIGH_SCHOOL,MODULAR,1,,1,8966.94,Unemployed / No Income
ALS_06672,30,MALE,JUNIOR_HIGH_SCHOOL,FACE_TO_FACE,0,,0,15641.95,OFW (Overseas Filipino Worker)
ALS_05539,15,MALE,JUNIOR_HIGH_SCHOOL,MODULAR,0,,1,18312.62,Informal / Contractual Worker
ALS_03433,43,FEMALE,JUNIOR_HIGH_SCHOOL,BLENDED,0,,1,5444.54,Informal / Contractual Worker
ALS_00951,28,FEMALE,JUNIOR_HIGH_SCHOOL,FACE_TO_FACE,0,0,0,8456.49,Informal / Contractual Worker
ALS_03094,22,FEMALE,JUNIOR_HIGH_SCHOOL,FACE_TO_FACE,0,,0,8348.87,OFW (Overseas Filipino Worker)
ALS_06377,25,MALE,ELEMENTARY,FACE_TO_FACE,0,,1,18893.56,Informal / Contractual Worker
ALS_05935,17,FEMALE,JUNIOR_HIGH_SCHOOL,FACE_TO_FACE,0,,0,8922.78,Retired / Pensioner
ALS_05180,23,MALE,JUNIOR_HIGH_SCHOOL,MODULAR,0,,1,7962.71,Informal / Contractual Worker
ALS_06219,18,FEMALE,JUNIOR_HIGH_SCHOOL,MODULAR,0,,1,5390.33,Informal / Contractual Worker
ALS_05932,12,MALE,ELEMENTARY,FACE_TO_FACE,0,,1,10059.76,OFW (Overseas Filipino Worker)
ALS_02138,25,MALE,JUNIOR_HIGH_SCHOOL,FACE_TO_FACE,1,,1,11164.41,Informal / Contractual Worker
ALS_03469,55,FEMALE,JUNIOR_HIGH_SCHOOL,FACE_TO_FACE,1,,1,5996.69,Informal / Contractual Worker
ALS_02629,21,MALE,JUNIOR_HIGH_SCHOOL,BLENDED,0,,0,17053.71,Formal Employment
ALS_02754,19,MALE,JUNIOR_HIGH_SCHOOL,FACE_TO_FACE,0,,1,8408.55,OFW (Overseas Filipino Worker)
ALS_07039,26,FEMALE,JUNIOR_HIGH_SCHOOL,FACE_TO_FACE,0,,0,18517.39,Informal / Contractual Worker
ALS_00200,16,MALE,JUNIOR_HIGH_SCHOOL,FACE_TO_FACE,1,0,0,12195.06,Informal / Contractual Worker
ALS_05366,16,FEMALE,JUNIOR_HIGH_SCHOOL,FACE_TO_FACE,1,,0,14854.72,Formal Employment
ALS_00493,26,FEMALE,JUNIOR_HIGH_SCHOOL,FACE_TO_FACE,0,0,0,27193.99,Informal / Contractual Worker
ALS_02799,17,MALE,JUNIOR_HIGH_SCHOOL,FACE_TO_FACE,1,0.42,0,10329.72,Self-Employed / Business Owner
ALS_04297,17,FEMALE,JUNIOR_HIGH_SCHOOL,FACE_TO_FACE,0,,0,6601.81,Informal / Contractual Worker
ALS_06297,15,MALE,JUNIOR_HIGH_SCHOOL,FACE_TO_FACE,0,,1,6328.75,Retired / Pensioner
ALS_03506,15,FEMALE,JUNIOR_HIGH_SCHOOL,FACE_TO_FACE,0,0.42,0,13175.24,Unemployed / No Income
ALS_03001,19,MALE,JUNIOR_HIGH_SCHOOL,FACE_TO_FACE,0,,1,5733.82,Other
ALS_00505,17,MALE,JUNIOR_HIGH_SCHOOL,MODULAR,0,2.06,0,14283.24,Formal Employment
ALS_02761,37,MALE,JUNIOR_HIGH_SCHOOL,FACE_TO_FACE,0,,1,9182.17,Unemployed / No Income
ALS_03704,19,MALE,JUNIOR_HIGH_SCHOOL,MODULAR,1,,1,12283.7,Formal Employment
ALS_03779,26,MALE,JUNIOR_HIGH_SCHOOL,FACE_TO_FACE,0,,1,5083.75,Unemployed / No Income
ALS_02372,19,MALE,ELEMENTARY,MODULAR,0,,1,7001.24,Retired / Pensioner
ALS_05740,33,FEMALE,JUNIOR_HIGH_SCHOOL,FACE_TO_FACE,0,,0,9701.34,Formal Employment
ALS_03569,18,FEMALE,JUNIOR_HIGH_SCHOOL,MODULAR,0,,0,9557.77,Unemployed / No Income
ALS_05126,22,MALE,JUNIOR_HIGH_SCHOOL,MODULAR,0,,0,27342.83,Formal Employment
ALS_02405,18,MALE,ELEMENTARY,FACE_TO_FACE,0,,1,20619.38,Informal / Contractual Worker
ALS_03633,18,MALE,JUNIOR_HIGH_SCHOOL,FACE_TO_FACE,0,0,0,9287.38,Informal / Contractual Worker
ALS_04763,26,FEMALE,BLP,FACE_TO_FACE,0,,0,6983.01,Informal / Contractual Worker
ALS_01932,24,MALE,ELEMENTARY,FACE_TO_FACE,0,,1,10096.59,Other
ALS_01687,18,FEMALE,JUNIOR_HIGH_SCHOOL,FACE_TO_FACE,0,,1,3665.69,Formal Employment
ALS_00467,30,FEMALE,JUNIOR_HIGH_SCHOOL,FACE_TO_FACE,0,0.79,0,3124.11,Unemployed / No Income
ALS_02494,24,MALE,JUNIOR_HIGH_SCHOOL,FACE_TO_FACE,0,,1,11064.81,Formal Employment
ALS_02411,23,FEMALE,JUNIOR_HIGH_SCHOOL,MODULAR,0,,1,4250.44,OFW (Overseas Filipino Worker)
ALS_02513,19,MALE,JUNIOR_HIGH_SCHOOL,MODULAR,0,,1,3569.79,Unemployed / No Income
ALS_01163,32,FEMALE,JUNIOR_HIGH_SCHOOL,MODULAR,0,,0,15084.77,Self-Employed / Business Owner
ALS_05361,37,FEMALE,ELEMENTARY,MODULAR,1,,1,7338.52,Unemployed / No Income
ALS_04314,30,MALE,JUNIOR_HIGH_SCHOOL,FACE_TO_FACE,0,,1,14943.99,Formal Employment
ALS_05482,42,FEMALE,JUNIOR_HIGH_SCHOOL,MODULAR,0,,1,12035.73,Formal Employment
ALS_02149,23,FEMALE,ELEMENTARY,FACE_TO_FACE,0,,1,15319.86,Formal Employment
ALS_03334,16,MALE,JUNIOR_HIGH_SCHOOL,MODULAR,1,,1,11371.67,Unemployed / No Income
ALS_02933,17,MALE,JUNIOR_HIGH_SCHOOL,FACE_TO_FACE,1,,1,6405.98,Retired / Pensioner
ALS_04522,43,MALE,JUNIOR_HIGH_SCHOOL,MODULAR,1,,0,18507.68,Self-Employed / Business Owner
ALS_02770,20,MALE,JUNIOR_HIGH_SCHOOL,FACE_TO_FACE,0,,1,9776.7,Formal Employment
ALS_04024,16,MALE,JUNIOR_HIGH_SCHOOL,FACE_TO_FACE,0,,0,6177.52,Informal / Contractual Worker
ALS_01186,14,MALE,JUNIOR_HIGH_SCHOOL,FACE_TO_FACE,0,,1,18138.71,Informal / Contractual Worker
ALS_02741,20,MALE,JUNIOR_HIGH_SCHOOL,FACE_TO_FACE,0,,1,20599.2,OFW (Overseas Filipino Worker)
ALS_01868,29,MALE,JUNIOR_HIGH_SCHOOL,MODULAR,0,,1,3468.14,Informal / Contractual Worker
ALS_05350,30,FEMALE,JUNIOR_HIGH_SCHOOL,FACE_TO_FACE,1,,0,13584.33,Self-Employed / Business Owner
ALS_04413,28,MALE,JUNIOR_HIGH_SCHOOL,MODULAR,0,,1,8853.52,Informal / Contractual Worker
ALS_04613,29,MALE,JUNIOR_HIGH_SCHOOL,FACE_TO_FACE,0,,1,5455.49,Formal Employment
ALS_06946,18,MALE,JUNIOR_HIGH_SCHOOL,BLENDED,,,1,12115.58,Informal / Contractual Worker
ALS_04392,39,MALE,JUNIOR_HIGH_SCHOOL,MODULAR,0,,1,10662.78,OFW (Overseas Filipino Worker)
ALS_04445,16,MALE,JUNIOR_HIGH_SCHOOL,MODULAR,1,,1,7614.66,Informal / Contractual Worker
ALS_06516,15,FEMALE,JUNIOR_HIGH_SCHOOL,MODULAR,0,,0,8985.97,Self-Employed / Business Owner
ALS_01421,27,FEMALE,JUNIOR_HIGH_SCHOOL,FACE_TO_FACE,0,,1,5353.15,Informal / Contractual Worker
ALS_03795,35,FEMALE,JUNIOR_HIGH_SCHOOL,BLENDED,0,,0,10786.44,Formal Employment
ALS_05039,14,MALE,BLP,FACE_TO_FACE,0,,1,9388.66,Other
ALS_05058,33,FEMALE,JUNIOR_HIGH_SCHOOL,BLENDED,0,,1,7290.86,Formal Employment
ALS_00461,21,MALE,JUNIOR_HIGH_SCHOOL,FACE_TO_FACE,0,4.72,0,8044.38,Formal Employment
ALS_01093,18,MALE,JUNIOR_HIGH_SCHOOL,MODULAR,0,,0,10433.96,Self-Employed / Business Owner
ALS_02052,13,MALE,ELEMENTARY,FACE_TO_FACE,0,,1,8162.68,Informal / Contractual Worker
ALS_02091,15,MALE,JUNIOR_HIGH_SCHOOL,MODULAR,1,,1,7052.9,Unemployed / No Income
ALS_03454,15,MALE,JUNIOR_HIGH_SCHOOL,MODULAR,1,,1,8934.86,Informal / Contractual Worker
ALS_02608,16,FEMALE,JUNIOR_HIGH_SCHOOL,FACE_TO_FACE,0,2.02,0,15479.33,Informal / Contractual Worker
ALS_04105,34,FEMALE,JUNIOR_HIGH_SCHOOL,FACE_TO_FACE,0,,1,7653.7,Other
ALS_02901,24,MALE,ELEMENTARY,FACE_TO_FACE,0,,1,11400.59,Formal Employment
ALS_05399,36,FEMALE,BLP,FACE_TO_FACE,0,,1,2000,Unemployed / No Income
ALS_05280,30,FEMALE,BLP,FACE_TO_FACE,0,,1,6724.37,Unemployed / No Income
ALS_04853,18,MALE,JUNIOR_HIGH_SCHOOL,FACE_TO_FACE,0,,1,5960.34,Formal Employment
ALS_02599,44,MALE,JUNIOR_HIGH_SCHOOL,FACE_TO_FACE,1,,0,8351.33,Informal / Contractual Worker
ALS_01180,26,MALE,JUNIOR_HIGH_SCHOOL,FACE_TO_FACE,1,,1,8907.28,Unemployed / No Income
ALS_03011,25,FEMALE,JUNIOR_HIGH_SCHOOL,FACE_TO_FACE,0,,1,11574.97,Retired / Pensioner
ALS_00380,23,FEMALE,ELEMENTARY,FACE_TO_FACE,0,4.15,0,7745.88,Formal Employment
ALS_03265,17,FEMALE,JUNIOR_HIGH_SCHOOL,BLENDED,1,,1,8441.76,Self-Employed / Business Owner
ALS_03518,17,FEMALE,JUNIOR_HIGH_SCHOOL,MODULAR,0,,1,7841.82,OFW (Overseas Filipino Worker)
ALS_02395,28,FEMALE,JUNIOR_HIGH_SCHOOL,FACE_TO_FACE,1,,1,5939.87,OFW (Overseas Filipino Worker)
ALS_04023,20,MALE,JUNIOR_HIGH_SCHOOL,BLENDED,0,,0,6679.54,Self-Employed / Business Owner
ALS_05427,14,MALE,JUNIOR_HIGH_SCHOOL,FACE_TO_FACE,1,,1,10911.32,Formal Employment
ALS_02216,24,MALE,JUNIOR_HIGH_SCHOOL,MODULAR,1,,1,18866.59,Formal Employment
ALS_03062,17,FEMALE,JUNIOR_HIGH_SCHOOL,FACE_TO_FACE,0,,1,9367.6,Self-Employed / Business Owner
ALS_00579,30,FEMALE,JUNIOR_HIGH_SCHOOL,MODULAR,0,0,0,17429.12,Informal / Contractual Worker
ALS_05577,16,FEMALE,JUNIOR_HIGH_SCHOOL,MODULAR,0,,1,8497.6,Informal / Contractual Worker
ALS_02618,26,MALE,JUNIOR_HIGH_SCHOOL,MODULAR,0,,1,9388.25,Other
ALS_06239,35,FEMALE,JUNIOR_HIGH_SCHOOL,FACE_TO_FACE,0,,0,7229.8,Informal / Contractual Worker
ALS_03527,24,MALE,JUNIOR_HIGH_SCHOOL,MODULAR,1,,1,5789.96,Informal / Contractual Worker
ALS_02435,32,MALE,JUNIOR_HIGH_SCHOOL,MODULAR,0,,1,5132.49,Formal Employment
ALS_01718,18,MALE,JUNIOR_HIGH_SCHOOL,BLENDED,0,0.95,0,13909.16,Formal Employment
ALS_02808,19,MALE,JUNIOR_HIGH_SCHOOL,FACE_TO_FACE,0,0.28,1,5003.97,Unemployed / No Income
ALS_03432,17,MALE,JUNIOR_HIGH_SCHOOL,FACE_TO_FACE,0,,0,6014.72,Formal Employment
ALS_01967,22,FEMALE,JUNIOR_HIGH_SCHOOL,FACE_TO_FACE,0,,0,4039.11,Other
ALS_06246,15,FEMALE,JUNIOR_HIGH_SCHOOL,FACE_TO_FACE,0,,1,8242.53,Informal / Contractual Worker
ALS_02987,17,MALE,JUNIOR_HIGH_SCHOOL,FACE_TO_FACE,0,,1,10823.27,Unemployed / No Income
ALS_03268,16,FEMALE,JUNIOR_HIGH_SCHOOL,MODULAR,0,,0,8176.34,Formal Employment
ALS_01224,30,FEMALE,JUNIOR_HIGH_SCHOOL,MODULAR,0,0.42,0,11690.15,Self-Employed / Business Owner
ALS_02903,20,MALE,JUNIOR_HIGH_SCHOOL,BLENDED,0,,0,17120.78,Unemployed / No Income
ALS_06519,19,MALE,JUNIOR_HIGH_SCHOOL,FACE_TO_FACE,0,,1,8707.78,Self-Employed / Business Owner
ALS_02288,31,MALE,JUNIOR_HIGH_SCHOOL,MODULAR,0,,1,6430.55,Informal / Contractual Worker
ALS_01708,21,MALE,JUNIOR_HIGH_SCHOOL,FACE_TO_FACE,1,,1,10249.15,Informal / Contractual Worker
ALS_04990,21,MALE,JUNIOR_HIGH_SCHOOL,FACE_TO_FACE,1,,0,15044.6,Informal / Contractual Worker
ALS_03650,19,MALE,JUNIOR_HIGH_SCHOOL,MODULAR,0,,1,6375.76,Informal / Contractual Worker
ALS_02094,24,MALE,JUNIOR_HIGH_SCHOOL,FACE_TO_FACE,1,,1,8883.14,Informal / Contractual Worker
ALS_05104,17,MALE,JUNIOR_HIGH_SCHOOL,BLENDED,0,,1,5736.57,Formal Employment
ALS_05484,23,MALE,JUNIOR_HIGH_SCHOOL,MODULAR,0,,1,8962.62,Self-Employed / Business Owner
ALS_00985,20,FEMALE,JUNIOR_HIGH_SCHOOL,FACE_TO_FACE,0,0,0,12160.1,Other
ALS_05473,25,FEMALE,JUNIOR_HIGH_SCHOOL,FACE_TO_FACE,0,,0,3438.34,Self-Employed / Business Owner
ALS_02935,16,MALE,JUNIOR_HIGH_SCHOOL,FACE_TO_FACE,1,,1,4732.88,Other
ALS_02169,30,MALE,JUNIOR_HIGH_SCHOOL,FACE_TO_FACE,0,,0,13066.66,OFW (Overseas Filipino Worker)
ALS_01942,22,FEMALE,JUNIOR_HIGH_SCHOOL,MODULAR,1,,1,3392.74,Unemployed / No Income
ALS_04079,15,MALE,JUNIOR_HIGH_SCHOOL,FACE_TO_FACE,1,,1,9696.76,Formal Employment
ALS_00563,13,MALE,ELEMENTARY,FACE_TO_FACE,0,1.2,0,5422.53,Informal / Contractual Worker
ALS_03441,43,FEMALE,JUNIOR_HIGH_SCHOOL,BLENDED,0,,0,7698.69,OFW (Overseas Filipino Worker)
ALS_04786,15,MALE,JUNIOR_HIGH_SCHOOL,FACE_TO_FACE,0,0.42,1,15109.64,Unemployed / No Income
ALS_02856,25,FEMALE,JUNIOR_HIGH_SCHOOL,FACE_TO_FACE,0,,1,5997.47,Unemployed / No Income
ALS_04817,21,FEMALE,JUNIOR_HIGH_SCHOOL,FACE_TO_FACE,0,0.42,1,2125.62,Informal / Contractual Worker
ALS_04197,33,MALE,JUNIOR_HIGH_SCHOOL,FACE_TO_FACE,0,,1,13064.14,Self-Employed / Business Owner
ALS_00204,17,MALE,JUNIOR_HIGH_SCHOOL,FACE_TO_FACE,0,0.05,0,23495.44,Formal Employment
ALS_03555,29,FEMALE,JUNIOR_HIGH_SCHOOL,MODULAR,1,,1,8045.42,Self-Employed / Business Owner
ALS_05642,31,MALE,JUNIOR_HIGH_SCHOOL,MODULAR,0,,1,23787.92,Unemployed / No Income
ALS_02412,14,FEMALE,ELEMENTARY,FACE_TO_FACE,0,,0,16522.46,Unemployed / No Income
ALS_05430,13,MALE,JUNIOR_HIGH_SCHOOL,FACE_TO_FACE,1,,1,15468.57,Unemployed / No Income
ALS_00669,14,MALE,ELEMENTARY,FACE_TO_FACE,1,1.64,0,6495.71,Formal Employment
ALS_04319,12,FEMALE,ELEMENTARY,FACE_TO_FACE,0,,1,5779.64,Retired / Pensioner
ALS_06673,15,MALE,JUNIOR_HIGH_SCHOOL,FACE_TO_FACE,0,,0,9029.36,Self-Employed / Business Owner
ALS_05228,26,FEMALE,JUNIOR_HIGH_SCHOOL,MODULAR,0,,0,15024.61,Formal Employment
ALS_01090,26,FEMALE,JUNIOR_HIGH_SCHOOL,FACE_TO_FACE,0,,0,9883.76,Formal Employment
ALS_03025,18,MALE,JUNIOR_HIGH_SCHOOL,FACE_TO_FACE,0,,0,9587.03,Retired / Pensioner
ALS_02481,32,FEMALE,JUNIOR_HIGH_SCHOOL,MODULAR,0,,1,7365.25,Informal / Contractual Worker
ALS_02790,16,MALE,JUNIOR_HIGH_SCHOOL,FACE_TO_FACE,0,,1,9612.79,Informal / Contractual Worker
ALS_01993,29,FEMALE,ELEMENTARY,MODULAR,1,,1,5552.75,Unemployed / No Income
ALS_02421,30,MALE,JUNIOR_HIGH_SCHOOL,MODULAR,0,,1,16404.48,Unemployed / No Income
ALS_02253,34,MALE,JUNIOR_HIGH_SCHOOL,MODULAR,0,,1,10432.52,Informal / Contractual Worker
ALS_01959,13,MALE,ELEMENTARY,FACE_TO_FACE,1,,1,5113.02,Informal / Contractual Worker
ALS_02314,30,MALE,JUNIOR_HIGH_SCHOOL,FACE_TO_FACE,0,,1,14931.95,Self-Employed / Business Owner
ALS_01730,29,FEMALE,JUNIOR_HIGH_SCHOOL,MODULAR,0,,1,3988.98,Informal / Contractual Worker
ALS_00435,26,MALE,JUNIOR_HIGH_SCHOOL,MODULAR,0,1.62,0,6384.71,Unemployed / No Income
ALS_03066,19,MALE,ELEMENTARY,MODULAR,1,0.42,1,10151.45,Informal / Contractual Worker
ALS_04481,24,MALE,JUNIOR_HIGH_SCHOOL,MODULAR,0,,1,4015.18,Informal / Contractual Worker
ALS_06550,15,FEMALE,JUNIOR_HIGH_SCHOOL,FACE_TO_FACE,0,0,0,13451.04,Formal Employment
ALS_01056,17,FEMALE,JUNIOR_HIGH_SCHOOL,FACE_TO_FACE,1,1.21,0,14281.58,Informal / Contractual Worker
ALS_06276,16,MALE,JUNIOR_HIGH_SCHOOL,FACE_TO_FACE,0,,1,12431.56,Unemployed / No Income
ALS_02249,15,MALE,JUNIOR_HIGH_SCHOOL,FACE_TO_FACE,0,,0,7394.35,Self-Employed / Business Owner
ALS_04410,23,FEMALE,BLP,FACE_TO_FACE,1,,0,4258.12,Formal Employment
ALS_03803,22,MALE,JUNIOR_HIGH_SCHOOL,BLENDED,0,,0,23817.41,OFW (Overseas Filipino Worker)
ALS_06544,15,MALE,JUNIOR_HIGH_SCHOOL,FACE_TO_FACE,0,,0,7729.76,Formal Employment
ALS_06712,16,MALE,JUNIOR_HIGH_SCHOOL,FACE_TO_FACE,0,,0,12774.41,Formal Employment
ALS_04411,14,FEMALE,BLP,FACE_TO_FACE,0,,1,5043.57,Unemployed / No Income
ALS_03119,15,MALE,ELEMENTARY,FACE_TO_FACE,1,0.42,0,7221.42,Retired / Pensioner
ALS_02307,24,MALE,JUNIOR_HIGH_SCHOOL,MODULAR,0,,1,5758.77,Informal / Contractual Worker
ALS_05594,21,MALE,JUNIOR_HIGH_SCHOOL,FACE_TO_FACE,0,,0,7589.19,Self-Employed / Business Owner
ALS_06060,15,FEMALE,JUNIOR_HIGH_SCHOOL,FACE_TO_FACE,0,,1,8800.99,Unemployed / No Income
ALS_00686,15,MALE,JUNIOR_HIGH_SCHOOL,FACE_TO_FACE,1,4.82,1,8955.4,Unemployed / No Income
ALS_03669,18,FEMALE,JUNIOR_HIGH_SCHOOL,FACE_TO_FACE,0,,1,9031.95,Self-Employed / Business Owner
ALS_05643,24,MALE,JUNIOR_HIGH_SCHOOL,MODULAR,0,,1,7988.27,Unemployed / No Income
ALS_06667,17,MALE,JUNIOR_HIGH_SCHOOL,FACE_TO_FACE,0,,0,16292.81,Informal / Contractual Worker
ALS_06265,16,MALE,JUNIOR_HIGH_SCHOOL,FACE_TO_FACE,0,,1,4585.53,Informal / Contractual Worker
ALS_03701,17,MALE,JUNIOR_HIGH_SCHOOL,MODULAR,0,0.42,0,9202.62,OFW (Overseas Filipino Worker)
ALS_02267,15,MALE,ELEMENTARY,FACE_TO_FACE,0,,1,6698.46,Formal Employment
ALS_02634,18,MALE,JUNIOR_HIGH_SCHOOL,BLENDED,0,,0,15002.58,Informal / Contractual Worker
ALS_01842,22,MALE,JUNIOR_HIGH_SCHOOL,FACE_TO_FACE,0,,1,7480.39,Self-Employed / Business Owner
ALS_04617,23,FEMALE,JUNIOR_HIGH_SCHOOL,FACE_TO_FACE,0,,1,8757.05,Self-Employed / Business Owner
ALS_04303,18,FEMALE,JUNIOR_HIGH_SCHOOL,FACE_TO_FACE,1,,1,5571.32,Other
ALS_05080,17,MALE,JUNIOR_HIGH_SCHOOL,FACE_TO_FACE,0,,0,15165.25,Formal Employment
ALS_02849,25,FEMALE,JUNIOR_HIGH_SCHOOL,FACE_TO_FACE,0,0.28,1,10848.29,Other
ALS_00696,17,MALE,JUNIOR_HIGH_SCHOOL,FACE_TO_FACE,0,0.6,0,8433.26,Informal / Contractual Worker
ALS_05951,26,MALE,JUNIOR_HIGH_SCHOOL,FACE_TO_FACE,0,,1,5992.9,Unemployed / No Income
ALS_06331,26,MALE,JUNIOR_HIGH_SCHOOL,FACE_TO_FACE,0,,1,5377.95,Retired / Pensioner
ALS_01069,15,MALE,JUNIOR_HIGH_SCHOOL,FACE_TO_FACE,0,0,0,12120.07,Formal Employment
ALS_05462,31,FEMALE,JUNIOR_HIGH_SCHOOL,FACE_TO_FACE,0,,0,15039.29,Informal / Contractual Worker
ALS_02827,16,MALE,JUNIOR_HIGH_SCHOOL,FACE_TO_FACE,0,,1,4615.51,Self-Employed / Business Owner
ALS_05568,15,FEMALE,JUNIOR_HIGH_SCHOOL,FACE_TO_FACE,0,,1,4560.53,Informal / Contractual Worker
ALS_02167,31,MALE,JUNIOR_HIGH_SCHOOL,FACE_TO_FACE,0,,0,18561.68,Self-Employed / Business Owner
ALS_02012,25,MALE,ELEMENTARY,BLENDED,0,,1,4446.02,Formal Employment
ALS_00765,23,MALE,JUNIOR_HIGH_SCHOOL,BLENDED,,0,0,9433.59,Other
ALS_03507,16,FEMALE,JUNIOR_HIGH_SCHOOL,MODULAR,0,,0,10687.06,Self-Employed / Business Owner
ALS_04803,16,MALE,JUNIOR_HIGH_SCHOOL,FACE_TO_FACE,0,,1,5330.3,OFW (Overseas Filipino Worker)
ALS_03264,51,FEMALE,JUNIOR_HIGH_SCHOOL,MODULAR,0,,0,6984.21,Informal / Contractual Worker
ALS_04331,59,FEMALE,JUNIOR_HIGH_SCHOOL,MODULAR,0,,1,15286.97,Informal / Contractual Worker
ALS_02857,22,FEMALE,JUNIOR_HIGH_SCHOOL,MODULAR,0,,1,7467.71,Informal / Contractual Worker
ALS_02143,33,MALE,JUNIOR_HIGH_SCHOOL,FACE_TO_FACE,0,,1,18035.22,Retired / Pensioner
ALS_04012,17,MALE,JUNIOR_HIGH_SCHOOL,FACE_TO_FACE,0,0.42,0,15125.73,Formal Employment
ALS_00905,17,MALE,JUNIOR_HIGH_SCHOOL,FACE_TO_FACE,0,0,0,11148.11,Formal Employment
ALS_06525,14,MALE,ELEMENTARY,FACE_TO_FACE,0,,0,5860.82,Informal / Contractual Worker
ALS_04393,23,MALE,JUNIOR_HIGH_SCHOOL,MODULAR,0,,1,3035.33,Unemployed / No Income
ALS_05905,56,MALE,JUNIOR_HIGH_SCHOOL,FACE_TO_FACE,0,,1,11018.21,Formal Employment
ALS_01869,28,FEMALE,JUNIOR_HIGH_SCHOOL,FACE_TO_FACE,1,,1,10345.48,Informal / Contractual Worker
ALS_04970,15,FEMALE,ELEMENTARY,FACE_TO_FACE,0,,0,9115.15,Self-Employed / Business Owner
ALS_01855,17,MALE,JUNIOR_HIGH_SCHOOL,MODULAR,1,,1,3179.84,Retired / Pensioner
ALS_02075,29,MALE,JUNIOR_HIGH_SCHOOL,MODULAR,1,,1,8049.63,Unemployed / No Income
ALS_04218,47,MALE,JUNIOR_HIGH_SCHOOL,MODULAR,0,,1,8072.98,Other
ALS_03935,17,FEMALE,JUNIOR_HIGH_SCHOOL,MODULAR,1,,1,8981.03,Informal / Contractual Worker
ALS_06162,25,MALE,JUNIOR_HIGH_SCHOOL,MODULAR,0,,1,5396.91,Informal / Contractual Worker
ALS_01929,26,MALE,JUNIOR_HIGH_SCHOOL,FACE_TO_FACE,0,,0,10132.05,OFW (Overseas Filipino Worker)
ALS_03731,18,FEMALE,JUNIOR_HIGH_SCHOOL,BLENDED,0,,0,8193.6,Unemployed / No Income
ALS_03992,13,FEMALE,ELEMENTARY,FACE_TO_FACE,0,,0,7729.8,Self-Employed / Business Owner
ALS_03271,33,MALE,JUNIOR_HIGH_SCHOOL,FACE_TO_FACE,1,,1,9215.93,Other
ALS_02639,19,MALE,JUNIOR_HIGH_SCHOOL,MODULAR,0,,1,12296.35,Self-Employed / Business Owner
ALS_03805,56,FEMALE,JUNIOR_HIGH_SCHOOL,FACE_TO_FACE,0,,1,4439.74,Self-Employed / Business Owner
ALS_06611,19,MALE,JUNIOR_HIGH_SCHOOL,MODULAR,0,,0,5130.58,Formal Employment
ALS_04521,15,MALE,JUNIOR_HIGH_SCHOOL,FACE_TO_FACE,0,,0,11163.37,Formal Employment
ALS_02802,19,MALE,JUNIOR_HIGH_SCHOOL,FACE_TO_FACE,0,0.28,1,6058.46,Self-Employed / Business Owner
ALS_06341,14,FEMALE,ELEMENTARY,FACE_TO_FACE,0,,1,9958.1,Unemployed / No Income
ALS_00156,27,FEMALE,JUNIOR_HIGH_SCHOOL,FACE_TO_FACE,0,6.16,0,8835.04,Other
ALS_06643,27,MALE,JUNIOR_HIGH_SCHOOL,BLENDED,0,,1,4672.48,Informal / Contractual Worker
ALS_00343,16,MALE,JUNIOR_HIGH_SCHOOL,FACE_TO_FACE,0,1.7,0,16124.89,Informal / Contractual Worker
ALS_02470,27,MALE,JUNIOR_HIGH_SCHOOL,MODULAR,0,,1,11372.65,Unemployed / No Income
ALS_04380,22,FEMALE,JUNIOR_HIGH_SCHOOL,MODULAR,0,,1,7399.09,Other
ALS_00980,26,FEMALE,JUNIOR_HIGH_SCHOOL,FACE_TO_FACE,0,0,0,10207.36,Formal Employment
ALS_00642,23,MALE,JUNIOR_HIGH_SCHOOL,MODULAR,0,2.05,0,15576.62,Self-Employed / Business Owner
ALS_03353,11,FEMALE,ELEMENTARY,MODULAR,1,,1,11622.22,Self-Employed / Business Owner
ALS_02377,23,MALE,BLP,MODULAR,0,,1,2000,Informal / Contractual Worker
ALS_02784,21,MALE,JUNIOR_HIGH_SCHOOL,FACE_TO_FACE,0,,1,11898.74,Unemployed / No Income
ALS_02321,29,MALE,JUNIOR_HIGH_SCHOOL,FACE_TO_FACE,0,,1,9425.01,Informal / Contractual Worker
ALS_06291,15,FEMALE,JUNIOR_HIGH_SCHOOL,FACE_TO_FACE,0,,1,10311.68,Unemployed / No Income
ALS_03392,34,MALE,JUNIOR_HIGH_SCHOOL,MODULAR,0,,0,6265.28,OFW (Overseas Filipino Worker)
ALS_03894,26,MALE,JUNIOR_HIGH_SCHOOL,MODULAR,0,,1,5190.02,Unemployed / No Income
ALS_04938,31,MALE,JUNIOR_HIGH_SCHOOL,FACE_TO_FACE,0,,1,17002.09,Unemployed / No Income
ALS_02936,20,MALE,ELEMENTARY,MODULAR,0,,1,5054.89,Unemployed / No Income
ALS_03280,25,MALE,JUNIOR_HIGH_SCHOOL,MODULAR,0,1.28,0,12675.96,Formal Employment
ALS_06016,15,MALE,JUNIOR_HIGH_SCHOOL,FACE_TO_FACE,0,,1,11783.89,Unemployed / No Income
ALS_05302,16,MALE,ELEMENTARY,MODULAR,0,,1,7087.09,Self-Employed / Business Owner
ALS_03554,30,FEMALE,JUNIOR_HIGH_SCHOOL,MODULAR,0,,0,14831.3,Self-Employed / Business Owner
ALS_05432,28,MALE,JUNIOR_HIGH_SCHOOL,MODULAR,0,,1,2853.5,Unemployed / No Income
ALS_03657,20,MALE,JUNIOR_HIGH_SCHOOL,FACE_TO_FACE,0,,1,10224.3,Informal / Contractual Worker
ALS_02361,17,MALE,JUNIOR_HIGH_SCHOOL,MODULAR,0,,0,14939.95,Informal / Contractual Worker
ALS_00115,32,MALE,JUNIOR_HIGH_SCHOOL,FACE_TO_FACE,0,0.995,0,9469.82,Other
ALS_03993,16,MALE,JUNIOR_HIGH_SCHOOL,FACE_TO_FACE,0,,0,7207.14,Formal Employment
ALS_04479,16,FEMALE,JUNIOR_HIGH_SCHOOL,FACE_TO_FACE,1,,0,22667.29,Informal / Contractual Worker
ALS_01965,22,FEMALE,JUNIOR_HIGH_SCHOOL,FACE_TO_FACE,0,,0,9841.93,Other
ALS_04772,15,MALE,JUNIOR_HIGH_SCHOOL,FACE_TO_FACE,0,,1,7566.23,Informal / Contractual Worker
ALS_01879,32,MALE,JUNIOR_HIGH_SCHOOL,BLENDED,0,,1,5063.63,Self-Employed / Business Owner
ALS_04948,23,MALE,JUNIOR_HIGH_SCHOOL,FACE_TO_FACE,0,,1,6818.89,Informal / Contractual Worker
ALS_03178,28,FEMALE,JUNIOR_HIGH_SCHOOL,FACE_TO_FACE,0,,0,6295.06,Self-Employed / Business Owner
ALS_02085,57,FEMALE,JUNIOR_HIGH_SCHOOL,MODULAR,0,,1,29223.46,Self-Employed / Business Owner
ALS_03475,21,FEMALE,JUNIOR_HIGH_SCHOOL,MODULAR,1,,1,5263.78,OFW (Overseas Filipino Worker)
ALS_07043,21,MALE,JUNIOR_HIGH_SCHOOL,MODULAR,0,,0,9783.64,Self-Employed / Business Owner
ALS_03395,20,MALE,JUNIOR_HIGH_SCHOOL,BLENDED,1,,1,12169.56,OFW (Overseas Filipino Worker)
ALS_03086,21,MALE,JUNIOR_HIGH_SCHOOL,MODULAR,1,,1,6808.72,Self-Employed / Business Owner
ALS_03197,35,FEMALE,JUNIOR_HIGH_SCHOOL,FACE_TO_FACE,0,,0,12471.16,Self-Employed / Business Owner
ALS_05703,18,MALE,JUNIOR_HIGH_SCHOOL,BLENDED,0,,0,7826.33,Self-Employed / Business Owner
ALS_00588,16,FEMALE,JUNIOR_HIGH_SCHOOL,FACE_TO_FACE,0,2.06,0,12957.8,Unemployed / No Income
ALS_04592,24,MALE,JUNIOR_HIGH_SCHOOL,FACE_TO_FACE,0,,1,8108.99,Informal / Contractual Worker
ALS_04071,22,FEMALE,JUNIOR_HIGH_SCHOOL,MODULAR,0,,1,11875.74,Other
ALS_00577,16,FEMALE,JUNIOR_HIGH_SCHOOL,BLENDED,0,3.51,0,16122.48,OFW (Overseas Filipino Worker)
ALS_00826,17,MALE,JUNIOR_HIGH_SCHOOL,BLENDED,0,0,0,10583.72,Unemployed / No Income
ALS_03361,16,MALE,JUNIOR_HIGH_SCHOOL,MODULAR,1,,1,11797.67,Unemployed / No Income
ALS_01797,14,FEMALE,JUNIOR_HIGH_SCHOOL,MODULAR,0,,1,9066.1,OFW (Overseas Filipino Worker)
ALS_00422,15,MALE,JUNIOR_HIGH_SCHOOL,FACE_TO_FACE,0,0.76,0,16991.05,Unemployed / No Income
ALS_00295,14,MALE,ELEMENTARY,FACE_TO_FACE,0,0,0,10254.22,Unemployed / No Income
ALS_06424,16,FEMALE,JUNIOR_HIGH_SCHOOL,FACE_TO_FACE,0,,0,8758.91,Other
ALS_04687,32,MALE,JUNIOR_HIGH_SCHOOL,BLENDED,0,,1,4468.64,Other
ALS_04155,17,MALE,JUNIOR_HIGH_SCHOOL,FACE_TO_FACE,0,,1,8471.35,Informal / Contractual Worker
ALS_02672,42,FEMALE,JUNIOR_HIGH_SCHOOL,MODULAR,0,,0,21991.08,Informal / Contractual Worker
ALS_05689,17,MALE,ELEMENTARY,FACE_TO_FACE,0,,1,8235.31,Informal / Contractual Worker
ALS_02595,22,FEMALE,JUNIOR_HIGH_SCHOOL,MODULAR,0,,1,5449.97,Self-Employed / Business Owner
ALS_04237,16,MALE,JUNIOR_HIGH_SCHOOL,BLENDED,0,,0,14348.45,Informal / Contractual Worker
ALS_04133,62,FEMALE,JUNIOR_HIGH_SCHOOL,MODULAR,0,,0,11367.37,Formal Employment
ALS_01757,26,FEMALE,JUNIOR_HIGH_SCHOOL,BLENDED,0,,1,4311.95,Informal / Contractual Worker
ALS_01968,21,MALE,JUNIOR_HIGH_SCHOOL,BLENDED,1,,1,13548.65,OFW (Overseas Filipino Worker)
ALS_02273,26,MALE,JUNIOR_HIGH_SCHOOL,MODULAR,0,,1,4121.28,Unemployed / No Income
ALS_05036,45,FEMALE,JUNIOR_HIGH_SCHOOL,FACE_TO_FACE,0,,0,4835.87,Formal Employment
ALS_00777,26,MALE,JUNIOR_HIGH_SCHOOL,FACE_TO_FACE,0,2.02,0,5833.07,Self-Employed / Business Owner
ALS_00755,28,FEMALE,JUNIOR_HIGH_SCHOOL,BLENDED,0,0,0,5128.59,Self-Employed / Business Owner
ALS_00437,16,MALE,JUNIOR_HIGH_SCHOOL,MODULAR,0,0,0,10619.59,Self-Employed / Business Owner
ALS_05858,30,MALE,JUNIOR_HIGH_SCHOOL,MODULAR,0,,0,10678.5,Retired / Pensioner
ALS_07123,20,MALE,JUNIOR_HIGH_SCHOOL,FACE_TO_FACE,,0.42,1,10363.95,Unemployed / No Income
ALS_00830,27,FEMALE,JUNIOR_HIGH_SCHOOL,BLENDED,0,0,0,13025.72,Informal / Contractual Worker
ALS_05616,18,FEMALE,JUNIOR_HIGH_SCHOOL,MODULAR,0,,0,17201.09,OFW (Overseas Filipino Worker)
ALS_00358,31,FEMALE,JUNIOR_HIGH_SCHOOL,BLENDED,0,1.64,0,5461.14,Formal Employment
ALS_03710,23,MALE,ELEMENTARY,MODULAR,0,,1,5065.35,Informal / Contractual Worker
ALS_06287,19,MALE,JUNIOR_HIGH_SCHOOL,FACE_TO_FACE,0,0.42,1,10265.88,Retired / Pensioner
ALS_02258,58,FEMALE,ELEMENTARY,MODULAR,0,,1,2766.09,Unemployed / No Income
ALS_04377,15,MALE,JUNIOR_HIGH_SCHOOL,MODULAR,0,,1,11411.27,Other
ALS_06044,16,FEMALE,JUNIOR_HIGH_SCHOOL,FACE_TO_FACE,0,,1,6294.29,Unemployed / No Income
ALS_05928,14,MALE,ELEMENTARY,FACE_TO_FACE,0,,0,5919.62,Formal Employment
ALS_05874,16,MALE,JUNIOR_HIGH_SCHOOL,BLENDED,0,,1,4566.19,Retired / Pensioner
ALS_04226,23,MALE,JUNIOR_HIGH_SCHOOL,MODULAR,0,,1,19835.89,Informal / Contractual Worker
ALS_00645,40,MALE,JUNIOR_HIGH_SCHOOL,MODULAR,0,0,0,7176.6,Unemployed / No Income
ALS_06631,34,FEMALE,JUNIOR_HIGH_SCHOOL,FACE_TO_FACE,0,,0,13273.65,Formal Employment
ALS_00436,16,FEMALE,JUNIOR_HIGH_SCHOOL,MODULAR,0,2.06,0,12314.07,OFW (Overseas Filipino Worker)
ALS_03073,18,MALE,JUNIOR_HIGH_SCHOOL,MODULAR,1,,1,7247.55,Formal Employment
ALS_04740,29,FEMALE,JUNIOR_HIGH_SCHOOL,FACE_TO_FACE,0,,0,6790.14,Formal Employment
ALS_05233,16,MALE,JUNIOR_HIGH_SCHOOL,FACE_TO_FACE,0,,1,8191.5,Formal Employment
ALS_04290,25,MALE,JUNIOR_HIGH_SCHOOL,MODULAR,0,,1,7974.85,Informal / Contractual Worker
ALS_02014,35,MALE,JUNIOR_HIGH_SCHOOL,FACE_TO_FACE,0,,1,10789,Formal Employment
ALS_02003,27,FEMALE,JUNIOR_HIGH_SCHOOL,MODULAR,1,,1,5636.85,Other
ALS_00425,16,FEMALE,JUNIOR_HIGH_SCHOOL,FACE_TO_FACE,0,0,0,7894.42,Formal Employment
ALS_04184,23,MALE,JUNIOR_HIGH_SCHOOL,MODULAR,0,,1,16444.24,OFW (Overseas Filipino Worker)
ALS_05159,21,FEMALE,JUNIOR_HIGH_SCHOOL,MODULAR,0,,0,12822.29,Other
ALS_00710,25,FEMALE,JUNIOR_HIGH_SCHOOL,BLENDED,0,0,0,11149.88,Retired / Pensioner
ALS_03428,24,MALE,ELEMENTARY,BLENDED,1,,1,4930.61,Retired / Pensioner
ALS_06460,13,FEMALE,ELEMENTARY,FACE_TO_FACE,0,0.42,1,5609.25,Unemployed / No Income
ALS_05805,14,FEMALE,JUNIOR_HIGH_SCHOOL,FACE_TO_FACE,0,,1,8152.27,Formal Employment
ALS_06747,15,MALE,JUNIOR_HIGH_SCHOOL,FACE_TO_FACE,0,,0,17047.37,Unemployed / No Income
ALS_05283,17,MALE,JUNIOR_HIGH_SCHOOL,FACE_TO_FACE,0,,1,21376.62,OFW (Overseas Filipino Worker)
ALS_06233,17,FEMALE,JUNIOR_HIGH_SCHOOL,FACE_TO_FACE,0,,0,7512.15,Formal Employment
ALS_04313,33,MALE,JUNIOR_HIGH_SCHOOL,BLENDED,0,0.05,0,10164.41,Informal / Contractual Worker
ALS_03258,27,FEMALE,JUNIOR_HIGH_SCHOOL,MODULAR,0,,0,6932.76,Informal / Contractual Worker
ALS_04570,14,FEMALE,JUNIOR_HIGH_SCHOOL,FACE_TO_FACE,0,,1,5823.62,Formal Employment
ALS_01810,24,MALE,JUNIOR_HIGH_SCHOOL,FACE_TO_FACE,0,,1,9003.54,Formal Employment
ALS_04066,15,FEMALE,JUNIOR_HIGH_SCHOOL,FACE_TO_FACE,0,,0,18098.83,Informal / Contractual Worker
ALS_02357,16,FEMALE,JUNIOR_HIGH_SCHOOL,FACE_TO_FACE,1,,1,5924.24,Informal / Contractual Worker
ALS_00687,18,MALE,JUNIOR_HIGH_SCHOOL,FACE_TO_FACE,0,2.33,0,17115.85,OFW (Overseas Filipino Worker)
ALS_02550,21,MALE,ELEMENTARY,BLENDED,0,,1,5065.37,Unemployed / No Income
ALS_05890,21,FEMALE,JUNIOR_HIGH_SCHOOL,BLENDED,0,,1,8520.56,Informal / Contractual Worker
ALS_03520,18,MALE,JUNIOR_HIGH_SCHOOL,MODULAR,0,,1,15517.81,Informal / Contractual Worker
ALS_04563,14,FEMALE,ELEMENTARY,FACE_TO_FACE,0,,1,3829.78,Informal / Contractual Worker
ALS_05502,20,MALE,JUNIOR_HIGH_SCHOOL,FACE_TO_FACE,1,0,1,8329.03,Other
ALS_05840,17,FEMALE,JUNIOR_HIGH_SCHOOL,FACE_TO_FACE,0,,1,9619.95,Self-Employed / Business Owner
ALS_06099,18,FEMALE,JUNIOR_HIGH_SCHOOL,FACE_TO_FACE,0,,1,6618.12,Formal Employment
ALS_03459,24,MALE,JUNIOR_HIGH_SCHOOL,BLENDED,0,,0,13448.87,Self-Employed / Business Owner
ALS_01436,18,FEMALE,JUNIOR_HIGH_SCHOOL,FACE_TO_FACE,1,,1,6328.03,Self-Employed / Business Owner
ALS_02809,19,MALE,JUNIOR_HIGH_SCHOOL,FACE_TO_FACE,0,,1,4972.15,Informal / Contractual Worker
ALS_00105,15,FEMALE,JUNIOR_HIGH_SCHOOL,FACE_TO_FACE,0,3.93,0,16739.1,Informal / Contractual Worker
ALS_04386,21,FEMALE,JUNIOR_HIGH_SCHOOL,MODULAR,0,,1,5986.01,Informal / Contractual Worker
ALS_06285,28,FEMALE,BLP,FACE_TO_FACE,0,,1,5515.83,Self-Employed / Business Owner
ALS_02099,12,FEMALE,ELEMENTARY,BLENDED,0,,1,11808.34,Unemployed / No Income
ALS_06408,17,MALE,JUNIOR_HIGH_SCHOOL,FACE_TO_FACE,0,,0,20069.73,Informal / Contractual Worker
ALS_06468,11,MALE,ELEMENTARY,FACE_TO_FACE,0,,0,20792.15,Informal / Contractual Worker
ALS_01061,39,FEMALE,JUNIOR_HIGH_SCHOOL,MODULAR,0,0,0,23202.27,Formal Employment
ALS_00137,31,FEMALE,JUNIOR_HIGH_SCHOOL,FACE_TO_FACE,0,0,0,7877.87,Informal / Contractual Worker
ALS_06561,15,MALE,JUNIOR_HIGH_SCHOOL,FACE_TO_FACE,0,,1,5453.64,Informal / Contractual Worker
ALS_00840,11,MALE,ELEMENTARY,MODULAR,0,0,0,7604.64,Informal / Contractual Worker
ALS_05450,15,MALE,JUNIOR_HIGH_SCHOOL,FACE_TO_FACE,0,,0,19355.59,Other
ALS_04337,26,FEMALE,JUNIOR_HIGH_SCHOOL,BLENDED,0,,1,8611.5,Formal Employment
ALS_04014,36,MALE,JUNIOR_HIGH_SCHOOL,MODULAR,0,,0,9005.82,Informal / Contractual Worker
ALS_05728,15,FEMALE,JUNIOR_HIGH_SCHOOL,FACE_TO_FACE,0,8.96,0,4938.86,Unemployed / No Income
ALS_00501,19,MALE,JUNIOR_HIGH_SCHOOL,MODULAR,0,2.06,0,8893.08,Self-Employed / Business Owner
ALS_05203,21,MALE,JUNIOR_HIGH_SCHOOL,FACE_TO_FACE,0,,0,17231.97,Informal / Contractual Worker
ALS_04135,25,FEMALE,JUNIOR_HIGH_SCHOOL,MODULAR,0,,1,13835.94,Retired / Pensioner
ALS_05929,12,MALE,BLP,FACE_TO_FACE,0,,1,4494.33,Formal Employment
ALS_04152,25,FEMALE,JUNIOR_HIGH_SCHOOL,FACE_TO_FACE,0,0,0,8856.75,Informal / Contractual Worker
ALS_00153,19,MALE,JUNIOR_HIGH_SCHOOL,FACE_TO_FACE,0,0,0,15370.05,Informal / Contractual Worker
ALS_06021,17,FEMALE,JUNIOR_HIGH_SCHOOL,FACE_TO_FACE,0,,1,4677.4,Informal / Contractual Worker
ALS_00459,29,MALE,JUNIOR_HIGH_SCHOOL,FACE_TO_FACE,0,1.44,0,12517.93,Formal Employment
ALS_02671,19,FEMALE,JUNIOR_HIGH_SCHOOL,BLENDED,0,,0,5975.1,Informal / Contractual Worker
ALS_02208,28,MALE,JUNIOR_HIGH_SCHOOL,MODULAR,0,,1,7531.82,Informal / Contractual Worker
ALS_02183,26,FEMALE,JUNIOR_HIGH_SCHOOL,FACE_TO_FACE,0,,0,13373.54,Formal Employment
ALS_05379,15,FEMALE,JUNIOR_HIGH_SCHOOL,FACE_TO_FACE,0,,0,10973.99,Formal Employment
ALS_01895,29,FEMALE,JUNIOR_HIGH_SCHOOL,BLENDED,1,,1,5607.82,Informal / Contractual Worker
ALS_05169,18,MALE,JUNIOR_HIGH_SCHOOL,FACE_TO_FACE,0,,1,12020.64,Self-Employed / Business Owner
ALS_02800,17,MALE,JUNIOR_HIGH_SCHOOL,FACE_TO_FACE,0,0.28,1,10929.31,Informal / Contractual Worker
ALS_02971,23,FEMALE,JUNIOR_HIGH_SCHOOL,MODULAR,0,,1,8638.06,Self-Employed / Business Owner
ALS_05054,50,FEMALE,JUNIOR_HIGH_SCHOOL,FACE_TO_FACE,0,,1,13417.04,Informal / Contractual Worker
ALS_05517,16,MALE,JUNIOR_HIGH_SCHOOL,FACE_TO_FACE,0,,1,6389.09,Informal / Contractual Worker
ALS_03536,18,MALE,ELEMENTARY,MODULAR,0,,1,7798.04,Self-Employed / Business Owner
ALS_04690,26,MALE,JUNIOR_HIGH_SCHOOL,BLENDED,0,,0,8541.36,Formal Employment
ALS_01922,28,MALE,JUNIOR_HIGH_SCHOOL,MODULAR,0,,1,13374.14,Unemployed / No Income
ALS_03925,22,MALE,JUNIOR_HIGH_SCHOOL,FACE_TO_FACE,1,,1,24813.7,Informal / Contractual Worker
ALS_06358,19,FEMALE,JUNIOR_HIGH_SCHOOL,MODULAR,0,,1,6056.78,Informal / Contractual Worker
ALS_06256,15,MALE,JUNIOR_HIGH_SCHOOL,FACE_TO_FACE,0,,1,6344.03,Self-Employed / Business Owner
ALS_04251,25,MALE,JUNIOR_HIGH_SCHOOL,FACE_TO_FACE,0,,1,16270.45,Informal / Contractual Worker
ALS_03919,15,FEMALE,ELEMENTARY,FACE_TO_FACE,1,,1,7724.67,Informal / Contractual Worker
ALS_06598,15,MALE,JUNIOR_HIGH_SCHOOL,FACE_TO_FACE,0,,0,5750.26,Unemployed / No Income
ALS_04198,16,MALE,JUNIOR_HIGH_SCHOOL,FACE_TO_FACE,0,,1,3640.11,Informal / Contractual Worker
ALS_01913,18,MALE,JUNIOR_HIGH_SCHOOL,FACE_TO_FACE,1,,1,9294.08,Formal Employment
ALS_04575,39,FEMALE,JUNIOR_HIGH_SCHOOL,FACE_TO_FACE,0,,1,7486.01,Unemployed / No Income
ALS_03018,25,MALE,JUNIOR_HIGH_SCHOOL,BLENDED,0,,0,22406.14,Formal Employment
ALS_03952,20,MALE,JUNIOR_HIGH_SCHOOL,FACE_TO_FACE,0,,1,8097.58,Other
ALS_06697,15,MALE,JUNIOR_HIGH_SCHOOL,FACE_TO_FACE,0,,0,7256.06,Self-Employed / Business Owner
ALS_02225,21,MALE,JUNIOR_HIGH_SCHOOL,MODULAR,1,,1,11976.75,Informal / Contractual Worker
ALS_06694,17,FEMALE,JUNIOR_HIGH_SCHOOL,MODULAR,0,,0,4376.15,Other
ALS_04244,25,MALE,JUNIOR_HIGH_SCHOOL,MODULAR,0,,1,5851.36,Unemployed / No Income
ALS_03104,19,MALE,JUNIOR_HIGH_SCHOOL,MODULAR,1,0.42,1,5690.63,Formal Employment
ALS_04607,26,FEMALE,JUNIOR_HIGH_SCHOOL,FACE_TO_FACE,0,,1,5248.16,Unemployed / No Income
ALS_06142,17,MALE,BLP,FACE_TO_FACE,0,,1,13851.07,Informal / Contractual Worker
ALS_04182,16,MALE,JUNIOR_HIGH_SCHOOL,MODULAR,0,,0,15885.67,Unemployed / No Income
ALS_01731,33,FEMALE,JUNIOR_HIGH_SCHOOL,FACE_TO_FACE,1,,1,8799.76,Unemployed / No Income
ALS_03609,42,FEMALE,JUNIOR_HIGH_SCHOOL,FACE_TO_FACE,0,,0,8941.06,Self-Employed / Business Owner
ALS_00684,18,MALE,JUNIOR_HIGH_SCHOOL,FACE_TO_FACE,0,2.33,0,18600.73,Self-Employed / Business Owner
ALS_06327,19,MALE,JUNIOR_HIGH_SCHOOL,FACE_TO_FACE,0,,1,2033.94,Unemployed / No Income
ALS_06569,32,MALE,JUNIOR_HIGH_SCHOOL,FACE_TO_FACE,0,,1,12103.43,Informal / Contractual Worker
ALS_08444,32,FEMALE,JUNIOR_HIGH_SCHOOL,MODULAR,,,1,9290.75,Informal / Contractual Worker
ALS_03861,17,MALE,JUNIOR_HIGH_SCHOOL,MODULAR,1,,1,2000,Informal / Contractual Worker
ALS_03856,17,FEMALE,JUNIOR_HIGH_SCHOOL,BLENDED,0,0,0,10422.73,Retired / Pensioner
ALS_01768,33,MALE,JUNIOR_HIGH_SCHOOL,MODULAR,0,,1,17015.75,Retired / Pensioner
ALS_02199,25,FEMALE,JUNIOR_HIGH_SCHOOL,FACE_TO_FACE,1,,1,18994.75,Retired / Pensioner
ALS_02697,12,FEMALE,ELEMENTARY,MODULAR,0,,0,10851.26,Self-Employed / Business Owner
ALS_05025,14,MALE,ELEMENTARY,FACE_TO_FACE,1,,1,7929.5,Formal Employment
ALS_00829,25,FEMALE,JUNIOR_HIGH_SCHOOL,BLENDED,0,0,0,14215.9,Formal Employment
ALS_01401,18,MALE,JUNIOR_HIGH_SCHOOL,FACE_TO_FACE,1,,1,10388.79,Formal Employment
ALS_04403,20,MALE,JUNIOR_HIGH_SCHOOL,FACE_TO_FACE,0,,0,11511.64,Informal / Contractual Worker
ALS_00903,31,MALE,JUNIOR_HIGH_SCHOOL,BLENDED,0,0,0,11490.25,Formal Employment
ALS_02215,18,MALE,JUNIOR_HIGH_SCHOOL,FACE_TO_FACE,1,,0,17762.45,OFW (Overseas Filipino Worker)
ALS_06192,16,MALE,JUNIOR_HIGH_SCHOOL,FACE_TO_FACE,0,0.42,0,7280.62,Informal / Contractual Worker
ALS_05412,15,MALE,ELEMENTARY,FACE_TO_FACE,0,,1,6153.41,Formal Employment
ALS_06453,24,FEMALE,JUNIOR_HIGH_SCHOOL,MODULAR,0,0.42,1,5882.75,Informal / Contractual Worker
ALS_01865,28,FEMALE,JUNIOR_HIGH_SCHOOL,FACE_TO_FACE,1,,1,13415.57,Informal / Contractual Worker
ALS_05844,18,MALE,JUNIOR_HIGH_SCHOOL,FACE_TO_FACE,0,,1,6017.64,Unemployed / No Income
ALS_05939,24,FEMALE,JUNIOR_HIGH_SCHOOL,FACE_TO_FACE,0,,1,5930.66,Informal / Contractual Worker
ALS_03593,15,MALE,JUNIOR_HIGH_SCHOOL,FACE_TO_FACE,1,,1,9439.28,Self-Employed / Business Owner
ALS_04958,23,FEMALE,JUNIOR_HIGH_SCHOOL,FACE_TO_FACE,0,,1,3672.41,Unemployed / No Income
ALS_05690,34,FEMALE,JUNIOR_HIGH_SCHOOL,BLENDED,0,,0,14025.27,Retired / Pensioner
ALS_00810,30,MALE,JUNIOR_HIGH_SCHOOL,BLENDED,0,0,0,12432.97,Formal Employment
ALS_05278,16,FEMALE,JUNIOR_HIGH_SCHOOL,FACE_TO_FACE,0,,1,5959.48,Unemployed / No Income
ALS_06027,18,MALE,BLP,MODULAR,0,,1,11090.04,Unemployed / No Income
ALS_00432,19,MALE,JUNIOR_HIGH_SCHOOL,FACE_TO_FACE,0,2.06,0,5315.8,Formal Employment
ALS_03868,22,MALE,JUNIOR_HIGH_SCHOOL,MODULAR,0,,1,3015.28,Unemployed / No Income
ALS_02200,15,MALE,ELEMENTARY,FACE_TO_FACE,1,,1,6862.68,Unemployed / No Income
ALS_01512,15,FEMALE,JUNIOR_HIGH_SCHOOL,FACE_TO_FACE,0,,1,5945.87,Informal / Contractual Worker
ALS_00613,19,MALE,JUNIOR_HIGH_SCHOOL,FACE_TO_FACE,0,0.6,0,17986.04,Other
ALS_04006,15,MALE,ELEMENTARY,MODULAR,0,,1,4964.97,Retired / Pensioner
ALS_02765,22,MALE,JUNIOR_HIGH_SCHOOL,FACE_TO_FACE,0,,1,3921.98,Other
ALS_00703,15,MALE,JUNIOR_HIGH_SCHOOL,BLENDED,0,0,0,15440,OFW (Overseas Filipino Worker)
ALS_03611,35,FEMALE,JUNIOR_HIGH_SCHOOL,FACE_TO_FACE,0,,0,21813.69,Unemployed / No Income
ALS_03656,21,MALE,JUNIOR_HIGH_SCHOOL,FACE_TO_FACE,0,,1,4545.94,Unemployed / No Income
ALS_03049,15,MALE,JUNIOR_HIGH_SCHOOL,FACE_TO_FACE,0,,0,8989.85,Formal Employment
ALS_02255,10,MALE,ELEMENTARY,FACE_TO_FACE,0,,1,5124.71,Informal / Contractual Worker
ALS_00612,20,FEMALE,JUNIOR_HIGH_SCHOOL,FACE_TO_FACE,0,2.03,0,6674.8,Unemployed / No Income
ALS_00384,15,MALE,JUNIOR_HIGH_SCHOOL,MODULAR,0,1,0,43444.15,Retired / Pensioner
ALS_04453,15,MALE,JUNIOR_HIGH_SCHOOL,FACE_TO_FACE,1,,1,4803.92,Informal / Contractual Worker
ALS_03209,29,MALE,JUNIOR_HIGH_SCHOOL,FACE_TO_FACE,0,,0,6923.88,Informal / Contractual Worker
ALS_04532,19,MALE,JUNIOR_HIGH_SCHOOL,FACE_TO_FACE,0,,1,6370.69,Informal / Contractual Worker
ALS_05405,25,FEMALE,JUNIOR_HIGH_SCHOOL,FACE_TO_FACE,0,,1,5910.34,Other
ALS_03427,16,MALE,ELEMENTARY,BLENDED,0,,1,4327.11,Formal Employment
ALS_03227,29,MALE,JUNIOR_HIGH_SCHOOL,MODULAR,1,,1,8547.31,Formal Employment
ALS_04787,15,MALE,JUNIOR_HIGH_SCHOOL,FACE_TO_FACE,0,0.42,1,8269.24,Informal / Contractual Worker
ALS_04967,15,FEMALE,JUNIOR_HIGH_SCHOOL,FACE_TO_FACE,0,,0,7657.84,OFW (Overseas Filipino Worker)
ALS_00232,27,MALE,JUNIOR_HIGH_SCHOOL,MODULAR,0,1.88,0,14031.22,Formal Employment
ALS_06040,16,MALE,JUNIOR_HIGH_SCHOOL,FACE_TO_FACE,0,,1,3604.14,Self-Employed / Business Owner
ALS_03849,25,MALE,JUNIOR_HIGH_SCHOOL,MODULAR,0,,1,12133.49,Informal / Contractual Worker
ALS_06146,16,MALE,JUNIOR_HIGH_SCHOOL,FACE_TO_FACE,0,,1,6591.92,Informal / Contractual Worker
ALS_04069,16,FEMALE,JUNIOR_HIGH_SCHOOL,MODULAR,0,,1,9681.46,Unemployed / No Income
ALS_06415,24,MALE,JUNIOR_HIGH_SCHOOL,FACE_TO_FACE,0,,0,9003.17,Formal Employment
ALS_05328,25,MALE,JUNIOR_HIGH_SCHOOL,MODULAR,1,,1,5086.53,Informal / Contractual Worker
ALS_05257,15,MALE,ELEMENTARY,FACE_TO_FACE,1,,1,4291.19,Formal Employment
ALS_06572,17,MALE,BLP,MODULAR,0,,1,7394.15,Self-Employed / Business Owner
ALS_06696,16,FEMALE,JUNIOR_HIGH_SCHOOL,FACE_TO_FACE,0,,0,13162.5,Self-Employed / Business Owner
ALS_00056,21,MALE,JUNIOR_HIGH_SCHOOL,BLENDED,0,1.97,0,6027.12,Informal / Contractual Worker
ALS_02576,17,FEMALE,ELEMENTARY,FACE_TO_FACE,1,,0,5097.04,OFW (Overseas Filipino Worker)
ALS_00474,16,MALE,JUNIOR_HIGH_SCHOOL,MODULAR,1,0,1,4437.23,Unemployed / No Income
ALS_00283,13,MALE,ELEMENTARY,FACE_TO_FACE,0,0,0,8550.32,Formal Employment
ALS_00915,33,FEMALE,JUNIOR_HIGH_SCHOOL,BLENDED,0,0,0,14806.77,Formal Employment
ALS_04473,16,MALE,JUNIOR_HIGH_SCHOOL,MODULAR,0,,1,11966.92,Formal Employment
ALS_01043,17,FEMALE,JUNIOR_HIGH_SCHOOL,FACE_TO_FACE,0,0,0,10776.92,Self-Employed / Business Owner
ALS_03637,20,MALE,JUNIOR_HIGH_SCHOOL,MODULAR,0,,1,21031.19,Unemployed / No Income
ALS_03231,23,FEMALE,JUNIOR_HIGH_SCHOOL,FACE_TO_FACE,0,,1,10612.06,Unemployed / No Income
ALS_06255,17,MALE,JUNIOR_HIGH_SCHOOL,FACE_TO_FACE,0,,1,7338.65,Unemployed / No Income
ALS_03109,16,MALE,JUNIOR_HIGH_SCHOOL,FACE_TO_FACE,1,,1,5955.91,Informal / Contractual Worker
ALS_02628,12,MALE,ELEMENTARY,MODULAR,1,,1,4824.65,Informal / Contractual Worker
ALS_01397,28,FEMALE,JUNIOR_HIGH_SCHOOL,FACE_TO_FACE,0,,0,18720.2,Formal Employment
ALS_02991,16,FEMALE,JUNIOR_HIGH_SCHOOL,FACE_TO_FACE,0,,1,6579.52,Informal / Contractual Worker
ALS_06687,16,MALE,JUNIOR_HIGH_SCHOOL,FACE_TO_FACE,0,,1,4834.05,Self-Employed / Business Owner
ALS_03837,16,MALE,JUNIOR_HIGH_SCHOOL,FACE_TO_FACE,1,,1,5387.16,Unemployed / No Income
ALS_04712,19,MALE,JUNIOR_HIGH_SCHOOL,FACE_TO_FACE,0,,0,9719.49,Self-Employed / Business Owner
ALS_06075,18,MALE,JUNIOR_HIGH_SCHOOL,FACE_TO_FACE,0,,0,11903.77,Other
ALS_00529,28,FEMALE,JUNIOR_HIGH_SCHOOL,MODULAR,0,1.64,0,7272.66,Formal Employment
ALS_04914,18,FEMALE,JUNIOR_HIGH_SCHOOL,MODULAR,0,,1,14033,Self-Employed / Business Owner
ALS_05822,25,MALE,JUNIOR_HIGH_SCHOOL,FACE_TO_FACE,0,,1,6105.35,Unemployed / No Income
ALS_03887,19,MALE,BLP,FACE_TO_FACE,0,,1,10645.3,Informal / Contractual Worker
ALS_01990,40,FEMALE,JUNIOR_HIGH_SCHOOL,MODULAR,1,,1,12279.32,Self-Employed / Business Owner
ALS_01975,18,MALE,JUNIOR_HIGH_SCHOOL,BLENDED,1,,1,7880.22,Formal Employment
ALS_05850,16,MALE,JUNIOR_HIGH_SCHOOL,FACE_TO_FACE,0,,1,8854.51,Retired / Pensioner
ALS_05184,26,FEMALE,JUNIOR_HIGH_SCHOOL,FACE_TO_FACE,0,,1,7984.69,Informal / Contractual Worker
ALS_02128,38,MALE,BLP,FACE_TO_FACE,1,,1,4890.36,Self-Employed / Business Owner
ALS_02389,14,MALE,ELEMENTARY,FACE_TO_FACE,0,,0,5671.82,Informal / Contractual Worker
ALS_05612,11,MALE,ELEMENTARY,FACE_TO_FACE,0,,0,6339.35,Informal / Contractual Worker
ALS_02205,22,FEMALE,JUNIOR_HIGH_SCHOOL,FACE_TO_FACE,0,,0,7651.87,Self-Employed / Business Owner
ALS_03718,16,MALE,JUNIOR_HIGH_SCHOOL,FACE_TO_FACE,0,,0,26443.84,Self-Employed / Business Owner
ALS_00197,15,FEMALE,JUNIOR_HIGH_SCHOOL,FACE_TO_FACE,1,0,1,6520.81,Formal Employment
ALS_06559,17,MALE,JUNIOR_HIGH_SCHOOL,FACE_TO_FACE,0,,1,10252.75,Informal / Contractual Worker
ALS_00390,21,MALE,JUNIOR_HIGH_SCHOOL,FACE_TO_FACE,0,1.89,0,6135.38,Informal / Contractual Worker
ALS_04649,15,FEMALE,JUNIOR_HIGH_SCHOOL,MODULAR,0,,0,7358.69,Formal Employment
ALS_04703,25,MALE,JUNIOR_HIGH_SCHOOL,BLENDED,0,,1,3805.98,OFW (Overseas Filipino Worker)
ALS_02819,17,MALE,JUNIOR_HIGH_SCHOOL,FACE_TO_FACE,0,,1,5722.15,Self-Employed / Business Owner
ALS_02469,18,MALE,JUNIOR_HIGH_SCHOOL,FACE_TO_FACE,0,,1,9006.19,Self-Employed / Business Owner
ALS_02080,17,MALE,JUNIOR_HIGH_SCHOOL,FACE_TO_FACE,1,,1,9708.07,Informal / Contractual Worker
ALS_02512,19,MALE,JUNIOR_HIGH_SCHOOL,MODULAR,1,,1,7500.02,Self-Employed / Business Owner
ALS_03404,17,MALE,JUNIOR_HIGH_SCHOOL,MODULAR,0,1.28,0,20246.37,Formal Employment
ALS_05016,17,FEMALE,JUNIOR_HIGH_SCHOOL,FACE_TO_FACE,1,,0,8108.13,Formal Employment
ALS_05206,17,MALE,JUNIOR_HIGH_SCHOOL,MODULAR,0,,0,14249.51,Formal Employment
ALS_04148,19,MALE,JUNIOR_HIGH_SCHOOL,BLENDED,0,,1,6207.29,Unemployed / No Income
ALS_04943,31,MALE,JUNIOR_HIGH_SCHOOL,FACE_TO_FACE,0,,1,9026.64,Formal Employment
ALS_01884,29,MALE,JUNIOR_HIGH_SCHOOL,BLENDED,1,,1,8459.93,Unemployed / No Income
ALS_04678,15,FEMALE,JUNIOR_HIGH_SCHOOL,FACE_TO_FACE,0,,1,7529.62,OFW (Overseas Filipino Worker)
ALS_06509,12,MALE,ELEMENTARY,FACE_TO_FACE,0,,0,3927.24,Retired / Pensioner
ALS_03503,17,FEMALE,JUNIOR_HIGH_SCHOOL,MODULAR,1,,1,7502.85,Formal Employment
ALS_03749,17,FEMALE,ELEMENTARY,FACE_TO_FACE,0,,1,8697.28,Informal / Contractual Worker
ALS_00278,21,MALE,JUNIOR_HIGH_SCHOOL,FACE_TO_FACE,0,0.75,0,7066.17,Informal / Contractual Worker
ALS_04966,34,MALE,JUNIOR_HIGH_SCHOOL,FACE_TO_FACE,1,,0,13762.4,Formal Employment
ALS_06303,24,MALE,JUNIOR_HIGH_SCHOOL,FACE_TO_FACE,0,,1,5471.16,OFW (Overseas Filipino Worker)
ALS_00926,29,FEMALE,JUNIOR_HIGH_SCHOOL,BLENDED,0,0,0,5094.6,Informal / Contractual Worker
ALS_06718,42,FEMALE,JUNIOR_HIGH_SCHOOL,MODULAR,0,,0,11848.19,Formal Employment
ALS_00130,19,MALE,JUNIOR_HIGH_SCHOOL,BLENDED,0,,0,11101.66,Retired / Pensioner
ALS_04422,24,MALE,JUNIOR_HIGH_SCHOOL,FACE_TO_FACE,0,,1,12117.17,Self-Employed / Business Owner
ALS_06435,15,MALE,JUNIOR_HIGH_SCHOOL,FACE_TO_FACE,0,0.42,1,13916.6,Unemployed / No Income
ALS_06578,15,FEMALE,ELEMENTARY,FACE_TO_FACE,0,,0,8487.14,Formal Employment
ALS_01819,31,MALE,ELEMENTARY,MODULAR,1,,1,6600.23,Unemployed / No Income
ALS_05310,13,FEMALE,ELEMENTARY,FACE_TO_FACE,0,,1,2314.41,Informal / Contractual Worker
ALS_04418,46,FEMALE,JUNIOR_HIGH_SCHOOL,MODULAR,0,,1,4062.51,Unemployed / No Income
ALS_02884,22,FEMALE,JUNIOR_HIGH_SCHOOL,FACE_TO_FACE,0,0.28,1,10493.13,Formal Employment
ALS_05546,34,MALE,JUNIOR_HIGH_SCHOOL,MODULAR,0,,1,4526.16,Informal / Contractual Worker
ALS_05950,31,FEMALE,JUNIOR_HIGH_SCHOOL,FACE_TO_FACE,0,,1,9277.3,Formal Employment
ALS_06689,28,FEMALE,JUNIOR_HIGH_SCHOOL,FACE_TO_FACE,0,,0,9658.45,Unemployed / No Income
ALS_04451,27,FEMALE,JUNIOR_HIGH_SCHOOL,FACE_TO_FACE,0,1.19,0,15000.08,Self-Employed / Business Owner
ALS_03283,38,FEMALE,JUNIOR_HIGH_SCHOOL,MODULAR,1,,1,3938.37,Self-Employed / Business Owner
ALS_05537,20,MALE,JUNIOR_HIGH_SCHOOL,MODULAR,0,0.42,0,10670.42,Informal / Contractual Worker
ALS_02795,17,MALE,JUNIOR_HIGH_SCHOOL,FACE_TO_FACE,0,,1,9729.1,Formal Employment
ALS_02596,16,FEMALE,JUNIOR_HIGH_SCHOOL,FACE_TO_FACE,0,,1,7775.81,Unemployed / No Income
ALS_06640,13,MALE,ELEMENTARY,BLENDED,0,,1,7420.28,Self-Employed / Business Owner
ALS_05038,16,MALE,JUNIOR_HIGH_SCHOOL,FACE_TO_FACE,0,,1,6014.79,Formal Employment
ALS_04632,23,FEMALE,JUNIOR_HIGH_SCHOOL,FACE_TO_FACE,0,,1,8948.81,Formal Employment
ALS_03188,16,MALE,JUNIOR_HIGH_SCHOOL,FACE_TO_FACE,0,,0,16998.06,Informal / Contractual Worker
ALS_05512,16,MALE,JUNIOR_HIGH_SCHOOL,MODULAR,0,,1,4137.03,Unemployed / No Income
ALS_03224,25,MALE,JUNIOR_HIGH_SCHOOL,FACE_TO_FACE,0,,1,8577.22,Formal Employment
ALS_05907,47,FEMALE,JUNIOR_HIGH_SCHOOL,FACE_TO_FACE,0,,0,15513.31,Unemployed / No Income
ALS_03982,26,FEMALE,JUNIOR_HIGH_SCHOOL,BLENDED,0,,1,6494.6,Self-Employed / Business Owner
ALS_04362,27,MALE,JUNIOR_HIGH_SCHOOL,FACE_TO_FACE,1,,1,16515.43,Informal / Contractual Worker
ALS_00008,22,FEMALE,JUNIOR_HIGH_SCHOOL,MODULAR,0,1.7,0,21809.58,Informal / Contractual Worker
ALS_04591,17,MALE,ELEMENTARY,FACE_TO_FACE,1,,1,2675.75,Formal Employment
ALS_06106,33,FEMALE,JUNIOR_HIGH_SCHOOL,FACE_TO_FACE,0,,0,9026.02,Unemployed / No Income
ALS_06658,16,MALE,JUNIOR_HIGH_SCHOOL,FACE_TO_FACE,0,,0,11781.71,Retired / Pensioner
ALS_05355,16,MALE,JUNIOR_HIGH_SCHOOL,FACE_TO_FACE,0,,0,6794.6,Formal Employment
ALS_04293,35,MALE,ELEMENTARY,BLENDED,0,,1,8059.41,Informal / Contractual Worker
ALS_02118,34,FEMALE,JUNIOR_HIGH_SCHOOL,MODULAR,1,,1,5176.17,Informal / Contractual Worker
ALS_04039,17,FEMALE,JUNIOR_HIGH_SCHOOL,FACE_TO_FACE,0,,1,9387.62,Formal Employment
ALS_02867,28,FEMALE,JUNIOR_HIGH_SCHOOL,MODULAR,0,,1,11692.52,Self-Employed / Business Owner
ALS_03901,16,MALE,JUNIOR_HIGH_SCHOOL,FACE_TO_FACE,1,,1,3656.2,OFW (Overseas Filipino Worker)
ALS_00221,39,MALE,JUNIOR_HIGH_SCHOOL,MODULAR,0,0.95,0,14420.23,Self-Employed / Business Owner
ALS_01492,16,FEMALE,JUNIOR_HIGH_SCHOOL,FACE_TO_FACE,1,,0,7927.98,Formal Employment
ALS_04109,22,MALE,ELEMENTARY,FACE_TO_FACE,0,,1,14723.82,Unemployed / No Income
ALS_04546,26,MALE,JUNIOR_HIGH_SCHOOL,FACE_TO_FACE,0,,1,5855.58,Unemployed / No Income
ALS_06053,17,MALE,JUNIOR_HIGH_SCHOOL,MODULAR,0,,1,6476.66,Unemployed / No Income
ALS_05418,49,FEMALE,JUNIOR_HIGH_SCHOOL,FACE_TO_FACE,0,,0,14400.76,Formal Employment
ALS_01143,32,MALE,JUNIOR_HIGH_SCHOOL,BLENDED,1,,0,9629.89,Self-Employed / Business Owner
ALS_00908,37,FEMALE,JUNIOR_HIGH_SCHOOL,BLENDED,0,0,0,10106.58,Formal Employment
ALS_00944,16,MALE,JUNIOR_HIGH_SCHOOL,FACE_TO_FACE,0,0,0,12099.56,Unemployed / No Income
ALS_01983,22,MALE,JUNIOR_HIGH_SCHOOL,BLENDED,1,,1,5123.82,Other
ALS_02159,33,MALE,JUNIOR_HIGH_SCHOOL,FACE_TO_FACE,1,,1,2343.06,Informal / Contractual Worker
ALS_06730,17,MALE,JUNIOR_HIGH_SCHOOL,MODULAR,0,,1,5657.31,Unemployed / No Income
ALS_01463,16,FEMALE,JUNIOR_HIGH_SCHOOL,MODULAR,0,,0,7817.42,Self-Employed / Business Owner
ALS_05070,16,MALE,JUNIOR_HIGH_SCHOOL,FACE_TO_FACE,0,,1,3859.48,Informal / Contractual Worker
ALS_00631,24,MALE,ELEMENTARY,FACE_TO_FACE,1,0,0,8077.89,Informal / Contractual Worker
ALS_04560,17,FEMALE,JUNIOR_HIGH_SCHOOL,FACE_TO_FACE,0,,1,3171.04,Retired / Pensioner
ALS_05028,31,MALE,JUNIOR_HIGH_SCHOOL,MODULAR,0,,1,12844.07,Retired / Pensioner
ALS_06188,24,MALE,ELEMENTARY,MODULAR,0,0.42,1,12584.16,Informal / Contractual Worker
ALS_06722,31,MALE,JUNIOR_HIGH_SCHOOL,FACE_TO_FACE,0,,0,8245.18,Formal Employment
ALS_03758,20,MALE,JUNIOR_HIGH_SCHOOL,FACE_TO_FACE,0,,0,8550.62,OFW (Overseas Filipino Worker)
ALS_01877,23,MALE,JUNIOR_HIGH_SCHOOL,FACE_TO_FACE,0,,1,8455.4,Informal / Contractual Worker
ALS_05467,33,MALE,JUNIOR_HIGH_SCHOOL,FACE_TO_FACE,1,,0,14416.04,Formal Employment
ALS_06356,25,FEMALE,JUNIOR_HIGH_SCHOOL,FACE_TO_FACE,0,,1,4498.8,Self-Employed / Business Owner
ALS_04338,24,MALE,JUNIOR_HIGH_SCHOOL,BLENDED,0,,1,12790.82,Unemployed / No Income
ALS_03266,37,FEMALE,JUNIOR_HIGH_SCHOOL,BLENDED,1,,1,7629.41,Self-Employed / Business Owner
ALS_06462,40,FEMALE,JUNIOR_HIGH_SCHOOL,FACE_TO_FACE,0,,0,9150.03,OFW (Overseas Filipino Worker)
ALS_06545,17,MALE,JUNIOR_HIGH_SCHOOL,FACE_TO_FACE,0,,1,6397.08,Informal / Contractual Worker
ALS_02915,24,MALE,ELEMENTARY,MODULAR,0,,1,4813.74,Other
ALS_05723,20,MALE,JUNIOR_HIGH_SCHOOL,FACE_TO_FACE,0,,1,7702.18,Unemployed / No Income
ALS_04811,15,FEMALE,JUNIOR_HIGH_SCHOOL,FACE_TO_FACE,0,,1,6482.73,Informal / Contractual Worker
ALS_05511,16,MALE,JUNIOR_HIGH_SCHOOL,FACE_TO_FACE,0,0.42,0,8414.16,Informal / Contractual Worker
ALS_02264,23,FEMALE,ELEMENTARY,MODULAR,0,,1,6099.9,Formal Employment
ALS_02390,37,FEMALE,JUNIOR_HIGH_SCHOOL,MODULAR,1,,1,6107.84,Formal Employment
ALS_03211,15,FEMALE,JUNIOR_HIGH_SCHOOL,MODULAR,0,,1,10022.08,Unemployed / No Income
ALS_01419,18,MALE,ELEMENTARY,FACE_TO_FACE,0,,1,9567.53,Other
ALS_02093,25,MALE,BLP,BLENDED,0,,1,14198.3,Unemployed / No Income
ALS_05046,16,FEMALE,JUNIOR_HIGH_SCHOOL,FACE_TO_FACE,0,,0,15744.04,Self-Employed / Business Owner
ALS_05096,25,MALE,JUNIOR_HIGH_SCHOOL,MODULAR,0,,1,6275.41,Informal / Contractual Worker
ALS_04700,16,MALE,JUNIOR_HIGH_SCHOOL,BLENDED,0,,1,3949.9,Informal / Contractual Worker
ALS_03290,20,MALE,JUNIOR_HIGH_SCHOOL,BLENDED,1,,1,7876.45,Informal / Contractual Worker
ALS_06085,15,MALE,JUNIOR_HIGH_SCHOOL,FACE_TO_FACE,0,,1,3201.21,Unemployed / No Income
ALS_03766,35,FEMALE,ELEMENTARY,FACE_TO_FACE,1,,0,14843.38,Formal Employment
ALS_03373,28,MALE,JUNIOR_HIGH_SCHOOL,FACE_TO_FACE,0,,1,4596.95,Unemployed / No Income
ALS_02931,20,FEMALE,JUNIOR_HIGH_SCHOOL,FACE_TO_FACE,0,,1,12186.97,Self-Employed / Business Owner
ALS_04556,14,MALE,ELEMENTARY,FACE_TO_FACE,0,,1,16273.46,Formal Employment
ALS_03787,33,FEMALE,JUNIOR_HIGH_SCHOOL,FACE_TO_FACE,1,,0,10135.06,Other
ALS_07124,17,FEMALE,JUNIOR_HIGH_SCHOOL,FACE_TO_FACE,,0.42,1,9215.76,Unemployed / No Income
ALS_05241,27,FEMALE,JUNIOR_HIGH_SCHOOL,MODULAR,0,,1,7911.52,Informal / Contractual Worker
ALS_04054,19,FEMALE,JUNIOR_HIGH_SCHOOL,FACE_TO_FACE,0,,0,32893.43,Other
ALS_04230,18,MALE,JUNIOR_HIGH_SCHOOL,BLENDED,1,,1,6193.56,Unemployed / No Income
ALS_01284,61,FEMALE,JUNIOR_HIGH_SCHOOL,MODULAR,0,,0,6791.42,Informal / Contractual Worker
ALS_06678,14,MALE,JUNIOR_HIGH_SCHOOL,FACE_TO_FACE,0,,1,7695.53,Informal / Contractual Worker
ALS_03748,23,FEMALE,JUNIOR_HIGH_SCHOOL,FACE_TO_FACE,1,,1,7427.18,Retired / Pensioner
ALS_00430,17,MALE,JUNIOR_HIGH_SCHOOL,MODULAR,1,0,0,22384.09,Unemployed / No Income
ALS_05711,22,MALE,JUNIOR_HIGH_SCHOOL,FACE_TO_FACE,0,,1,8505.68,Informal / Contractual Worker
ALS_03940,12,MALE,ELEMENTARY,FACE_TO_FACE,0,,0,12206.88,Formal Employment
ALS_00784,25,FEMALE,JUNIOR_HIGH_SCHOOL,FACE_TO_FACE,0,,0,17068.36,Informal / Contractual Worker
ALS_03967,13,MALE,ELEMENTARY,FACE_TO_FACE,1,,1,4896.3,Unemployed / No Income
ALS_06185,19,MALE,JUNIOR_HIGH_SCHOOL,FACE_TO_FACE,0,,0,9488.86,Formal Employment
ALS_04462,11,FEMALE,ELEMENTARY,FACE_TO_FACE,0,,0,18357.2,Formal Employment
ALS_00117,31,FEMALE,JUNIOR_HIGH_SCHOOL,MODULAR,0,0.05,0,6972.88,Formal Employment
ALS_00845,20,FEMALE,JUNIOR_HIGH_SCHOOL,FACE_TO_FACE,0,1.21,0,15544.12,Formal Employment
ALS_02309,13,FEMALE,JUNIOR_HIGH_SCHOOL,FACE_TO_FACE,0,,1,8037.39,Unemployed / No Income
ALS_00859,16,MALE,JUNIOR_HIGH_SCHOOL,MODULAR,0,0,0,12204.29,Formal Employment
ALS_02558,30,MALE,JUNIOR_HIGH_SCHOOL,FACE_TO_FACE,0,,1,3624.02,Unemployed / No Income
ALS_03878,19,FEMALE,JUNIOR_HIGH_SCHOOL,MODULAR,1,,1,3283.07,Formal Employment
ALS_03794,30,FEMALE,ELEMENTARY,FACE_TO_FACE,1,,0,16285.56,Formal Employment
ALS_05202,26,MALE,JUNIOR_HIGH_SCHOOL,MODULAR,0,,1,12737.7,Formal Employment
ALS_06087,14,MALE,ELEMENTARY,FACE_TO_FACE,0,,0,8737.73,OFW (Overseas Filipino Worker)
ALS_01836,22,MALE,JUNIOR_HIGH_SCHOOL,FACE_TO_FACE,0,,0,13133.98,Other
ALS_05205,16,MALE,JUNIOR_HIGH_SCHOOL,FACE_TO_FACE,0,,0,7638.88,Formal Employment
ALS_05194,17,MALE,JUNIOR_HIGH_SCHOOL,FACE_TO_FACE,0,,0,9247.25,Self-Employed / Business Owner
ALS_01818,31,FEMALE,JUNIOR_HIGH_SCHOOL,MODULAR,1,,1,32414.37,Self-Employed / Business Owner
ALS_01711,16,MALE,JUNIOR_HIGH_SCHOOL,BLENDED,0,,0,9719.48,Formal Employment
ALS_02103,21,MALE,JUNIOR_HIGH_SCHOOL,BLENDED,0,3.18,1,8008.31,Formal Employment
ALS_04519,24,FEMALE,ELEMENTARY,MODULAR,0,,1,7466.74,Unemployed / No Income
ALS_06705,79,FEMALE,JUNIOR_HIGH_SCHOOL,FACE_TO_FACE,0,,0,8275.5,Formal Employment
ALS_01306,18,FEMALE,JUNIOR_HIGH_SCHOOL,MODULAR,0,,0,8714.97,Formal Employment
ALS_00930,23,FEMALE,JUNIOR_HIGH_SCHOOL,FACE_TO_FACE,0,12.77,0,6271.05,Informal / Contractual Worker
ALS_06249,19,MALE,JUNIOR_HIGH_SCHOOL,FACE_TO_FACE,0,,1,14355.3,Self-Employed / Business Owner
ALS_04500,27,MALE,JUNIOR_HIGH_SCHOOL,FACE_TO_FACE,1,,0,10272.27,Informal / Contractual Worker
ALS_04731,37,MALE,JUNIOR_HIGH_SCHOOL,MODULAR,0,,1,3748.21,Informal / Contractual Worker
ALS_01372,29,MALE,JUNIOR_HIGH_SCHOOL,MODULAR,1,,0,20848.49,Formal Employment
ALS_04486,30,FEMALE,JUNIOR_HIGH_SCHOOL,MODULAR,0,,0,38941.38,Informal / Contractual Worker
ALS_03090,24,MALE,BLP,MODULAR,1,0.42,1,3328.33,Unemployed / No Income
ALS_00150,19,FEMALE,JUNIOR_HIGH_SCHOOL,FACE_TO_FACE,0,0,0,7461.54,Formal Employment
ALS_06636,15,MALE,ELEMENTARY,BLENDED,0,,1,10464.91,Unemployed / No Income
ALS_06157,15,FEMALE,JUNIOR_HIGH_SCHOOL,FACE_TO_FACE,0,,1,14832.63,Unemployed / No Income
ALS_05009,45,FEMALE,JUNIOR_HIGH_SCHOOL,BLENDED,0,,1,9799.64,Informal / Contractual Worker
ALS_03017,33,MALE,JUNIOR_HIGH_SCHOOL,BLENDED,0,,0,7734.77,Informal / Contractual Worker
ALS_05438,17,FEMALE,JUNIOR_HIGH_SCHOOL,FACE_TO_FACE,0,,1,6622.06,Formal Employment
ALS_03693,23,FEMALE,JUNIOR_HIGH_SCHOOL,MODULAR,1,,1,17747.72,Self-Employed / Business Owner
ALS_05288,23,MALE,JUNIOR_HIGH_SCHOOL,MODULAR,0,,1,5655.77,Other
ALS_06238,30,FEMALE,JUNIOR_HIGH_SCHOOL,FACE_TO_FACE,0,,0,12641.04,Formal Employment
ALS_03003,15,MALE,ELEMENTARY,MODULAR,0,,1,6844.65,Unemployed / No Income
ALS_05806,20,FEMALE,JUNIOR_HIGH_SCHOOL,FACE_TO_FACE,0,,1,5834.45,Self-Employed / Business Owner
ALS_06319,19,MALE,JUNIOR_HIGH_SCHOOL,FACE_TO_FACE,0,,1,4025.18,Informal / Contractual Worker
ALS_02061,34,FEMALE,JUNIOR_HIGH_SCHOOL,MODULAR,1,,1,6547.41,Self-Employed / Business Owner
ALS_03176,35,FEMALE,ELEMENTARY,FACE_TO_FACE,0,,0,13617.84,Self-Employed / Business Owner
ALS_02877,19,FEMALE,JUNIOR_HIGH_SCHOOL,MODULAR,0,,1,6867.35,Informal / Contractual Worker
ALS_02892,15,FEMALE,JUNIOR_HIGH_SCHOOL,FACE_TO_FACE,0,,1,6901.25,Formal Employment
ALS_02874,20,FEMALE,JUNIOR_HIGH_SCHOOL,FACE_TO_FACE,0,,1,9713.56,Formal Employment
ALS_00220,24,FEMALE,JUNIOR_HIGH_SCHOOL,MODULAR,0,0.63,0,6087.42,Formal Employment
ALS_00625,15,MALE,JUNIOR_HIGH_SCHOOL,FACE_TO_FACE,0,2.03,0,3862.83,Other
ALS_06141,16,MALE,JUNIOR_HIGH_SCHOOL,FACE_TO_FACE,0,,1,5443.59,Informal / Contractual Worker
ALS_01720,21,MALE,JUNIOR_HIGH_SCHOOL,BLENDED,0,,1,13786,Self-Employed / Business Owner
ALS_00036,15,FEMALE,JUNIOR_HIGH_SCHOOL,FACE_TO_FACE,0,0.7,0,12228.3,Formal Employment
ALS_02176,43,FEMALE,JUNIOR_HIGH_SCHOOL,FACE_TO_FACE,1,,1,6260.7,Informal / Contractual Worker
ALS_06563,13,MALE,JUNIOR_HIGH_SCHOOL,FACE_TO_FACE,0,,1,4310.63,Self-Employed / Business Owner
ALS_06621,21,FEMALE,JUNIOR_HIGH_SCHOOL,FACE_TO_FACE,0,,1,4176.99,Self-Employed / Business Owner
ALS_00590,14,FEMALE,JUNIOR_HIGH_SCHOOL,FACE_TO_FACE,0,0,0,19839.17,Self-Employed / Business Owner
ALS_06752,15,MALE,JUNIOR_HIGH_SCHOOL,FACE_TO_FACE,0,,1,5931.47,OFW (Overseas Filipino Worker)
ALS_00357,19,MALE,JUNIOR_HIGH_SCHOOL,BLENDED,0,2.6,0,20619.02,Informal / Contractual Worker
ALS_02902,27,MALE,JUNIOR_HIGH_SCHOOL,FACE_TO_FACE,0,,1,6588.19,Self-Employed / Business Owner
ALS_05100,17,MALE,JUNIOR_HIGH_SCHOOL,MODULAR,0,,0,10848.24,Self-Employed / Business Owner
ALS_05374,15,MALE,ELEMENTARY,FACE_TO_FACE,0,,1,8949.34,Formal Employment
ALS_04375,17,MALE,ELEMENTARY,FACE_TO_FACE,0,,1,7781.96,Informal / Contractual Worker
ALS_04868,33,MALE,JUNIOR_HIGH_SCHOOL,FACE_TO_FACE,0,,1,12676.58,Unemployed / No Income
ALS_00923,26,FEMALE,JUNIOR_HIGH_SCHOOL,BLENDED,0,0,0,20347.6,OFW (Overseas Filipino Worker)
ALS_03722,24,FEMALE,JUNIOR_HIGH_SCHOOL,BLENDED,0,0.42,0,10093.18,Informal / Contractual Worker
ALS_03730,19,FEMALE,JUNIOR_HIGH_SCHOOL,MODULAR,0,,0,5813.59,Retired / Pensioner
ALS_04646,23,FEMALE,JUNIOR_HIGH_SCHOOL,FACE_TO_FACE,1,,0,10256.86,Retired / Pensioner
ALS_04697,37,FEMALE,JUNIOR_HIGH_SCHOOL,BLENDED,0,,1,5776.28,Informal / Contractual Worker
ALS_04324,12,FEMALE,ELEMENTARY,BLENDED,1,,0,17344.34,OFW (Overseas Filipino Worker)
ALS_03711,16,MALE,JUNIOR_HIGH_SCHOOL,FACE_TO_FACE,0,,0,11549.69,Formal Employment
ALS_04154,15,MALE,JUNIOR_HIGH_SCHOOL,FACE_TO_FACE,1,,1,10200.63,Unemployed / No Income
ALS_03263,26,MALE,JUNIOR_HIGH_SCHOOL,MODULAR,0,,1,7668.04,Self-Employed / Business Owner
ALS_03697,33,MALE,JUNIOR_HIGH_SCHOOL,MODULAR,1,,1,10066.17,Formal Employment
ALS_04717,16,FEMALE,JUNIOR_HIGH_SCHOOL,FACE_TO_FACE,1,,0,8445.8,Unemployed / No Income
ALS_05154,18,MALE,JUNIOR_HIGH_SCHOOL,FACE_TO_FACE,1,,0,11162.35,Formal Employment
ALS_00632,29,FEMALE,JUNIOR_HIGH_SCHOOL,FACE_TO_FACE,0,1.44,0,12673.77,Formal Employment
ALS_00804,23,MALE,JUNIOR_HIGH_SCHOOL,BLENDED,0,0,0,11596.93,Unemployed / No Income
ALS_05170,29,MALE,JUNIOR_HIGH_SCHOOL,MODULAR,0,,1,5107.81,Informal / Contractual Worker
ALS_02600,23,MALE,JUNIOR_HIGH_SCHOOL,FACE_TO_FACE,0,,1,11325.94,Unemployed / No Income
ALS_03262,24,MALE,JUNIOR_HIGH_SCHOOL,BLENDED,1,,1,4422.56,Self-Employed / Business Owner
ALS_00637,35,FEMALE,JUNIOR_HIGH_SCHOOL,FACE_TO_FACE,0,0,0,12488.46,Informal / Contractual Worker
ALS_05196,22,MALE,JUNIOR_HIGH_SCHOOL,MODULAR,0,,1,21994.45,Self-Employed / Business Owner
ALS_02233,27,MALE,ELEMENTARY,FACE_TO_FACE,0,,0,12915.23,Informal / Contractual Worker
ALS_01734,16,MALE,JUNIOR_HIGH_SCHOOL,BLENDED,1,,1,3377.81,Informal / Contractual Worker
ALS_05369,24,MALE,JUNIOR_HIGH_SCHOOL,FACE_TO_FACE,0,0.01,0,17618.8,Formal Employment
ALS_06205,15,FEMALE,JUNIOR_HIGH_SCHOOL,FACE_TO_FACE,0,,1,5802.67,Unemployed / No Income
ALS_02739,18,MALE,JUNIOR_HIGH_SCHOOL,FACE_TO_FACE,0,,1,7030.31,Informal / Contractual Worker
ALS_02584,21,MALE,JUNIOR_HIGH_SCHOOL,FACE_TO_FACE,0,,1,15574.68,Formal Employment
ALS_05640,24,FEMALE,JUNIOR_HIGH_SCHOOL,MODULAR,0,,1,17390.55,Retired / Pensioner
ALS_03661,17,MALE,ELEMENTARY,FACE_TO_FACE,0,,1,4460.52,Retired / Pensioner
ALS_05962,20,FEMALE,JUNIOR_HIGH_SCHOOL,FACE_TO_FACE,0,,1,13362.42,Self-Employed / Business Owner
ALS_04884,15,MALE,JUNIOR_HIGH_SCHOOL,FACE_TO_FACE,0,,1,3589.22,Formal Employment
ALS_03041,35,MALE,JUNIOR_HIGH_SCHOOL,FACE_TO_FACE,0,,0,11568.96,Informal / Contractual Worker
ALS_02534,25,FEMALE,JUNIOR_HIGH_SCHOOL,FACE_TO_FACE,0,,1,18165.33,Informal / Contractual Worker
ALS_06078,35,MALE,JUNIOR_HIGH_SCHOOL,FACE_TO_FACE,0,,1,5761.72,Informal / Contractual Worker
ALS_06477,28,FEMALE,JUNIOR_HIGH_SCHOOL,FACE_TO_FACE,0,,0,10181.2,Informal / Contractual Worker
ALS_00154,29,FEMALE,JUNIOR_HIGH_SCHOOL,FACE_TO_FACE,0,0,0,12809.55,Unemployed / No Income
ALS_02905,13,MALE,ELEMENTARY,MODULAR,0,,0,14222.34,Formal Employment
ALS_04659,26,FEMALE,JUNIOR_HIGH_SCHOOL,FACE_TO_FACE,0,,1,9723.37,Retired / Pensioner
ALS_06742,25,FEMALE,JUNIOR_HIGH_SCHOOL,FACE_TO_FACE,0,,0,4982.1,Unemployed / No Income
ALS_02171,35,MALE,JUNIOR_HIGH_SCHOOL,FACE_TO_FACE,1,,1,8241.22,Formal Employment
ALS_06189,16,MALE,JUNIOR_HIGH_SCHOOL,FACE_TO_FACE,0,0.42,0,18261.46,Other
ALS_02033,23,MALE,ELEMENTARY,BLENDED,1,,1,4792.99,Self-Employed / Business Owner
ALS_01058,38,FEMALE,JUNIOR_HIGH_SCHOOL,FACE_TO_FACE,0,0,0,23386.21,Retired / Pensioner
ALS_04419,30,MALE,JUNIOR_HIGH_SCHOOL,FACE_TO_FACE,0,,1,7588.36,Self-Employed / Business Owner
ALS_05439,19,FEMALE,JUNIOR_HIGH_SCHOOL,FACE_TO_FACE,1,,1,9043.93,Informal / Contractual Worker
ALS_00428,25,MALE,JUNIOR_HIGH_SCHOOL,MODULAR,0,,0,11033.28,Self-Employed / Business Owner
ALS_03342,25,MALE,JUNIOR_HIGH_SCHOOL,MODULAR,0,,1,4099.76,Unemployed / No Income
ALS_03010,26,FEMALE,JUNIOR_HIGH_SCHOOL,FACE_TO_FACE,0,,1,8945.61,Self-Employed / Business Owner
ALS_00802,16,MALE,JUNIOR_HIGH_SCHOOL,FACE_TO_FACE,0,0,0,14376.94,Informal / Contractual Worker
ALS_04488,17,MALE,JUNIOR_HIGH_SCHOOL,FACE_TO_FACE,0,,0,7825.59,Self-Employed / Business Owner
ALS_06310,15,FEMALE,JUNIOR_HIGH_SCHOOL,FACE_TO_FACE,0,,1,6835.28,Unemployed / No Income
ALS_02996,16,FEMALE,JUNIOR_HIGH_SCHOOL,FACE_TO_FACE,0,,1,4997.15,Informal / Contractual Worker
ALS_05832,42,FEMALE,JUNIOR_HIGH_SCHOOL,FACE_TO_FACE,0,,0,14764.89,Self-Employed / Business Owner
ALS_03799,34,MALE,JUNIOR_HIGH_SCHOOL,FACE_TO_FACE,0,,1,12401.03,Unemployed / No Income
ALS_04734,17,FEMALE,JUNIOR_HIGH_SCHOOL,FACE_TO_FACE,1,,1,5164.56,Self-Employed / Business Owner
ALS_00217,16,MALE,JUNIOR_HIGH_SCHOOL,BLENDED,0,0,0,7442.92,Self-Employed / Business Owner
ALS_02351,26,FEMALE,JUNIOR_HIGH_SCHOOL,FACE_TO_FACE,1,,0,11834.13,Self-Employed / Business Owner
ALS_05610,14,MALE,JUNIOR_HIGH_SCHOOL,MODULAR,0,,1,3237.27,Informal / Contractual Worker
ALS_02894,29,MALE,JUNIOR_HIGH_SCHOOL,MODULAR,0,,1,10451.97,Informal / Contractual Worker
ALS_05877,30,MALE,JUNIOR_HIGH_SCHOOL,MODULAR,0,,1,4519.21,Formal Employment
ALS_00366,13,MALE,JUNIOR_HIGH_SCHOOL,BLENDED,0,3.54,0,14136.08,Formal Employment
ALS_05524,22,MALE,JUNIOR_HIGH_SCHOOL,MODULAR,0,,1,7718.86,Other
ALS_02590,19,MALE,JUNIOR_HIGH_SCHOOL,MODULAR,1,,1,4543.22,Unemployed / No Income
ALS_00448,16,FEMALE,JUNIOR_HIGH_SCHOOL,FACE_TO_FACE,0,0.56,0,7661.24,Self-Employed / Business Owner
ALS_05199,16,MALE,JUNIOR_HIGH_SCHOOL,MODULAR,0,,0,6631.51,Formal Employment
ALS_00725,25,MALE,JUNIOR_HIGH_SCHOOL,MODULAR,0,,0,9343.81,Formal Employment
ALS_02845,18,FEMALE,JUNIOR_HIGH_SCHOOL,FACE_TO_FACE,0,,1,14046.99,Informal / Contractual Worker
ALS_06690,22,FEMALE,JUNIOR_HIGH_SCHOOL,FACE_TO_FACE,0,,0,8467.9,Self-Employed / Business Owner
ALS_05753,26,MALE,JUNIOR_HIGH_SCHOOL,FACE_TO_FACE,0,,1,8017.39,Self-Employed / Business Owner
ALS_02499,31,FEMALE,JUNIOR_HIGH_SCHOOL,MODULAR,0,,1,10458.61,Informal / Contractual Worker
ALS_02977,15,MALE,JUNIOR_HIGH_SCHOOL,FACE_TO_FACE,0,,1,5447.77,Unemployed / No Income
ALS_02229,26,MALE,JUNIOR_HIGH_SCHOOL,MODULAR,1,,0,9435.95,Informal / Contractual Worker
ALS_00155,26,FEMALE,JUNIOR_HIGH_SCHOOL,FACE_TO_FACE,0,0,0,6655.31,OFW (Overseas Filipino Worker)
ALS_02850,16,FEMALE,JUNIOR_HIGH_SCHOOL,FACE_TO_FACE,0,,1,4537.68,Unemployed / No Income
ALS_00180,18,FEMALE,JUNIOR_HIGH_SCHOOL,FACE_TO_FACE,0,0,0,17761.66,Self-Employed / Business Owner
ALS_02588,19,MALE,JUNIOR_HIGH_SCHOOL,MODULAR,0,,1,7034.18,Formal Employment
ALS_05244,45,FEMALE,JUNIOR_HIGH_SCHOOL,MODULAR,0,,1,9968.5,Retired / Pensioner
ALS_04291,30,MALE,JUNIOR_HIGH_SCHOOL,BLENDED,0,,1,10046.98,Unemployed / No Income
ALS_05814,13,FEMALE,ELEMENTARY,FACE_TO_FACE,0,,1,15926.6,Self-Employed / Business Owner
ALS_01804,12,FEMALE,BLP,FACE_TO_FACE,1,,1,8545.7,Informal / Contractual Worker
ALS_04402,26,MALE,BLP,FACE_TO_FACE,0,,1,16240.23,Self-Employed / Business Owner
ALS_02825,19,MALE,JUNIOR_HIGH_SCHOOL,FACE_TO_FACE,0,,1,4235.32,Self-Employed / Business Owner
ALS_03734,31,FEMALE,JUNIOR_HIGH_SCHOOL,MODULAR,1,,1,6171.23,Informal / Contractual Worker
ALS_02424,22,MALE,JUNIOR_HIGH_SCHOOL,MODULAR,0,,1,4502.14,Informal / Contractual Worker
ALS_02165,23,MALE,JUNIOR_HIGH_SCHOOL,FACE_TO_FACE,0,,0,9660.79,Formal Employment
ALS_04495,21,MALE,JUNIOR_HIGH_SCHOOL,MODULAR,0,,0,13305.2,Formal Employment
ALS_05187,16,MALE,JUNIOR_HIGH_SCHOOL,FACE_TO_FACE,0,,1,7964.51,Formal Employment
ALS_01546,17,MALE,JUNIOR_HIGH_SCHOOL,FACE_TO_FACE,0,0.42,1,4601.4,Formal Employment
ALS_02520,18,FEMALE,JUNIOR_HIGH_SCHOOL,BLENDED,0,,0,5248.99,Informal / Contractual Worker
ALS_03858,23,FEMALE,JUNIOR_HIGH_SCHOOL,MODULAR,0,,1,9474.59,Unemployed / No Income
ALS_05029,33,MALE,JUNIOR_HIGH_SCHOOL,MODULAR,0,,1,7356.66,Informal / Contractual Worker
ALS_03167,31,MALE,JUNIOR_HIGH_SCHOOL,MODULAR,0,,1,8332.87,Self-Employed / Business Owner
ALS_05498,36,FEMALE,JUNIOR_HIGH_SCHOOL,MODULAR,1,,1,8549,Unemployed / No Income
ALS_06628,32,FEMALE,JUNIOR_HIGH_SCHOOL,FACE_TO_FACE,0,,1,6326.73,Self-Employed / Business Owner
ALS_03999,18,MALE,JUNIOR_HIGH_SCHOOL,MODULAR,0,0.42,0,8376.05,Other
ALS_06024,14,MALE,BLP,FACE_TO_FACE,0,,1,12514.57,Formal Employment
ALS_02722,31,FEMALE,JUNIOR_HIGH_SCHOOL,BLENDED,0,,1,21013.38,OFW (Overseas Filipino Worker)
ALS_05733,26,FEMALE,JUNIOR_HIGH_SCHOOL,FACE_TO_FACE,0,,1,9608.23,Self-Employed / Business Owner
ALS_02528,18,FEMALE,JUNIOR_HIGH_SCHOOL,MODULAR,1,,1,8082.6,Other
ALS_03624,20,MALE,JUNIOR_HIGH_SCHOOL,MODULAR,0,,1,9741.75,Formal Employment
ALS_03910,26,MALE,JUNIOR_HIGH_SCHOOL,MODULAR,0,,0,22358.31,Formal Employment
ALS_06329,19,MALE,JUNIOR_HIGH_SCHOOL,FACE_TO_FACE,0,,1,5510.62,Self-Employed / Business Owner
ALS_03107,17,MALE,JUNIOR_HIGH_SCHOOL,MODULAR,0,,0,7351.31,Informal / Contractual Worker
ALS_04385,27,MALE,JUNIOR_HIGH_SCHOOL,MODULAR,0,,1,4887.74,Retired / Pensioner
ALS_00198,17,FEMALE,JUNIOR_HIGH_SCHOOL,FACE_TO_FACE,1,0,1,5354.38,Formal Employment
ALS_06532,17,FEMALE,JUNIOR_HIGH_SCHOOL,FACE_TO_FACE,0,,0,12396.7,Formal Employment
ALS_02985,26,MALE,JUNIOR_HIGH_SCHOOL,MODULAR,0,,1,9379.41,Unemployed / No Income
ALS_05614,24,FEMALE,JUNIOR_HIGH_SCHOOL,MODULAR,0,,1,8692.08,Self-Employed / Business Owner
ALS_08449,17,MALE,JUNIOR_HIGH_SCHOOL,FACE_TO_FACE,,0.42,1,16230.82,OFW (Overseas Filipino Worker)
ALS_06061,15,FEMALE,JUNIOR_HIGH_SCHOOL,FACE_TO_FACE,0,,1,3693.07,Formal Employment
ALS_06321,13,MALE,ELEMENTARY,FACE_TO_FACE,0,,1,9746.46,Self-Employed / Business Owner
ALS_06282,15,FEMALE,JUNIOR_HIGH_SCHOOL,FACE_TO_FACE,0,,1,14929.52,Informal / Contractual Worker
ALS_06780,28,FEMALE,JUNIOR_HIGH_SCHOOL,MODULAR,0,,1,4087.8,Informal / Contractual Worker
ALS_03847,29,MALE,JUNIOR_HIGH_SCHOOL,MODULAR,1,,1,11452.04,Other
ALS_04003,12,MALE,ELEMENTARY,MODULAR,0,,0,27922.85,Formal Employment
ALS_03052,23,FEMALE,JUNIOR_HIGH_SCHOOL,FACE_TO_FACE,0,,0,10896.29,Unemployed / No Income
ALS_03644,23,MALE,JUNIOR_HIGH_SCHOOL,MODULAR,0,,1,9863.56,Informal / Contractual Worker
ALS_02900,29,MALE,JUNIOR_HIGH_SCHOOL,MODULAR,0,,1,7489.72,Informal / Contractual Worker
ALS_06749,15,FEMALE,JUNIOR_HIGH_SCHOOL,FACE_TO_FACE,0,,0,21462.35,Formal Employment
ALS_03269,33,FEMALE,JUNIOR_HIGH_SCHOOL,BLENDED,1,,1,3463.09,Unemployed / No Income
ALS_03039,26,FEMALE,JUNIOR_HIGH_SCHOOL,FACE_TO_FACE,0,,1,5188.99,Informal / Contractual Worker
ALS_05108,14,MALE,JUNIOR_HIGH_SCHOOL,BLENDED,0,,1,11151.71,Formal Employment
ALS_04175,16,MALE,JUNIOR_HIGH_SCHOOL,BLENDED,0,,1,12179.61,Formal Employment
ALS_00992,26,MALE,JUNIOR_HIGH_SCHOOL,MODULAR,0,0,0,7286.99,OFW (Overseas Filipino Worker)
ALS_04897,28,MALE,JUNIOR_HIGH_SCHOOL,MODULAR,0,,1,6925.66,Informal / Contractual Worker
ALS_02354,34,FEMALE,JUNIOR_HIGH_SCHOOL,FACE_TO_FACE,0,,1,6618.14,Retired / Pensioner
ALS_03063,20,MALE,ELEMENTARY,FACE_TO_FACE,0,,1,14124.81,Formal Employment
ALS_04629,26,FEMALE,JUNIOR_HIGH_SCHOOL,FACE_TO_FACE,1,,1,8140.31,Informal / Contractual Worker
ALS_02670,35,FEMALE,JUNIOR_HIGH_SCHOOL,BLENDED,0,,0,8792.93,Self-Employed / Business Owner
ALS_02708,18,FEMALE,JUNIOR_HIGH_SCHOOL,BLENDED,0,,0,10612.29,Retired / Pensioner
ALS_03680,19,FEMALE,JUNIOR_HIGH_SCHOOL,FACE_TO_FACE,0,,0,8547.93,Formal Employment
ALS_04516,28,FEMALE,JUNIOR_HIGH_SCHOOL,FACE_TO_FACE,0,,1,9914.99,Unemployed / No Income
ALS_02684,37,FEMALE,JUNIOR_HIGH_SCHOOL,BLENDED,0,,0,12717.33,Formal Employment
ALS_02263,34,FEMALE,JUNIOR_HIGH_SCHOOL,MODULAR,0,,1,10754.44,Retired / Pensioner
ALS_06077,13,MALE,ELEMENTARY,FACE_TO_FACE,0,,1,3001.06,Unemployed / No Income
ALS_06343,19,FEMALE,JUNIOR_HIGH_SCHOOL,FACE_TO_FACE,0,,1,34609.48,Retired / Pensioner
ALS_04355,39,MALE,BLP,FACE_TO_FACE,0,,1,10050.94,OFW (Overseas Filipino Worker)
ALS_05978,15,MALE,ELEMENTARY,BLENDED,0,,1,19515.2,OFW (Overseas Filipino Worker)
ALS_02567,65,FEMALE,JUNIOR_HIGH_SCHOOL,FACE_TO_FACE,0,,0,4903.1,Formal Employment
ALS_02220,19,MALE,JUNIOR_HIGH_SCHOOL,FACE_TO_FACE,1,,1,5247.51,Informal / Contractual Worker
ALS_00210,20,FEMALE,JUNIOR_HIGH_SCHOOL,MODULAR,1,0,1,3364.52,Other
ALS_08349,39,MALE,JUNIOR_HIGH_SCHOOL,FACE_TO_FACE,,,1,9978.45,Formal Employment
ALS_06511,11,MALE,ELEMENTARY,FACE_TO_FACE,0,,1,3351.41,Retired / Pensioner
ALS_06097,23,MALE,JUNIOR_HIGH_SCHOOL,FACE_TO_FACE,0,,0,6762.81,Self-Employed / Business Owner
ALS_00646,16,FEMALE,JUNIOR_HIGH_SCHOOL,FACE_TO_FACE,0,0,0,19633.31,Formal Employment
ALS_01915,17,FEMALE,JUNIOR_HIGH_SCHOOL,BLENDED,0,,0,11498.55,Retired / Pensioner
ALS_02442,18,MALE,JUNIOR_HIGH_SCHOOL,FACE_TO_FACE,1,,1,5393.45,Formal Employment
ALS_02394,30,FEMALE,JUNIOR_HIGH_SCHOOL,FACE_TO_FACE,1,,1,7221.87,Self-Employed / Business Owner
ALS_02145,32,MALE,JUNIOR_HIGH_SCHOOL,FACE_TO_FACE,0,,1,3931.11,Informal / Contractual Worker
ALS_06022,18,MALE,JUNIOR_HIGH_SCHOOL,MODULAR,0,,1,7772.52,Other
ALS_06138,21,FEMALE,JUNIOR_HIGH_SCHOOL,FACE_TO_FACE,0,,1,7372.89,Informal / Contractual Worker
ALS_04721,23,FEMALE,ELEMENTARY,FACE_TO_FACE,0,,1,6600.52,Informal / Contractual Worker
ALS_03282,50,FEMALE,JUNIOR_HIGH_SCHOOL,MODULAR,1,,1,5716.16,Informal / Contractual Worker
ALS_02598,32,MALE,JUNIOR_HIGH_SCHOOL,FACE_TO_FACE,0,,1,14430.3,Unemployed / No Income
ALS_06557,16,MALE,JUNIOR_HIGH_SCHOOL,FACE_TO_FACE,0,,0,13564.16,Self-Employed / Business Owner
ALS_06102,12,FEMALE,ELEMENTARY,FACE_TO_FACE,0,,0,23213.99,Informal / Contractual Worker
ALS_05736,16,MALE,JUNIOR_HIGH_SCHOOL,FACE_TO_FACE,0,,0,4965.85,Unemployed / No Income
ALS_01667,28,FEMALE,JUNIOR_HIGH_SCHOOL,FACE_TO_FACE,0,,0,2842.59,Formal Employment
ALS_02870,21,FEMALE,JUNIOR_HIGH_SCHOOL,FACE_TO_FACE,0,,1,7601.92,Unemployed / No Income
ALS_03047,23,MALE,JUNIOR_HIGH_SCHOOL,FACE_TO_FACE,0,,1,8346.83,Unemployed / No Income
ALS_06619,55,FEMALE,JUNIOR_HIGH_SCHOOL,FACE_TO_FACE,0,,0,24148.86,Formal Employment
ALS_00756,22,FEMALE,JUNIOR_HIGH_SCHOOL,FACE_TO_FACE,0,0,0,5874.25,Self-Employed / Business Owner
ALS_00607,17,MALE,JUNIOR_HIGH_SCHOOL,FACE_TO_FACE,0,0.6,0,11273.91,Informal / Contractual Worker
ALS_03391,19,MALE,JUNIOR_HIGH_SCHOOL,MODULAR,1,,1,9188.35,Self-Employed / Business Owner
ALS_06758,35,MALE,JUNIOR_HIGH_SCHOOL,MODULAR,0,,1,5210.29,Self-Employed / Business Owner
ALS_05662,16,FEMALE,JUNIOR_HIGH_SCHOOL,FACE_TO_FACE,0,8.81,0,5227.11,OFW (Overseas Filipino Worker)
ALS_00185,17,MALE,JUNIOR_HIGH_SCHOOL,FACE_TO_FACE,0,0,0,3438.18,Formal Employment
ALS_03429,15,MALE,JUNIOR_HIGH_SCHOOL,FACE_TO_FACE,1,,1,6557.41,Informal / Contractual Worker
ALS_03703,19,MALE,ELEMENTARY,MODULAR,1,,1,23356.27,Informal / Contractual Worker
ALS_03699,16,MALE,JUNIOR_HIGH_SCHOOL,MODULAR,1,,1,5438.78,Formal Employment
ALS_03989,16,FEMALE,JUNIOR_HIGH_SCHOOL,FACE_TO_FACE,0,,1,16528.21,Formal Employment
ALS_04652,16,FEMALE,JUNIOR_HIGH_SCHOOL,FACE_TO_FACE,0,,0,10477.89,Self-Employed / Business Owner
ALS_02573,18,MALE,JUNIOR_HIGH_SCHOOL,FACE_TO_FACE,0,,1,3093.97,Unemployed / No Income
ALS_00940,16,FEMALE,JUNIOR_HIGH_SCHOOL,FACE_TO_FACE,0,7.26,0,13367.91,Informal / Contractual Worker
ALS_00597,16,MALE,JUNIOR_HIGH_SCHOOL,FACE_TO_FACE,0,2.44,0,7476.69,Informal / Contractual Worker
ALS_00991,30,FEMALE,JUNIOR_HIGH_SCHOOL,MODULAR,0,0.61,0,3454.37,Formal Employment
ALS_04883,14,MALE,BLP,MODULAR,0,,1,8273.94,Self-Employed / Business Owner
ALS_00038,15,MALE,ELEMENTARY,FACE_TO_FACE,1,0.95,0,12425.87,Informal / Contractual Worker
ALS_02692,35,FEMALE,JUNIOR_HIGH_SCHOOL,MODULAR,0,,0,25425.04,OFW (Overseas Filipino Worker)
ALS_02740,27,MALE,JUNIOR_HIGH_SCHOOL,FACE_TO_FACE,0,,1,5734.44,Informal / Contractual Worker
ALS_06293,26,FEMALE,JUNIOR_HIGH_SCHOOL,BLENDED,0,,1,8521.79,Informal / Contractual Worker
ALS_03452,25,MALE,JUNIOR_HIGH_SCHOOL,BLENDED,0,,0,4965.78,Formal Employment
ALS_06069,14,MALE,BLP,FACE_TO_FACE,0,,1,10267.46,Unemployed / No Income
ALS_03642,20,MALE,JUNIOR_HIGH_SCHOOL,MODULAR,0,,1,9818.91,Informal / Contractual Worker
ALS_03367,15,FEMALE,JUNIOR_HIGH_SCHOOL,FACE_TO_FACE,1,,1,5067.92,Informal / Contractual Worker
ALS_05471,22,MALE,JUNIOR_HIGH_SCHOOL,FACE_TO_FACE,0,,1,4396.73,Self-Employed / Business Owner
ALS_05921,15,MALE,JUNIOR_HIGH_SCHOOL,FACE_TO_FACE,0,,1,9773.81,Informal / Contractual Worker
ALS_04052,14,FEMALE,JUNIOR_HIGH_SCHOOL,FACE_TO_FACE,1,,0,15247.53,Other
ALS_02544,29,MALE,JUNIOR_HIGH_SCHOOL,BLENDED,0,,1,13715.61,Unemployed / No Income
ALS_03574,16,FEMALE,JUNIOR_HIGH_SCHOOL,MODULAR,1,,1,10094.01,Formal Employment
ALS_02174,23,MALE,JUNIOR_HIGH_SCHOOL,FACE_TO_FACE,1,,1,15045.33,Unemployed / No Income
ALS_05879,19,MALE,JUNIOR_HIGH_SCHOOL,BLENDED,0,,1,5299.85,Self-Employed / Business Owner
ALS_06674,16,MALE,JUNIOR_HIGH_SCHOOL,FACE_TO_FACE,0,,1,4707.19,Self-Employed / Business Owner
ALS_03727,19,FEMALE,ELEMENTARY,MODULAR,1,0.42,0,12244.01,Self-Employed / Business Owner
ALS_05347,15,FEMALE,JUNIOR_HIGH_SCHOOL,FACE_TO_FACE,0,,0,4700.63,Formal Employment
ALS_02679,32,FEMALE,JUNIOR_HIGH_SCHOOL,MODULAR,0,,1,6092.05,Unemployed / No Income
ALS_01896,18,MALE,JUNIOR_HIGH_SCHOOL,FACE_TO_FACE,1,,1,12083.91,OFW (Overseas Filipino Worker)
ALS_03065,27,MALE,ELEMENTARY,FACE_TO_FACE,1,,1,6278.76,Retired / Pensioner
ALS_03462,44,FEMALE,JUNIOR_HIGH_SCHOOL,MODULAR,0,,0,17026.67,Formal Employment
ALS_03140,18,FEMALE,JUNIOR_HIGH_SCHOOL,MODULAR,0,,0,11744.6,Formal Employment
ALS_02202,27,MALE,JUNIOR_HIGH_SCHOOL,BLENDED,0,,0,10145.81,Other
ALS_00326,12,MALE,ELEMENTARY,BLENDED,0,0,0,19209.82,Self-Employed / Business Owner
ALS_06471,20,MALE,JUNIOR_HIGH_SCHOOL,FACE_TO_FACE,0,,0,10975.26,Self-Employed / Business Owner
ALS_06763,14,MALE,JUNIOR_HIGH_SCHOOL,MODULAR,0,,1,4316.6,Informal / Contractual Worker
ALS_02817,18,MALE,JUNIOR_HIGH_SCHOOL,FACE_TO_FACE,0,,1,11146.93,Self-Employed / Business Owner
ALS_04885,30,FEMALE,JUNIOR_HIGH_SCHOOL,FACE_TO_FACE,0,,1,5567.72,Unemployed / No Income
ALS_03437,42,FEMALE,JUNIOR_HIGH_SCHOOL,BLENDED,1,,1,5197.05,Informal / Contractual Worker
ALS_03453,30,MALE,JUNIOR_HIGH_SCHOOL,BLENDED,1,,1,3872.88,Formal Employment
ALS_02918,35,FEMALE,JUNIOR_HIGH_SCHOOL,FACE_TO_FACE,0,,1,9517.75,OFW (Overseas Filipino Worker)
ALS_04058,27,FEMALE,JUNIOR_HIGH_SCHOOL,MODULAR,0,0.42,0,19239,Formal Employment
ALS_04299,18,MALE,JUNIOR_HIGH_SCHOOL,FACE_TO_FACE,0,,0,35182.5,Self-Employed / Business Owner
ALS_02299,40,MALE,ELEMENTARY,FACE_TO_FACE,0,,1,7801.5,Informal / Contractual Worker
ALS_02565,41,MALE,JUNIOR_HIGH_SCHOOL,FACE_TO_FACE,0,,1,11829.09,Other
ALS_03762,32,FEMALE,JUNIOR_HIGH_SCHOOL,BLENDED,0,,0,11937.16,Informal / Contractual Worker
ALS_05964,37,FEMALE,JUNIOR_HIGH_SCHOOL,FACE_TO_FACE,0,,1,6145.44,Self-Employed / Business Owner
ALS_03036,16,FEMALE,JUNIOR_HIGH_SCHOOL,BLENDED,0,,0,13221.7,Formal Employment
ALS_01944,15,MALE,JUNIOR_HIGH_SCHOOL,BLENDED,1,,1,8190.58,Unemployed / No Income
ALS_01728,23,MALE,JUNIOR_HIGH_SCHOOL,BLENDED,1,,1,13363.89,Other
ALS_03859,16,FEMALE,ELEMENTARY,MODULAR,0,,1,4663.09,Retired / Pensioner
ALS_04374,15,MALE,JUNIOR_HIGH_SCHOOL,FACE_TO_FACE,0,,1,18971.53,Informal / Contractual Worker
ALS_05979,15,MALE,ELEMENTARY,BLENDED,0,,1,8143.84,Self-Employed / Business Owner
ALS_05325,25,FEMALE,JUNIOR_HIGH_SCHOOL,MODULAR,0,,1,6841.27,Informal / Contractual Worker
ALS_02378,24,MALE,JUNIOR_HIGH_SCHOOL,MODULAR,0,,0,8394.71,Informal / Contractual Worker
ALS_05093,20,FEMALE,JUNIOR_HIGH_SCHOOL,FACE_TO_FACE,0,,1,9745.22,Unemployed / No Income
ALS_03394,34,MALE,JUNIOR_HIGH_SCHOOL,MODULAR,0,,0,21689.33,Formal Employment
ALS_03959,17,MALE,JUNIOR_HIGH_SCHOOL,FACE_TO_FACE,1,,1,8526.98,Informal / Contractual Worker
ALS_01822,36,FEMALE,JUNIOR_HIGH_SCHOOL,MODULAR,0,,1,6363,Informal / Contractual Worker
ALS_06537,15,MALE,JUNIOR_HIGH_SCHOOL,FACE_TO_FACE,0,0,0,6261.66,Formal Employment
ALS_02345,25,MALE,JUNIOR_HIGH_SCHOOL,FACE_TO_FACE,0,,1,8059.43,Informal / Contractual Worker
ALS_00797,43,MALE,JUNIOR_HIGH_SCHOOL,BLENDED,0,1.21,0,8653.06,Formal Employment
ALS_06452,18,FEMALE,JUNIOR_HIGH_SCHOOL,FACE_TO_FACE,0,0.42,1,10969.3,Unemployed / No Income
ALS_00716,31,MALE,JUNIOR_HIGH_SCHOOL,MODULAR,0,0,0,10631.45,Unemployed / No Income
ALS_04284,35,FEMALE,JUNIOR_HIGH_SCHOOL,BLENDED,0,,1,17152.02,Informal / Contractual Worker
ALS_04942,27,MALE,JUNIOR_HIGH_SCHOOL,MODULAR,0,,1,13507.41,Unemployed / No Income
ALS_02893,25,MALE,ELEMENTARY,FACE_TO_FACE,0,,1,14730.74,Unemployed / No Income
ALS_05085,15,MALE,JUNIOR_HIGH_SCHOOL,FACE_TO_FACE,0,,0,10074.53,Formal Employment
ALS_06713,16,MALE,JUNIOR_HIGH_SCHOOL,FACE_TO_FACE,0,,0,7934.5,Formal Employment
ALS_05270,16,MALE,JUNIOR_HIGH_SCHOOL,FACE_TO_FACE,0,,0,16231.92,Self-Employed / Business Owner
ALS_04211,34,MALE,JUNIOR_HIGH_SCHOOL,BLENDED,0,,1,11240.19,Unemployed / No Income
ALS_04753,22,MALE,JUNIOR_HIGH_SCHOOL,FACE_TO_FACE,0,,0,9511.07,Formal Employment
ALS_04715,14,MALE,JUNIOR_HIGH_SCHOOL,FACE_TO_FACE,1,,1,7912.8,OFW (Overseas Filipino Worker)
ALS_04061,51,FEMALE,JUNIOR_HIGH_SCHOOL,MODULAR,0,0.42,0,4152.54,Self-Employed / Business Owner
ALS_03708,28,MALE,JUNIOR_HIGH_SCHOOL,MODULAR,0,,1,4625.24,Informal / Contractual Worker
ALS_05098,14,MALE,JUNIOR_HIGH_SCHOOL,FACE_TO_FACE,0,,1,6768.77,Formal Employment
ALS_04469,26,MALE,JUNIOR_HIGH_SCHOOL,FACE_TO_FACE,0,,1,5479.21,Informal / Contractual Worker
ALS_01851,15,MALE,JUNIOR_HIGH_SCHOOL,FACE_TO_FACE,0,,1,10692.95,Other
ALS_03173,28,MALE,JUNIOR_HIGH_SCHOOL,MODULAR,0,,0,18436.93,OFW (Overseas Filipino Worker)
ALS_07345,65,FEMALE,JUNIOR_HIGH_SCHOOL,FACE_TO_FACE,0,50.23,1,2355.12,Retired / Pensioner
ALS_05781,20,MALE,JUNIOR_HIGH_SCHOOL,BLENDED,0,,1,6276.57,Self-Employed / Business Owner
ALS_02466,14,MALE,JUNIOR_HIGH_SCHOOL,MODULAR,1,,1,9780.99,Informal / Contractual Worker
ALS_00391,34,MALE,JUNIOR_HIGH_SCHOOL,BLENDED,0,,0,23831.68,Informal / Contractual Worker
ALS_02217,21,MALE,JUNIOR_HIGH_SCHOOL,MODULAR,0,,0,8508.18,Self-Employed / Business Owner
ALS_01637,30,FEMALE,JUNIOR_HIGH_SCHOOL,MODULAR,0,,0,20151.12,Formal Employment
ALS_06325,17,MALE,JUNIOR_HIGH_SCHOOL,MODULAR,0,,1,9024.62,Unemployed / No Income
ALS_01337,36,MALE,JUNIOR_HIGH_SCHOOL,MODULAR,0,,1,9068.59,Self-Employed / Business Owner
ALS_04960,20,FEMALE,JUNIOR_HIGH_SCHOOL,FACE_TO_FACE,0,,1,8989.14,Formal Employment
ALS_02764,15,MALE,JUNIOR_HIGH_SCHOOL,FACE_TO_FACE,0,,1,3838.64,Other
ALS_02653,26,MALE,JUNIOR_HIGH_SCHOOL,MODULAR,0,,0,8603.5,Self-Employed / Business Owner
ALS_03775,28,MALE,JUNIOR_HIGH_SCHOOL,FACE_TO_FACE,0,,1,14786.62,Unemployed / No Income
ALS_01713,32,MALE,JUNIOR_HIGH_SCHOOL,FACE_TO_FACE,1,,1,11555.52,Other
ALS_05139,45,FEMALE,BLP,FACE_TO_FACE,0,,1,13999.36,Other
ALS_03991,23,FEMALE,JUNIOR_HIGH_SCHOOL,BLENDED,0,,0,6993.53,Formal Employment
ALS_06113,31,FEMALE,JUNIOR_HIGH_SCHOOL,FACE_TO_FACE,0,,0,7223.73,Unemployed / No Income
ALS_04954,37,FEMALE,JUNIOR_HIGH_SCHOOL,FACE_TO_FACE,0,,1,8536.21,Unemployed / No Income
ALS_04543,29,MALE,JUNIOR_HIGH_SCHOOL,MODULAR,0,,1,6328.61,Informal / Contractual Worker
ALS_04520,31,FEMALE,JUNIOR_HIGH_SCHOOL,MODULAR,0,,1,11625.02,Self-Employed / Business Owner
ALS_04433,17,MALE,ELEMENTARY,MODULAR,0,,1,5598.42,Informal / Contractual Worker
ALS_02655,25,MALE,JUNIOR_HIGH_SCHOOL,BLENDED,0,,0,22851.19,Formal Employment
ALS_06629,26,FEMALE,JUNIOR_HIGH_SCHOOL,FACE_TO_FACE,0,,1,4433.53,Unemployed / No Income
ALS_06542,26,MALE,JUNIOR_HIGH_SCHOOL,MODULAR,0,,1,2952.87,Informal / Contractual Worker
ALS_01856,17,MALE,JUNIOR_HIGH_SCHOOL,BLENDED,0,,1,4918.78,Unemployed / No Income
ALS_03956,16,MALE,JUNIOR_HIGH_SCHOOL,FACE_TO_FACE,1,,1,6780.31,Other
ALS_04603,21,MALE,JUNIOR_HIGH_SCHOOL,FACE_TO_FACE,0,,1,3513.53,Informal / Contractual Worker
ALS_05179,16,MALE,JUNIOR_HIGH_SCHOOL,MODULAR,0,,1,3177.01,Unemployed / No Income
ALS_06665,36,FEMALE,JUNIOR_HIGH_SCHOOL,FACE_TO_FACE,0,,0,20239.95,Formal Employment
ALS_05554,17,FEMALE,JUNIOR_HIGH_SCHOOL,FACE_TO_FACE,0,,1,5487.43,Self-Employed / Business Owner
ALS_02344,18,MALE,JUNIOR_HIGH_SCHOOL,FACE_TO_FACE,0,,0,14955.84,Informal / Contractual Worker
ALS_02720,18,FEMALE,JUNIOR_HIGH_SCHOOL,FACE_TO_FACE,0,,1,12158.95,Other
ALS_02326,26,MALE,JUNIOR_HIGH_SCHOOL,FACE_TO_FACE,0,,1,6314.54,OFW (Overseas Filipino Worker)
ALS_04805,17,FEMALE,JUNIOR_HIGH_SCHOOL,FACE_TO_FACE,0,,1,8406.51,Informal / Contractual Worker
ALS_01769,23,MALE,JUNIOR_HIGH_SCHOOL,FACE_TO_FACE,1,,1,4296.42,Self-Employed / Business Owner
ALS_05984,11,MALE,ELEMENTARY,BLENDED,0,,1,7890.59,Informal / Contractual Worker
ALS_02862,18,FEMALE,JUNIOR_HIGH_SCHOOL,FACE_TO_FACE,0,,1,9597.66,Self-Employed / Business Owner
ALS_00648,17,FEMALE,JUNIOR_HIGH_SCHOOL,MODULAR,0,0,0,6937.72,Unemployed / No Income
ALS_05143,20,MALE,JUNIOR_HIGH_SCHOOL,FACE_TO_FACE,0,,1,3832.85,Informal / Contractual Worker
ALS_03854,35,FEMALE,JUNIOR_HIGH_SCHOOL,MODULAR,0,,1,5704.63,Formal Employment
ALS_05925,17,FEMALE,JUNIOR_HIGH_SCHOOL,FACE_TO_FACE,0,,0,15674.76,Informal / Contractual Worker
ALS_03613,20,MALE,JUNIOR_HIGH_SCHOOL,MODULAR,0,,1,6102.34,Informal / Contractual Worker
ALS_00620,22,MALE,JUNIOR_HIGH_SCHOOL,FACE_TO_FACE,0,1.5,0,6709.39,Other
ALS_02907,18,MALE,JUNIOR_HIGH_SCHOOL,FACE_TO_FACE,0,,0,14492.93,Informal / Contractual Worker
ALS_02109,28,MALE,JUNIOR_HIGH_SCHOOL,FACE_TO_FACE,1,,1,8815.38,Unemployed / No Income
ALS_05035,28,MALE,JUNIOR_HIGH_SCHOOL,MODULAR,0,,0,8556.92,Formal Employment
ALS_02938,18,MALE,JUNIOR_HIGH_SCHOOL,MODULAR,0,,1,5426.33,Informal / Contractual Worker
ALS_02745,17,MALE,JUNIOR_HIGH_SCHOOL,FACE_TO_FACE,0,,1,3138.33,Unemployed / No Income
ALS_03490,37,FEMALE,JUNIOR_HIGH_SCHOOL,MODULAR,0,,1,5582.43,Other
ALS_00065,27,MALE,JUNIOR_HIGH_SCHOOL,MODULAR,0,0.05,0,8465.07,Formal Employment
ALS_05944,17,MALE,JUNIOR_HIGH_SCHOOL,FACE_TO_FACE,0,,1,14929.53,Self-Employed / Business Owner
ALS_04086,31,MALE,JUNIOR_HIGH_SCHOOL,FACE_TO_FACE,0,,1,14156.92,Unemployed / No Income
ALS_03788,21,MALE,JUNIOR_HIGH_SCHOOL,FACE_TO_FACE,1,,0,8644.83,Formal Employment
ALS_00341,16,FEMALE,JUNIOR_HIGH_SCHOOL,BLENDED,0,0,1,5534.05,Retired / Pensioner
ALS_01513,50,MALE,JUNIOR_HIGH_SCHOOL,MODULAR,0,,1,4812.02,Retired / Pensioner
ALS_05556,25,FEMALE,JUNIOR_HIGH_SCHOOL,MODULAR,0,,1,4504.02,Unemployed / No Income
ALS_05308,39,FEMALE,JUNIOR_HIGH_SCHOOL,MODULAR,0,,0,4303.21,Formal Employment
ALS_03586,29,MALE,JUNIOR_HIGH_SCHOOL,MODULAR,0,,1,5993.64,OFW (Overseas Filipino Worker)
ALS_04332,25,MALE,JUNIOR_HIGH_SCHOOL,FACE_TO_FACE,0,,1,7995.45,Unemployed / No Income
ALS_03072,20,MALE,JUNIOR_HIGH_SCHOOL,FACE_TO_FACE,1,,1,10812.98,Self-Employed / Business Owner
ALS_04202,18,MALE,ELEMENTARY,BLENDED,0,,0,4964.02,Formal Employment
ALS_00107,30,MALE,JUNIOR_HIGH_SCHOOL,BLENDED,0,5.77,0,10223.65,Informal / Contractual Worker
ALS_05073,39,FEMALE,JUNIOR_HIGH_SCHOOL,BLENDED,0,,0,6744.05,Unemployed / No Income
ALS_05558,34,FEMALE,JUNIOR_HIGH_SCHOOL,MODULAR,0,,1,17022.8,Unemployed / No Income
ALS_01945,17,FEMALE,JUNIOR_HIGH_SCHOOL,MODULAR,0,,1,6663.07,Unemployed / No Income
ALS_02056,19,FEMALE,JUNIOR_HIGH_SCHOOL,BLENDED,1,,1,17614.28,Formal Employment
ALS_06507,17,FEMALE,JUNIOR_HIGH_SCHOOL,MODULAR,0,,1,12563.55,Self-Employed / Business Owner
ALS_03205,29,MALE,JUNIOR_HIGH_SCHOOL,FACE_TO_FACE,0,,0,15834.82,Self-Employed / Business Owner
ALS_02282,28,MALE,JUNIOR_HIGH_SCHOOL,MODULAR,0,,1,6472.31,Informal / Contractual Worker
ALS_04083,34,MALE,JUNIOR_HIGH_SCHOOL,FACE_TO_FACE,0,,0,18557.43,Informal / Contractual Worker
ALS_04784,16,MALE,JUNIOR_HIGH_SCHOOL,FACE_TO_FACE,0,0.42,1,3639.64,Informal / Contractual Worker
ALS_01812,44,FEMALE,JUNIOR_HIGH_SCHOOL,FACE_TO_FACE,0,,0,5421.39,Self-Employed / Business Owner
ALS_02401,14,FEMALE,ELEMENTARY,MODULAR,0,,1,7056.35,Informal / Contractual Worker
ALS_01881,18,MALE,JUNIOR_HIGH_SCHOOL,BLENDED,0,,1,16211.69,Other
ALS_01887,23,MALE,JUNIOR_HIGH_SCHOOL,FACE_TO_FACE,1,,1,6787.59,Informal / Contractual Worker
ALS_02990,28,MALE,JUNIOR_HIGH_SCHOOL,MODULAR,0,,1,17731.68,Self-Employed / Business Owner
ALS_03382,17,FEMALE,JUNIOR_HIGH_SCHOOL,BLENDED,0,,0,5550.1,Unemployed / No Income
ALS_00712,23,MALE,JUNIOR_HIGH_SCHOOL,BLENDED,0,3.03,0,10132.52,Formal Employment
ALS_03820,22,FEMALE,JUNIOR_HIGH_SCHOOL,BLENDED,0,,0,26236.56,Informal / Contractual Worker
ALS_04242,25,FEMALE,JUNIOR_HIGH_SCHOOL,MODULAR,0,,1,4304.05,Other
ALS_04348,14,MALE,ELEMENTARY,FACE_TO_FACE,1,,1,18478.07,Informal / Contractual Worker
ALS_06170,16,MALE,JUNIOR_HIGH_SCHOOL,FACE_TO_FACE,0,0.42,0,7665.98,Other
ALS_06172,15,MALE,ELEMENTARY,FACE_TO_FACE,0,,0,13659.58,OFW (Overseas Filipino Worker)
ALS_03838,25,MALE,JUNIOR_HIGH_SCHOOL,MODULAR,0,,1,5833.14,Unemployed / No Income
ALS_05138,29,FEMALE,JUNIOR_HIGH_SCHOOL,FACE_TO_FACE,0,,1,4692.38,Informal / Contractual Worker
ALS_05493,13,MALE,ELEMENTARY,FACE_TO_FACE,1,0,0,5185.26,Informal / Contractual Worker
ALS_04730,30,MALE,JUNIOR_HIGH_SCHOOL,FACE_TO_FACE,0,,1,5748.85,Unemployed / No Income
ALS_06323,16,MALE,JUNIOR_HIGH_SCHOOL,MODULAR,0,,1,5514.96,Self-Employed / Business Owner
ALS_04312,26,MALE,JUNIOR_HIGH_SCHOOL,BLENDED,0,,1,3390.43,Informal / Contractual Worker
ALS_06158,14,FEMALE,JUNIOR_HIGH_SCHOOL,FACE_TO_FACE,0,,1,4760.51,Unemployed / No Income
ALS_02944,33,MALE,BLP,MODULAR,0,,1,2316.84,Unemployed / No Income
ALS_05579,28,FEMALE,JUNIOR_HIGH_SCHOOL,MODULAR,0,0.42,0,7237.87,Self-Employed / Business Owner
ALS_05797,47,MALE,JUNIOR_HIGH_SCHOOL,FACE_TO_FACE,0,,1,13617.06,Other
ALS_04188,51,FEMALE,ELEMENTARY,FACE_TO_FACE,1,,1,10014.78,OFW (Overseas Filipino Worker)
ALS_04081,28,MALE,JUNIOR_HIGH_SCHOOL,FACE_TO_FACE,0,,1,5564.51,Unemployed / No Income
ALS_04893,16,FEMALE,JUNIOR_HIGH_SCHOOL,MODULAR,0,,1,5029.67,Unemployed / No Income
ALS_02912,20,MALE,JUNIOR_HIGH_SCHOOL,FACE_TO_FACE,0,,1,14817.21,Informal / Contractual Worker
ALS_05737,15,FEMALE,JUNIOR_HIGH_SCHOOL,BLENDED,0,,1,4427.6,Informal / Contractual Worker
ALS_02105,18,MALE,JUNIOR_HIGH_SCHOOL,FACE_TO_FACE,1,,1,11727.4,Other
ALS_06414,23,MALE,JUNIOR_HIGH_SCHOOL,FACE_TO_FACE,0,,0,13524.75,Informal / Contractual Worker
ALS_02463,32,MALE,JUNIOR_HIGH_SCHOOL,BLENDED,0,,0,9743.88,Formal Employment
ALS_03301,17,MALE,JUNIOR_HIGH_SCHOOL,BLENDED,1,,1,14350.13,Informal / Contractual Worker
ALS_02906,22,MALE,JUNIOR_HIGH_SCHOOL,MODULAR,0,,1,10679.38,Unemployed / No Income
ALS_02227,21,MALE,JUNIOR_HIGH_SCHOOL,MODULAR,0,,1,7464.41,Informal / Contractual Worker
ALS_05873,31,MALE,JUNIOR_HIGH_SCHOOL,BLENDED,0,,1,10427.87,OFW (Overseas Filipino Worker)
ALS_05488,15,MALE,BLP,FACE_TO_FACE,1,,1,6945.55,Formal Employment
ALS_05600,30,FEMALE,JUNIOR_HIGH_SCHOOL,FACE_TO_FACE,0,,1,12955.26,Self-Employed / Business Owner
ALS_00780,17,MALE,JUNIOR_HIGH_SCHOOL,FACE_TO_FACE,0,2.02,0,13595.71,Informal / Contractual Worker
ALS_03236,52,FEMALE,JUNIOR_HIGH_SCHOOL,MODULAR,1,,1,5374.36,Self-Employed / Business Owner
ALS_00638,16,FEMALE,JUNIOR_HIGH_SCHOOL,FACE_TO_FACE,0,4.54,0,11474.55,Formal Employment
ALS_05727,23,MALE,JUNIOR_HIGH_SCHOOL,FACE_TO_FACE,0,,0,10776.21,Unemployed / No Income
ALS_03212,15,FEMALE,JUNIOR_HIGH_SCHOOL,FACE_TO_FACE,0,,0,10668.42,Informal / Contractual Worker
ALS_02972,20,MALE,JUNIOR_HIGH_SCHOOL,MODULAR,0,,1,18903.67,Informal / Contractual Worker
ALS_06227,15,FEMALE,JUNIOR_HIGH_SCHOOL,FACE_TO_FACE,0,,0,20081.11,Formal Employment
ALS_02419,14,FEMALE,JUNIOR_HIGH_SCHOOL,BLENDED,0,,1,11188.82,Self-Employed / Business Owner
ALS_02939,46,FEMALE,JUNIOR_HIGH_SCHOOL,FACE_TO_FACE,1,,1,6937.57,Unemployed / No Income
ALS_05747,28,MALE,BLP,FACE_TO_FACE,0,,1,13424.49,Self-Employed / Business Owner
ALS_02457,26,MALE,JUNIOR_HIGH_SCHOOL,MODULAR,0,,1,12687.84,Informal / Contractual Worker
ALS_04536,18,MALE,JUNIOR_HIGH_SCHOOL,FACE_TO_FACE,0,,1,6361.91,Informal / Contractual Worker
ALS_03375,16,MALE,ELEMENTARY,FACE_TO_FACE,0,,1,4331.55,Informal / Contractual Worker
ALS_00904,41,FEMALE,JUNIOR_HIGH_SCHOOL,FACE_TO_FACE,0,0,0,10514.27,Formal Employment
ALS_04944,23,MALE,JUNIOR_HIGH_SCHOOL,FACE_TO_FACE,0,,1,3964.71,Formal Employment
ALS_04518,14,FEMALE,JUNIOR_HIGH_SCHOOL,FACE_TO_FACE,1,,1,5271.06,Informal / Contractual Worker
ALS_02564,17,MALE,JUNIOR_HIGH_SCHOOL,FACE_TO_FACE,0,,0,15943.19,Formal Employment
ALS_01735,23,FEMALE,JUNIOR_HIGH_SCHOOL,BLENDED,0,,0,9594.94,Retired / Pensioner
ALS_05330,37,MALE,JUNIOR_HIGH_SCHOOL,MODULAR,0,,1,6619.27,Self-Employed / Business Owner
ALS_06592,35,FEMALE,JUNIOR_HIGH_SCHOOL,MODULAR,0,,1,6905.67,Unemployed / No Income
ALS_06664,14,FEMALE,JUNIOR_HIGH_SCHOOL,FACE_TO_FACE,0,,1,23762.42,Self-Employed / Business Owner
ALS_03759,18,MALE,JUNIOR_HIGH_SCHOOL,FACE_TO_FACE,0,,0,11265.29,Informal / Contractual Worker
ALS_02961,16,MALE,JUNIOR_HIGH_SCHOOL,FACE_TO_FACE,0,,1,7444.69,Informal / Contractual Worker
ALS_04736,33,FEMALE,JUNIOR_HIGH_SCHOOL,FACE_TO_FACE,0,,1,8047.58,Self-Employed / Business Owner
ALS_03304,21,MALE,JUNIOR_HIGH_SCHOOL,MODULAR,1,,1,5641.34,Formal Employment
ALS_02426,18,MALE,ELEMENTARY,FACE_TO_FACE,0,,1,15417.84,Other
ALS_04939,31,MALE,JUNIOR_HIGH_SCHOOL,FACE_TO_FACE,1,,1,3739.84,OFW (Overseas Filipino Worker)
ALS_00434,23,FEMALE,JUNIOR_HIGH_SCHOOL,MODULAR,0,2.06,0,6666.07,Unemployed / No Income
ALS_00252,23,FEMALE,JUNIOR_HIGH_SCHOOL,FACE_TO_FACE,0,0.05,0,4200.13,Formal Employment
ALS_06206,16,MALE,JUNIOR_HIGH_SCHOOL,FACE_TO_FACE,0,,1,8569.46,Self-Employed / Business Owner
ALS_03131,19,FEMALE,JUNIOR_HIGH_SCHOOL,FACE_TO_FACE,0,,0,8911.67,Formal Employment
ALS_05376,16,MALE,JUNIOR_HIGH_SCHOOL,FACE_TO_FACE,0,,1,7246.54,Informal / Contractual Worker
ALS_06334,17,MALE,ELEMENTARY,FACE_TO_FACE,0,,1,7146.18,Unemployed / No Income
ALS_01704,41,FEMALE,JUNIOR_HIGH_SCHOOL,MODULAR,0,,1,7735.39,Retired / Pensioner
ALS_06123,14,FEMALE,JUNIOR_HIGH_SCHOOL,FACE_TO_FACE,0,,1,5719.15,Informal / Contractual Worker
ALS_03515,29,FEMALE,JUNIOR_HIGH_SCHOOL,MODULAR,0,,1,4446.79,Self-Employed / Business Owner
ALS_03934,15,FEMALE,JUNIOR_HIGH_SCHOOL,MODULAR,0,,1,12700.32,Formal Employment
ALS_06930,26,MALE,JUNIOR_HIGH_SCHOOL,FACE_TO_FACE,0,0.42,0,11261.06,Formal Employment
ALS_06671,30,MALE,JUNIOR_HIGH_SCHOOL,BLENDED,0,,1,14899.67,Self-Employed / Business Owner
ALS_04475,20,MALE,JUNIOR_HIGH_SCHOOL,MODULAR,0,,0,8686.07,Unemployed / No Income
ALS_04782,19,MALE,JUNIOR_HIGH_SCHOOL,FACE_TO_FACE,0,,1,10563.34,Self-Employed / Business Owner
ALS_02605,20,FEMALE,JUNIOR_HIGH_SCHOOL,FACE_TO_FACE,1,,1,14178.2,Informal / Contractual Worker
ALS_05547,15,MALE,JUNIOR_HIGH_SCHOOL,MODULAR,0,0.42,0,13739.23,Self-Employed / Business Owner
ALS_01758,27,FEMALE,JUNIOR_HIGH_SCHOOL,BLENDED,1,,1,8272.65,Retired / Pensioner
ALS_02243,38,FEMALE,JUNIOR_HIGH_SCHOOL,MODULAR,0,,0,7505.71,Informal / Contractual Worker
ALS_03757,28,MALE,JUNIOR_HIGH_SCHOOL,FACE_TO_FACE,0,,1,2463.85,Informal / Contractual Worker
ALS_00394,17,FEMALE,JUNIOR_HIGH_SCHOOL,MODULAR,0,1.67,0,5741.36,Informal / Contractual Worker
ALS_04667,32,MALE,JUNIOR_HIGH_SCHOOL,BLENDED,0,,1,4575.18,Informal / Contractual Worker
ALS_03516,18,FEMALE,JUNIOR_HIGH_SCHOOL,MODULAR,0,,1,9667.94,Other
ALS_06127,15,FEMALE,JUNIOR_HIGH_SCHOOL,FACE_TO_FACE,0,,1,2370.57,Retired / Pensioner
ALS_04304,16,MALE,JUNIOR_HIGH_SCHOOL,FACE_TO_FACE,0,,1,8118.22,Informal / Contractual Worker
ALS_03303,23,MALE,JUNIOR_HIGH_SCHOOL,MODULAR,1,,1,8950.8,Informal / Contractual Worker
ALS_02084,30,MALE,JUNIOR_HIGH_SCHOOL,MODULAR,0,,1,8784.77,Formal Employment
ALS_01501,14,MALE,ELEMENTARY,FACE_TO_FACE,0,,0,5532.8,Informal / Contractual Worker
ALS_03237,23,MALE,JUNIOR_HIGH_SCHOOL,FACE_TO_FACE,0,,1,4448.13,Informal / Contractual Worker
ALS_05778,14,FEMALE,ELEMENTARY,FACE_TO_FACE,0,,1,6344.18,Other
ALS_08347,44,MALE,JUNIOR_HIGH_SCHOOL,FACE_TO_FACE,,0,0,14413.28,Self-Employed / Business Owner
ALS_03673,24,FEMALE,JUNIOR_HIGH_SCHOOL,BLENDED,0,,0,7389.01,Self-Employed / Business Owner
ALS_05013,15,MALE,BLP,FACE_TO_FACE,0,,1,6404.2,Retired / Pensioner
ALS_04582,22,MALE,JUNIOR_HIGH_SCHOOL,FACE_TO_FACE,0,,1,8502.38,Self-Employed / Business Owner
ALS_02244,42,FEMALE,JUNIOR_HIGH_SCHOOL,MODULAR,1,,1,6631.62,Informal / Contractual Worker
ALS_00215,15,MALE,JUNIOR_HIGH_SCHOOL,MODULAR,0,0,0,10746.94,Self-Employed / Business Owner
ALS_05715,16,MALE,JUNIOR_HIGH_SCHOOL,MODULAR,0,,1,3190.85,OFW (Overseas Filipino Worker)
ALS_04655,27,MALE,ELEMENTARY,FACE_TO_FACE,0,,1,24436.41,Informal / Contractual Worker
ALS_05021,27,FEMALE,JUNIOR_HIGH_SCHOOL,MODULAR,0,,1,8888.65,Self-Employed / Business Owner
ALS_06593,38,FEMALE,JUNIOR_HIGH_SCHOOL,FACE_TO_FACE,0,,1,6742.61,Self-Employed / Business Owner
ALS_04057,23,FEMALE,JUNIOR_HIGH_SCHOOL,BLENDED,0,,0,5664.66,Informal / Contractual Worker
ALS_04858,16,FEMALE,JUNIOR_HIGH_SCHOOL,MODULAR,0,,0,7229.02,Unemployed / No Income
ALS_00715,53,FEMALE,JUNIOR_HIGH_SCHOOL,MODULAR,0,0,0,10556.01,Informal / Contractual Worker
ALS_04353,18,MALE,JUNIOR_HIGH_SCHOOL,FACE_TO_FACE,1,,0,17294.47,Unemployed / No Income
ALS_01762,31,FEMALE,JUNIOR_HIGH_SCHOOL,FACE_TO_FACE,1,,1,5809.04,Unemployed / No Income
ALS_00110,22,MALE,JUNIOR_HIGH_SCHOOL,FACE_TO_FACE,0,0,0,6572.79,Informal / Contractual Worker
ALS_01706,23,MALE,JUNIOR_HIGH_SCHOOL,FACE_TO_FACE,1,,1,11005.8,Unemployed / No Income
ALS_03811,61,FEMALE,JUNIOR_HIGH_SCHOOL,FACE_TO_FACE,0,,0,5523.5,OFW (Overseas Filipino Worker)
ALS_02921,15,FEMALE,JUNIOR_HIGH_SCHOOL,BLENDED,0,,0,10540.78,Formal Employment
ALS_00057,24,MALE,JUNIOR_HIGH_SCHOOL,MODULAR,0,0,0,11347.79,Unemployed / No Income
ALS_05422,17,MALE,JUNIOR_HIGH_SCHOOL,FACE_TO_FACE,0,,1,8396.6,OFW (Overseas Filipino Worker)
ALS_00965,27,MALE,JUNIOR_HIGH_SCHOOL,FACE_TO_FACE,0,4.21,0,8705.02,Informal / Contractual Worker
ALS_03988,16,MALE,JUNIOR_HIGH_SCHOOL,FACE_TO_FACE,0,,0,18304.54,Formal Employment
ALS_03892,42,FEMALE,JUNIOR_HIGH_SCHOOL,FACE_TO_FACE,0,,0,4877.48,Other
ALS_05140,50,FEMALE,JUNIOR_HIGH_SCHOOL,FACE_TO_FACE,0,,1,9367.05,Unemployed / No Income
ALS_04680,17,MALE,JUNIOR_HIGH_SCHOOL,FACE_TO_FACE,0,,1,3598.75,Unemployed / No Income
ALS_03491,27,FEMALE,JUNIOR_HIGH_SCHOOL,MODULAR,0,0.42,0,7293.05,OFW (Overseas Filipino Worker)
ALS_04997,20,FEMALE,JUNIOR_HIGH_SCHOOL,FACE_TO_FACE,0,,1,2700.74,Informal / Contractual Worker
ALS_01445,21,FEMALE,JUNIOR_HIGH_SCHOOL,MODULAR,1,,0,10563.43,Informal / Contractual Worker
ALS_06168,29,FEMALE,JUNIOR_HIGH_SCHOOL,FACE_TO_FACE,0,,0,7116.01,Self-Employed / Business Owner
ALS_02074,24,MALE,ELEMENTARY,FACE_TO_FACE,1,,1,14649.57,Informal / Contractual Worker
ALS_02379,39,MALE,JUNIOR_HIGH_SCHOOL,MODULAR,0,,1,8416.71,Unemployed / No Income
ALS_06211,15,MALE,JUNIOR_HIGH_SCHOOL,FACE_TO_FACE,0,,0,12274.85,OFW (Overseas Filipino Worker)
ALS_00996,15,FEMALE,JUNIOR_HIGH_SCHOOL,BLENDED,1,0,1,8696.7,Self-Employed / Business Owner
ALS_02885,16,MALE,JUNIOR_HIGH_SCHOOL,FACE_TO_FACE,0,,1,13483.11,Unemployed / No Income
ALS_02063,28,MALE,JUNIOR_HIGH_SCHOOL,MODULAR,1,,1,6232.86,Formal Employment
ALS_04602,27,MALE,JUNIOR_HIGH_SCHOOL,FACE_TO_FACE,0,,1,9699.57,Informal / Contractual Worker
ALS_00383,25,MALE,JUNIOR_HIGH_SCHOOL,FACE_TO_FACE,0,1.39,0,10573.85,Self-Employed / Business Owner
ALS_04908,18,MALE,JUNIOR_HIGH_SCHOOL,FACE_TO_FACE,0,,1,3087.76,Self-Employed / Business Owner
ALS_04296,17,FEMALE,JUNIOR_HIGH_SCHOOL,FACE_TO_FACE,0,,1,7208.12,Informal / Contractual Worker
ALS_05343,42,MALE,JUNIOR_HIGH_SCHOOL,MODULAR,1,,0,9429.75,Informal / Contractual Worker
ALS_00861,34,FEMALE,JUNIOR_HIGH_SCHOOL,MODULAR,0,0,0,31216.94,Other
ALS_03906,50,FEMALE,JUNIOR_HIGH_SCHOOL,MODULAR,0,,0,6750.97,Informal / Contractual Worker
ALS_00048,24,MALE,JUNIOR_HIGH_SCHOOL,MODULAR,0,0.995,0,9371.93,Other
ALS_02448,18,FEMALE,JUNIOR_HIGH_SCHOOL,MODULAR,0,,1,7259.39,Informal / Contractual Worker
ALS_03139,23,FEMALE,JUNIOR_HIGH_SCHOOL,FACE_TO_FACE,1,,1,12345.26,Other
ALS_01698,28,FEMALE,JUNIOR_HIGH_SCHOOL,BLENDED,1,,1,6035.43,Self-Employed / Business Owner
ALS_04235,21,FEMALE,JUNIOR_HIGH_SCHOOL,MODULAR,0,,1,21147.92,Formal Employment
ALS_06506,40,FEMALE,ELEMENTARY,BLENDED,0,,1,2107.46,Informal / Contractual Worker
ALS_01783,55,FEMALE,JUNIOR_HIGH_SCHOOL,MODULAR,0,,1,12880.02,Self-Employed / Business Owner
ALS_03261,15,FEMALE,JUNIOR_HIGH_SCHOOL,MODULAR,0,,0,13145.79,Formal Employment
ALS_00783,44,MALE,JUNIOR_HIGH_SCHOOL,FACE_TO_FACE,0,12.23,0,7517.66,Formal Employment
ALS_02854,19,FEMALE,ELEMENTARY,FACE_TO_FACE,0,,1,3139.06,Self-Employed / Business Owner
ALS_02838,21,FEMALE,JUNIOR_HIGH_SCHOOL,FACE_TO_FACE,0,,1,12362.4,Formal Employment
ALS_04367,27,MALE,JUNIOR_HIGH_SCHOOL,FACE_TO_FACE,1,,0,11210.42,Self-Employed / Business Owner
ALS_06746,15,MALE,JUNIOR_HIGH_SCHOOL,FACE_TO_FACE,0,,1,11237.95,Self-Employed / Business Owner
ALS_05999,17,MALE,JUNIOR_HIGH_SCHOOL,MODULAR,0,,1,5448.24,Informal / Contractual Worker
ALS_05759,14,MALE,JUNIOR_HIGH_SCHOOL,FACE_TO_FACE,0,,1,6244.71,Unemployed / No Income
ALS_04797,15,MALE,JUNIOR_HIGH_SCHOOL,FACE_TO_FACE,0,,1,6644.53,Formal Employment
ALS_01921,28,MALE,JUNIOR_HIGH_SCHOOL,FACE_TO_FACE,0,,0,15494.38,Self-Employed / Business Owner
ALS_01802,12,MALE,BLP,FACE_TO_FACE,1,,1,11200.26,Informal / Contractual Worker
ALS_05472,15,MALE,JUNIOR_HIGH_SCHOOL,FACE_TO_FACE,0,,1,5838.87,Retired / Pensioner
ALS_02617,38,MALE,JUNIOR_HIGH_SCHOOL,MODULAR,1,,0,11627.09,OFW (Overseas Filipino Worker)
ALS_02791,15,MALE,JUNIOR_HIGH_SCHOOL,FACE_TO_FACE,0,,1,8969.2,Informal / Contractual Worker
ALS_00630,18,MALE,JUNIOR_HIGH_SCHOOL,FACE_TO_FACE,0,1.5,0,14734.14,Retired / Pensioner
ALS_01820,21,FEMALE,JUNIOR_HIGH_SCHOOL,FACE_TO_FACE,1,,1,7917.83,Retired / Pensioner
ALS_03043,42,MALE,JUNIOR_HIGH_SCHOOL,FACE_TO_FACE,1,,1,10517.49,OFW (Overseas Filipino Worker)
ALS_03170,20,MALE,JUNIOR_HIGH_SCHOOL,FACE_TO_FACE,0,,0,8909.51,Informal / Contractual Worker
ALS_00950,30,MALE,JUNIOR_HIGH_SCHOOL,FACE_TO_FACE,0,0,0,9378.64,Informal / Contractual Worker
ALS_06947,25,FEMALE,JUNIOR_HIGH_SCHOOL,BLENDED,1,,1,8360.91,Formal Employment
ALS_05142,18,FEMALE,JUNIOR_HIGH_SCHOOL,MODULAR,0,,0,25068.25,OFW (Overseas Filipino Worker)
ALS_03447,33,MALE,JUNIOR_HIGH_SCHOOL,FACE_TO_FACE,0,,1,9520.31,Informal / Contractual Worker
ALS_03430,21,MALE,JUNIOR_HIGH_SCHOOL,MODULAR,0,,1,11002.4,Informal / Contractual Worker
ALS_06521,25,FEMALE,JUNIOR_HIGH_SCHOOL,FACE_TO_FACE,0,,0,13060.65,Informal / Contractual Worker
ALS_05724,15,FEMALE,JUNIOR_HIGH_SCHOOL,FACE_TO_FACE,0,5.25,0,16308.32,Informal / Contractual Worker
ALS_04507,29,MALE,JUNIOR_HIGH_SCHOOL,MODULAR,1,,0,7869.09,OFW (Overseas Filipino Worker)
ALS_05010,27,FEMALE,ELEMENTARY,FACE_TO_FACE,0,,1,10842.82,OFW (Overseas Filipino Worker)
ALS_05867,16,MALE,JUNIOR_HIGH_SCHOOL,BLENDED,0,,1,10671.28,Informal / Contractual Worker
ALS_01465,16,FEMALE,JUNIOR_HIGH_SCHOOL,FACE_TO_FACE,0,,1,6997.59,OFW (Overseas Filipino Worker)
ALS_06050,14,MALE,JUNIOR_HIGH_SCHOOL,FACE_TO_FACE,0,,1,7285.82,Informal / Contractual Worker
ALS_02963,15,MALE,JUNIOR_HIGH_SCHOOL,MODULAR,0,,1,5272.15,Formal Employment
ALS_04333,30,FEMALE,JUNIOR_HIGH_SCHOOL,FACE_TO_FACE,0,,1,10389.58,Formal Employment
ALS_02337,25,MALE,JUNIOR_HIGH_SCHOOL,FACE_TO_FACE,0,,1,4778.52,Self-Employed / Business Owner
ALS_04144,16,FEMALE,JUNIOR_HIGH_SCHOOL,FACE_TO_FACE,0,,1,6803.92,Self-Employed / Business Owner
ALS_02822,18,MALE,JUNIOR_HIGH_SCHOOL,FACE_TO_FACE,0,,1,7277.8,Self-Employed / Business Owner
ALS_04510,32,FEMALE,JUNIOR_HIGH_SCHOOL,FACE_TO_FACE,1,,0,9570.61,OFW (Overseas Filipino Worker)
ALS_06645,15,MALE,JUNIOR_HIGH_SCHOOL,BLENDED,0,,1,10124.79,Informal / Contractual Worker
ALS_04022,15,MALE,JUNIOR_HIGH_SCHOOL,MODULAR,0,,1,9730.58,Informal / Contractual Worker
ALS_03643,19,MALE,JUNIOR_HIGH_SCHOOL,FACE_TO_FACE,0,,0,17836.21,Informal / Contractual Worker
ALS_06392,18,MALE,JUNIOR_HIGH_SCHOOL,FACE_TO_FACE,0,,0,11011.89,OFW (Overseas Filipino Worker)
ALS_03997,15,MALE,ELEMENTARY,FACE_TO_FACE,1,,1,10820.2,Unemployed / No Income
ALS_02032,16,FEMALE,JUNIOR_HIGH_SCHOOL,BLENDED,0,,1,8459.99,Other
ALS_03232,31,FEMALE,JUNIOR_HIGH_SCHOOL,MODULAR,0,,1,3890.42,Self-Employed / Business Owner
ALS_02847,29,FEMALE,JUNIOR_HIGH_SCHOOL,FACE_TO_FACE,0,,1,6003.57,Self-Employed / Business Owner
ALS_04189,21,FEMALE,JUNIOR_HIGH_SCHOOL,MODULAR,0,,0,6040.39,Formal Employment
ALS_02958,23,FEMALE,JUNIOR_HIGH_SCHOOL,MODULAR,0,,1,8309.27,Formal Employment
ALS_02656,20,MALE,JUNIOR_HIGH_SCHOOL,BLENDED,0,,0,7050.03,OFW (Overseas Filipino Worker)
ALS_03752,17,FEMALE,JUNIOR_HIGH_SCHOOL,FACE_TO_FACE,0,,1,9136.6,Other
ALS_04800,16,MALE,JUNIOR_HIGH_SCHOOL,FACE_TO_FACE,0,,1,5255.06,Unemployed / No Income
ALS_03942,25,MALE,JUNIOR_HIGH_SCHOOL,FACE_TO_FACE,1,,1,5644.76,Informal / Contractual Worker
ALS_02506,19,MALE,JUNIOR_HIGH_SCHOOL,MODULAR,0,,1,7240.12,Other
ALS_02422,32,MALE,JUNIOR_HIGH_SCHOOL,MODULAR,0,,1,4279.71,Self-Employed / Business Owner
ALS_00758,18,FEMALE,JUNIOR_HIGH_SCHOOL,FACE_TO_FACE,0,0,0,10254.04,Informal / Contractual Worker
ALS_06539,17,FEMALE,JUNIOR_HIGH_SCHOOL,FACE_TO_FACE,0,0,0,21427.98,Informal / Contractual Worker
ALS_06655,12,FEMALE,ELEMENTARY,BLENDED,0,,1,6996.41,Informal / Contractual Worker
ALS_06000,21,MALE,ELEMENTARY,BLENDED,0,,1,13232.69,Informal / Contractual Worker
ALS_03723,27,FEMALE,JUNIOR_HIGH_SCHOOL,MODULAR,0,,1,4153.89,Self-Employed / Business Owner
ALS_05578,16,FEMALE,JUNIOR_HIGH_SCHOOL,MODULAR,0,0.42,0,13449.53,OFW (Overseas Filipino Worker)
ALS_03921,20,MALE,ELEMENTARY,MODULAR,0,,1,3900.74,Informal / Contractual Worker
ALS_04856,24,FEMALE,ELEMENTARY,FACE_TO_FACE,0,,0,7506.24,Formal Employment
ALS_02387,20,MALE,JUNIOR_HIGH_SCHOOL,MODULAR,1,,1,12625.86,Retired / Pensioner
ALS_03987,39,MALE,JUNIOR_HIGH_SCHOOL,BLENDED,0,,0,10502.41,Informal / Contractual Worker
ALS_03077,20,MALE,JUNIOR_HIGH_SCHOOL,FACE_TO_FACE,0,,1,7060.03,Unemployed / No Income
ALS_06041,16,MALE,JUNIOR_HIGH_SCHOOL,FACE_TO_FACE,0,,1,16641.94,Informal / Contractual Worker
ALS_03406,17,MALE,JUNIOR_HIGH_SCHOOL,MODULAR,1,,1,3935.37,OFW (Overseas Filipino Worker)
ALS_05543,19,MALE,JUNIOR_HIGH_SCHOOL,FACE_TO_FACE,0,0.42,1,12438.8,Unemployed / No Income
ALS_01737,29,FEMALE,JUNIOR_HIGH_SCHOOL,FACE_TO_FACE,1,,1,8730.76,Informal / Contractual Worker
ALS_01255,34,MALE,JUNIOR_HIGH_SCHOOL,FACE_TO_FACE,0,,1,4241.98,Unemployed / No Income
ALS_06273,16,MALE,JUNIOR_HIGH_SCHOOL,MODULAR,0,,1,9109.45,Retired / Pensioner
ALS_03221,16,MALE,JUNIOR_HIGH_SCHOOL,FACE_TO_FACE,0,,0,10902.86,Self-Employed / Business Owner
ALS_03580,24,MALE,JUNIOR_HIGH_SCHOOL,MODULAR,0,,0,4988.78,OFW (Overseas Filipino Worker)
ALS_06618,43,FEMALE,JUNIOR_HIGH_SCHOOL,MODULAR,0,,1,22314.9,Informal / Contractual Worker
ALS_02478,19,MALE,JUNIOR_HIGH_SCHOOL,FACE_TO_FACE,0,,1,11677.05,Informal / Contractual Worker
ALS_03557,42,FEMALE,JUNIOR_HIGH_SCHOOL,MODULAR,0,,1,8513.45,Informal / Contractual Worker
ALS_03648,18,MALE,JUNIOR_HIGH_SCHOOL,FACE_TO_FACE,1,,1,6433.06,Informal / Contractual Worker
ALS_02594,17,MALE,BLP,FACE_TO_FACE,0,,1,4016.97,Informal / Contractual Worker
ALS_05981,32,FEMALE,JUNIOR_HIGH_SCHOOL,FACE_TO_FACE,0,,0,10441.13,Self-Employed / Business Owner
ALS_03132,20,FEMALE,JUNIOR_HIGH_SCHOOL,FACE_TO_FACE,0,,0,9054.86,Unemployed / No Income
ALS_03417,15,MALE,JUNIOR_HIGH_SCHOOL,BLENDED,0,,1,3978.15,Unemployed / No Income
ALS_00719,17,MALE,JUNIOR_HIGH_SCHOOL,MODULAR,0,0,0,9907.2,Formal Employment
ALS_00514,54,FEMALE,JUNIOR_HIGH_SCHOOL,BLENDED,0,2.93,0,7088.36,Self-Employed / Business Owner
ALS_05885,16,MALE,JUNIOR_HIGH_SCHOOL,BLENDED,0,,1,6333.19,Informal / Contractual Worker
ALS_03729,30,FEMALE,JUNIOR_HIGH_SCHOOL,BLENDED,0,0.42,0,12555.95,Informal / Contractual Worker
ALS_02090,17,FEMALE,JUNIOR_HIGH_SCHOOL,BLENDED,1,,1,11888.38,Unemployed / No Income
ALS_04612,23,FEMALE,JUNIOR_HIGH_SCHOOL,FACE_TO_FACE,0,,1,7056.17,Informal / Contractual Worker
ALS_03187,18,MALE,ELEMENTARY,MODULAR,1,,0,8808.02,Other
ALS_03307,24,MALE,JUNIOR_HIGH_SCHOOL,MODULAR,1,,1,17289.09,Other
ALS_01334,36,FEMALE,JUNIOR_HIGH_SCHOOL,MODULAR,0,,1,4809.5,Self-Employed / Business Owner
ALS_02853,23,FEMALE,JUNIOR_HIGH_SCHOOL,FACE_TO_FACE,0,,1,4506.83,Self-Employed / Business Owner
ALS_06281,16,FEMALE,JUNIOR_HIGH_SCHOOL,FACE_TO_FACE,0,,1,7927.32,Informal / Contractual Worker
ALS_03284,27,FEMALE,JUNIOR_HIGH_SCHOOL,MODULAR,0,,0,7491.52,Informal / Contractual Worker
ALS_00759,14,FEMALE,JUNIOR_HIGH_SCHOOL,BLENDED,0,0,0,24431.88,Self-Employed / Business Owner
ALS_02966,29,MALE,JUNIOR_HIGH_SCHOOL,MODULAR,0,,1,7387.52,Informal / Contractual Worker
ALS_02329,31,MALE,ELEMENTARY,MODULAR,1,,0,8966.53,Formal Employment
ALS_00974,32,FEMALE,JUNIOR_HIGH_SCHOOL,FACE_TO_FACE,0,0,0,5739.79,Other
ALS_05125,32,MALE,BLP,MODULAR,0,,1,16364.89,Informal / Contractual Worker
ALS_01057,19,MALE,JUNIOR_HIGH_SCHOOL,MODULAR,0,1.98,0,18383.87,Formal Employment
ALS_06066,15,MALE,JUNIOR_HIGH_SCHOOL,MODULAR,0,,1,10605.72,Self-Employed / Business Owner
ALS_02654,31,MALE,JUNIOR_HIGH_SCHOOL,BLENDED,0,,0,20035.06,OFW (Overseas Filipino Worker)
ALS_06322,16,MALE,JUNIOR_HIGH_SCHOOL,MODULAR,0,,1,7870.9,Formal Employment
ALS_05622,19,MALE,JUNIOR_HIGH_SCHOOL,MODULAR,0,,1,5271.98,Unemployed / No Income
ALS_02964,19,FEMALE,JUNIOR_HIGH_SCHOOL,MODULAR,0,,1,10828.67,Unemployed / No Income
ALS_00726,16,FEMALE,JUNIOR_HIGH_SCHOOL,FACE_TO_FACE,0,0,0,6873.25,Unemployed / No Income
ALS_04221,39,MALE,JUNIOR_HIGH_SCHOOL,BLENDED,0,,1,25492.41,Self-Employed / Business Owner
ALS_04685,15,FEMALE,BLP,FACE_TO_FACE,0,,0,8730.25,Formal Employment
ALS_00072,45,FEMALE,JUNIOR_HIGH_SCHOOL,BLENDED,0,0.05,0,9785.11,Informal / Contractual Worker
ALS_04270,14,MALE,JUNIOR_HIGH_SCHOOL,MODULAR,0,,1,8118.22,Unemployed / No Income
ALS_00439,18,MALE,JUNIOR_HIGH_SCHOOL,MODULAR,0,,0,8844.75,Self-Employed / Business Owner
ALS_06560,15,MALE,JUNIOR_HIGH_SCHOOL,FACE_TO_FACE,0,,0,5682.08,Formal Employment
ALS_00889,23,MALE,JUNIOR_HIGH_SCHOOL,BLENDED,0,5.05,0,6516.01,Formal Employment
ALS_02855,20,FEMALE,JUNIOR_HIGH_SCHOOL,FACE_TO_FACE,0,,1,4140.94,Informal / Contractual Worker
ALS_03677,36,FEMALE,JUNIOR_HIGH_SCHOOL,FACE_TO_FACE,0,,1,3545.61,Retired / Pensioner
ALS_03579,23,MALE,JUNIOR_HIGH_SCHOOL,MODULAR,0,,0,27727.47,Formal Employment
ALS_04765,23,FEMALE,JUNIOR_HIGH_SCHOOL,FACE_TO_FACE,0,,0,8045.03,Formal Employment
ALS_07486,15,FEMALE,JUNIOR_HIGH_SCHOOL,FACE_TO_FACE,0,12.26,0,8328.07,Self-Employed / Business Owner
ALS_02703,26,FEMALE,JUNIOR_HIGH_SCHOOL,BLENDED,0,,0,14981.15,Self-Employed / Business Owner
ALS_03908,21,MALE,JUNIOR_HIGH_SCHOOL,MODULAR,0,,0,8518.29,Informal / Contractual Worker
ALS_02840,18,FEMALE,JUNIOR_HIGH_SCHOOL,FACE_TO_FACE,0,,1,6484.66,Formal Employment
ALS_04904,22,MALE,JUNIOR_HIGH_SCHOOL,FACE_TO_FACE,0,,1,8575.76,Informal / Contractual Worker
ALS_04611,20,FEMALE,JUNIOR_HIGH_SCHOOL,MODULAR,0,,1,5439.86,Unemployed / No Income
ALS_02665,16,MALE,JUNIOR_HIGH_SCHOOL,MODULAR,0,,1,6172.88,Self-Employed / Business Owner
ALS_04257,26,MALE,JUNIOR_HIGH_SCHOOL,MODULAR,0,,1,6093.48,Unemployed / No Income
ALS_00918,33,FEMALE,JUNIOR_HIGH_SCHOOL,BLENDED,0,,0,7817.66,Retired / Pensioner
ALS_03191,19,MALE,JUNIOR_HIGH_SCHOOL,FACE_TO_FACE,0,,0,6596.14,Retired / Pensioner
ALS_02104,15,FEMALE,JUNIOR_HIGH_SCHOOL,FACE_TO_FACE,1,,1,14633.26,Informal / Contractual Worker
ALS_05817,18,MALE,JUNIOR_HIGH_SCHOOL,FACE_TO_FACE,0,,1,4118.56,Informal / Contractual Worker
ALS_06675,16,MALE,JUNIOR_HIGH_SCHOOL,FACE_TO_FACE,0,,0,13420.97,Self-Employed / Business Owner
ALS_06646,16,MALE,JUNIOR_HIGH_SCHOOL,BLENDED,0,,1,6075.78,Self-Employed / Business Owner
ALS_06049,15,MALE,JUNIOR_HIGH_SCHOOL,FACE_TO_FACE,0,,1,13172.7,Unemployed / No Income
ALS_00069,20,MALE,JUNIOR_HIGH_SCHOOL,MODULAR,0,13.09,0,11574.43,Other
ALS_02531,58,FEMALE,JUNIOR_HIGH_SCHOOL,MODULAR,1,,1,16352.54,Unemployed / No Income
ALS_00931,19,MALE,JUNIOR_HIGH_SCHOOL,BLENDED,0,12.77,0,17480.39,Informal / Contractual Worker
ALS_06314,16,MALE,JUNIOR_HIGH_SCHOOL,FACE_TO_FACE,0,,1,5786.72,Retired / Pensioner
ALS_06201,17,FEMALE,JUNIOR_HIGH_SCHOOL,FACE_TO_FACE,0,,1,7097.77,Formal Employment
ALS_02287,27,MALE,ELEMENTARY,FACE_TO_FACE,0,,1,19560.98,Self-Employed / Business Owner
ALS_05621,15,MALE,JUNIOR_HIGH_SCHOOL,MODULAR,0,,0,8712.52,Other
ALS_03564,20,FEMALE,JUNIOR_HIGH_SCHOOL,FACE_TO_FACE,0,,0,18966.94,Formal Employment
ALS_05373,16,MALE,JUNIOR_HIGH_SCHOOL,FACE_TO_FACE,0,,1,14731.46,Informal / Contractual Worker
ALS_02557,47,FEMALE,ELEMENTARY,BLENDED,1,,1,5235.06,Informal / Contractual Worker
ALS_03764,16,FEMALE,JUNIOR_HIGH_SCHOOL,FACE_TO_FACE,1,,0,11303.36,Informal / Contractual Worker
ALS_00760,41,FEMALE,JUNIOR_HIGH_SCHOOL,BLENDED,0,0,0,8314.97,Formal Employment
ALS_06612,16,MALE,JUNIOR_HIGH_SCHOOL,FACE_TO_FACE,0,,0,12971.13,Self-Employed / Business Owner
ALS_05055,13,FEMALE,ELEMENTARY,FACE_TO_FACE,0,,1,4840.59,Unemployed / No Income
ALS_02495,17,MALE,JUNIOR_HIGH_SCHOOL,MODULAR,0,,1,8328.71,Unemployed / No Income
ALS_05876,30,MALE,JUNIOR_HIGH_SCHOOL,MODULAR,0,,1,4989.91,Unemployed / No Income
ALS_03195,17,FEMALE,JUNIOR_HIGH_SCHOOL,FACE_TO_FACE,0,,0,12345.97,Formal Employment
ALS_03241,19,FEMALE,JUNIOR_HIGH_SCHOOL,MODULAR,1,,1,6371.06,Informal / Contractual Worker
ALS_00196,16,MALE,JUNIOR_HIGH_SCHOOL,FACE_TO_FACE,1,0,0,11957.33,Other
ALS_05210,20,MALE,JUNIOR_HIGH_SCHOOL,FACE_TO_FACE,0,,1,9328.43,Informal / Contractual Worker
ALS_03332,44,MALE,JUNIOR_HIGH_SCHOOL,MODULAR,1,,1,3467.85,Informal / Contractual Worker
ALS_05437,55,FEMALE,JUNIOR_HIGH_SCHOOL,FACE_TO_FACE,0,,0,7522.35,Formal Employment
ALS_03480,26,MALE,JUNIOR_HIGH_SCHOOL,BLENDED,0,,1,8902.86,Other
ALS_05284,17,FEMALE,JUNIOR_HIGH_SCHOOL,MODULAR,0,,1,9901.12,Self-Employed / Business Owner
ALS_05792,27,MALE,JUNIOR_HIGH_SCHOOL,BLENDED,0,,0,10096.78,Self-Employed / Business Owner
ALS_04499,18,MALE,JUNIOR_HIGH_SCHOOL,FACE_TO_FACE,0,,1,7010.04,Self-Employed / Business Owner
ALS_02945,13,MALE,ELEMENTARY,FACE_TO_FACE,0,,1,11846.72,Unemployed / No Income
ALS_00294,19,MALE,JUNIOR_HIGH_SCHOOL,FACE_TO_FACE,0,8.96,0,9672.78,OFW (Overseas Filipino Worker)
ALS_04691,22,MALE,JUNIOR_HIGH_SCHOOL,FACE_TO_FACE,0,,1,5727.82,Retired / Pensioner
ALS_04483,41,MALE,JUNIOR_HIGH_SCHOOL,MODULAR,0,,1,6788.92,Formal Employment
ALS_03057,23,MALE,JUNIOR_HIGH_SCHOOL,FACE_TO_FACE,0,,0,14687.18,Self-Employed / Business Owner
ALS_02951,18,FEMALE,JUNIOR_HIGH_SCHOOL,FACE_TO_FACE,0,,0,18831.39,Informal / Contractual Worker
ALS_02743,20,MALE,JUNIOR_HIGH_SCHOOL,FACE_TO_FACE,0,,1,3217.1,Formal Employment
ALS_04887,16,FEMALE,JUNIOR_HIGH_SCHOOL,FACE_TO_FACE,0,,1,2000,OFW (Overseas Filipino Worker)
ALS_05316,17,MALE,JUNIOR_HIGH_SCHOOL,MODULAR,1,,1,4514.98,Formal Employment
ALS_04666,25,MALE,ELEMENTARY,FACE_TO_FACE,0,,1,7439.08,Unemployed / No Income
ALS_03134,39,FEMALE,JUNIOR_HIGH_SCHOOL,FACE_TO_FACE,1,0.42,1,7693.91,Self-Employed / Business Owner
ALS_00532,16,MALE,JUNIOR_HIGH_SCHOOL,MODULAR,0,1.5,0,15363.33,Formal Employment
ALS_04620,25,MALE,JUNIOR_HIGH_SCHOOL,FACE_TO_FACE,1,,1,6623.37,Informal / Contractual Worker
ALS_04034,14,MALE,JUNIOR_HIGH_SCHOOL,FACE_TO_FACE,0,,0,14791.95,Retired / Pensioner
ALS_00771,54,FEMALE,JUNIOR_HIGH_SCHOOL,FACE_TO_FACE,0,0,0,17374.54,Formal Employment
ALS_03324,18,MALE,JUNIOR_HIGH_SCHOOL,BLENDED,1,,1,6634.6,Informal / Contractual Worker
ALS_02752,17,MALE,JUNIOR_HIGH_SCHOOL,FACE_TO_FACE,0,,1,7229.28,Self-Employed / Business Owner
ALS_01916,31,MALE,JUNIOR_HIGH_SCHOOL,BLENDED,0,,0,18412.14,Informal / Contractual Worker
ALS_04231,29,MALE,JUNIOR_HIGH_SCHOOL,FACE_TO_FACE,0,,1,7803.79,Formal Employment
ALS_03575,16,FEMALE,JUNIOR_HIGH_SCHOOL,FACE_TO_FACE,0,,1,5227.31,OFW (Overseas Filipino Worker)
ALS_04663,31,MALE,JUNIOR_HIGH_SCHOOL,BLENDED,0,,1,3470.84,Unemployed / No Income
ALS_00289,15,FEMALE,JUNIOR_HIGH_SCHOOL,FACE_TO_FACE,1,1.44,1,10371.2,Informal / Contractual Worker
ALS_06491,17,MALE,JUNIOR_HIGH_SCHOOL,FACE_TO_FACE,0,,1,3932.01,Unemployed / No Income
ALS_05000,19,MALE,JUNIOR_HIGH_SCHOOL,FACE_TO_FACE,1,,1,15849.18,Informal / Contractual Worker
ALS_00120,21,FEMALE,JUNIOR_HIGH_SCHOOL,FACE_TO_FACE,0,0.05,1,4485.06,Self-Employed / Business Owner
ALS_01931,33,FEMALE,JUNIOR_HIGH_SCHOOL,MODULAR,0,,1,6349.35,Unemployed / No Income
ALS_02097,37,MALE,JUNIOR_HIGH_SCHOOL,FACE_TO_FACE,0,,1,11991.2,Informal / Contractual Worker
ALS_01157,37,MALE,JUNIOR_HIGH_SCHOOL,FACE_TO_FACE,0,,0,8877.66,Unemployed / No Income
ALS_05267,20,MALE,BLP,FACE_TO_FACE,0,,1,5995.51,Other
ALS_04867,23,MALE,JUNIOR_HIGH_SCHOOL,FACE_TO_FACE,0,,1,4188.1,Self-Employed / Business Owner
ALS_02083,30,MALE,JUNIOR_HIGH_SCHOOL,FACE_TO_FACE,0,,1,6861.25,Informal / Contractual Worker
ALS_05445,19,FEMALE,JUNIOR_HIGH_SCHOOL,MODULAR,0,,0,6260.69,Unemployed / No Income
ALS_06137,31,FEMALE,JUNIOR_HIGH_SCHOOL,FACE_TO_FACE,0,,1,11804.54,Other
ALS_02580,18,MALE,JUNIOR_HIGH_SCHOOL,FACE_TO_FACE,0,,0,11370.48,Informal / Contractual Worker
ALS_02805,23,MALE,JUNIOR_HIGH_SCHOOL,FACE_TO_FACE,0,,1,7467.86,Informal / Contractual Worker
ALS_02112,33,MALE,JUNIOR_HIGH_SCHOOL,MODULAR,1,,1,6880.85,Unemployed / No Income
ALS_04114,24,MALE,JUNIOR_HIGH_SCHOOL,FACE_TO_FACE,0,,1,7090.06,Unemployed / No Income
ALS_05908,18,MALE,BLP,FACE_TO_FACE,0,,1,13999.48,Informal / Contractual Worker
ALS_05496,18,FEMALE,JUNIOR_HIGH_SCHOOL,FACE_TO_FACE,0,,0,20868.59,Unemployed / No Income
ALS_04557,15,MALE,JUNIOR_HIGH_SCHOOL,FACE_TO_FACE,0,,1,4001.13,Informal / Contractual Worker
ALS_05075,15,FEMALE,JUNIOR_HIGH_SCHOOL,FACE_TO_FACE,0,,1,8642.51,Informal / Contractual Worker
ALS_01050,25,FEMALE,JUNIOR_HIGH_SCHOOL,FACE_TO_FACE,0,1.3,0,6019.27,Formal Employment
ALS_03082,25,MALE,JUNIOR_HIGH_SCHOOL,MODULAR,1,0.42,1,24589.09,Self-Employed / Business Owner
ALS_01196,18,FEMALE,JUNIOR_HIGH_SCHOOL,MODULAR,0,,0,6877.23,Self-Employed / Business Owner
ALS_00404,18,MALE,JUNIOR_HIGH_SCHOOL,FACE_TO_FACE,0,0,0,10882.88,Formal Employment
ALS_06642,17,MALE,JUNIOR_HIGH_SCHOOL,BLENDED,0,,1,7543.88,Informal / Contractual Worker
ALS_03714,19,MALE,JUNIOR_HIGH_SCHOOL,BLENDED,0,0.42,0,8251.04,Self-Employed / Business Owner
ALS_03352,24,FEMALE,JUNIOR_HIGH_SCHOOL,MODULAR,0,1.28,0,16554.59,Self-Employed / Business Owner
ALS_05721,37,FEMALE,ELEMENTARY,FACE_TO_FACE,0,,1,11310.73,Unemployed / No Income
ALS_02240,29,FEMALE,JUNIOR_HIGH_SCHOOL,MODULAR,1,,0,10971.22,Informal / Contractual Worker
ALS_01843,25,MALE,JUNIOR_HIGH_SCHOOL,MODULAR,0,,1,5288.94,Informal / Contractual Worker
ALS_03468,23,FEMALE,JUNIOR_HIGH_SCHOOL,BLENDED,1,,1,5775.07,Informal / Contractual Worker
ALS_04089,56,FEMALE,JUNIOR_HIGH_SCHOOL,FACE_TO_FACE,1,,1,7813.28,Informal / Contractual Worker
ALS_04341,27,FEMALE,JUNIOR_HIGH_SCHOOL,BLENDED,0,,1,7214.78,Informal / Contractual Worker
ALS_03933,16,FEMALE,JUNIOR_HIGH_SCHOOL,MODULAR,1,,1,4652.58,Unemployed / No Income
ALS_02302,22,MALE,BLP,MODULAR,0,,1,11254.64,Formal Employment
ALS_04131,32,FEMALE,JUNIOR_HIGH_SCHOOL,MODULAR,0,,1,5965.87,Unemployed / No Income
ALS_06393,31,MALE,JUNIOR_HIGH_SCHOOL,FACE_TO_FACE,0,,0,15470.79,Self-Employed / Business Owner
ALS_05354,23,MALE,JUNIOR_HIGH_SCHOOL,MODULAR,0,,1,10754.68,Informal / Contractual Worker
ALS_01645,37,MALE,JUNIOR_HIGH_SCHOOL,FACE_TO_FACE,0,,0,12121.63,Informal / Contractual Worker
ALS_04501,20,FEMALE,JUNIOR_HIGH_SCHOOL,FACE_TO_FACE,0,,1,7210.18,Unemployed / No Income
ALS_05617,26,FEMALE,JUNIOR_HIGH_SCHOOL,FACE_TO_FACE,0,,0,12718.69,Formal Employment
ALS_01754,17,MALE,JUNIOR_HIGH_SCHOOL,FACE_TO_FACE,1,,1,14958.64,OFW (Overseas Filipino Worker)
ALS_01009,17,FEMALE,JUNIOR_HIGH_SCHOOL,FACE_TO_FACE,0,0,0,6237.89,Self-Employed / Business Owner
ALS_04794,20,MALE,JUNIOR_HIGH_SCHOOL,FACE_TO_FACE,0,,1,6964.07,Unemployed / No Income
ALS_05326,29,FEMALE,JUNIOR_HIGH_SCHOOL,MODULAR,0,,0,7924.44,Formal Employment
ALS_04126,24,MALE,JUNIOR_HIGH_SCHOOL,MODULAR,0,,1,4947.17,Retired / Pensioner
ALS_02359,45,FEMALE,JUNIOR_HIGH_SCHOOL,FACE_TO_FACE,0,,1,13264.38,Informal / Contractual Worker
ALS_02540,16,MALE,JUNIOR_HIGH_SCHOOL,BLENDED,1,,1,3784.87,Informal / Contractual Worker
ALS_06767,16,FEMALE,JUNIOR_HIGH_SCHOOL,FACE_TO_FACE,0,0.42,1,6273.98,OFW (Overseas Filipino Worker)
ALS_03292,25,MALE,JUNIOR_HIGH_SCHOOL,MODULAR,1,,1,6499.14,Formal Employment
ALS_06073,39,MALE,JUNIOR_HIGH_SCHOOL,FACE_TO_FACE,0,,0,4378.82,Formal Employment
ALS_06038,17,MALE,JUNIOR_HIGH_SCHOOL,FACE_TO_FACE,0,,1,12619.04,Unemployed / No Income
ALS_02577,15,FEMALE,ELEMENTARY,FACE_TO_FACE,1,,0,7493.42,Formal Employment
ALS_04894,36,FEMALE,BLP,FACE_TO_FACE,0,,1,9459.02,Unemployed / No Income
ALS_04170,24,MALE,JUNIOR_HIGH_SCHOOL,BLENDED,0,,0,8284.1,Retired / Pensioner
ALS_04078,37,MALE,JUNIOR_HIGH_SCHOOL,FACE_TO_FACE,0,,1,8225.37,Unemployed / No Income
ALS_00834,24,MALE,JUNIOR_HIGH_SCHOOL,BLENDED,0,0,0,12367.28,Self-Employed / Business Owner
ALS_03416,25,MALE,JUNIOR_HIGH_SCHOOL,BLENDED,1,,1,16837.42,Self-Employed / Business Owner
ALS_06207,15,MALE,BLP,FACE_TO_FACE,0,,1,7967.59,Informal / Contractual Worker
ALS_00502,17,MALE,JUNIOR_HIGH_SCHOOL,BLENDED,1,,1,3875.71,Self-Employed / Business Owner
ALS_04630,29,FEMALE,JUNIOR_HIGH_SCHOOL,FACE_TO_FACE,0,,1,4242.7,Formal Employment
ALS_02706,19,FEMALE,JUNIOR_HIGH_SCHOOL,FACE_TO_FACE,0,,0,6315.45,Self-Employed / Business Owner
ALS_06305,23,FEMALE,JUNIOR_HIGH_SCHOOL,FACE_TO_FACE,0,,1,3672.81,Informal / Contractual Worker
ALS_01847,30,FEMALE,JUNIOR_HIGH_SCHOOL,FACE_TO_FACE,1,,1,7322.06,Informal / Contractual Worker
ALS_03418,22,MALE,JUNIOR_HIGH_SCHOOL,BLENDED,1,,1,7142.85,Retired / Pensioner
ALS_06126,15,FEMALE,JUNIOR_HIGH_SCHOOL,FACE_TO_FACE,0,,1,8809.65,Informal / Contractual Worker
ALS_06180,13,MALE,ELEMENTARY,FACE_TO_FACE,0,0.42,0,23578.21,Self-Employed / Business Owner
ALS_03101,18,MALE,JUNIOR_HIGH_SCHOOL,MODULAR,0,,0,18357.11,Self-Employed / Business Owner
ALS_03080,32,MALE,JUNIOR_HIGH_SCHOOL,FACE_TO_FACE,0,,1,8301.46,Informal / Contractual Worker
ALS_01755,32,FEMALE,JUNIOR_HIGH_SCHOOL,MODULAR,0,,1,8103.29,Informal / Contractual Worker
ALS_00099,26,FEMALE,JUNIOR_HIGH_SCHOOL,MODULAR,0,0,0,6709.55,Self-Employed / Business Owner
ALS_00481,22,MALE,JUNIOR_HIGH_SCHOOL,BLENDED,0,0,0,4635.95,Self-Employed / Business Owner
ALS_06957,15,MALE,JUNIOR_HIGH_SCHOOL,FACE_TO_FACE,0,,0,5160.03,Informal / Contractual Worker
ALS_06242,23,MALE,JUNIOR_HIGH_SCHOOL,FACE_TO_FACE,0,,0,12182.5,OFW (Overseas Filipino Worker)
ALS_00327,18,FEMALE,ELEMENTARY,BLENDED,,0,0,6081.89,Informal / Contractual Worker
ALS_02226,34,MALE,JUNIOR_HIGH_SCHOOL,FACE_TO_FACE,1,,1,17211.96,Retired / Pensioner
ALS_03409,37,FEMALE,JUNIOR_HIGH_SCHOOL,MODULAR,0,1.28,0,9309.3,Self-Employed / Business Owner
ALS_00929,24,MALE,JUNIOR_HIGH_SCHOOL,MODULAR,0,0,0,13664.25,Informal / Contractual Worker
ALS_00112,18,MALE,JUNIOR_HIGH_SCHOOL,MODULAR,0,6.4,1,8708.55,Unemployed / No Income
ALS_02136,25,MALE,ELEMENTARY,FACE_TO_FACE,1,,1,4875.42,Unemployed / No Income
ALS_00503,20,MALE,JUNIOR_HIGH_SCHOOL,MODULAR,0,,0,12656.46,Formal Employment
ALS_01694,36,MALE,JUNIOR_HIGH_SCHOOL,FACE_TO_FACE,1,,1,5829.24,Informal / Contractual Worker
ALS_06490,20,MALE,JUNIOR_HIGH_SCHOOL,MODULAR,0,,1,5800.67,Formal Employment
ALS_04228,33,FEMALE,JUNIOR_HIGH_SCHOOL,BLENDED,0,,1,7117,Self-Employed / Business Owner
ALS_05716,12,FEMALE,ELEMENTARY,FACE_TO_FACE,0,,0,14775.98,Informal / Contractual Worker
ALS_06266,16,MALE,JUNIOR_HIGH_SCHOOL,FACE_TO_FACE,0,,1,3564.13,Unemployed / No Income
ALS_00956,16,FEMALE,JUNIOR_HIGH_SCHOOL,FACE_TO_FACE,0,0,0,5947.48,Self-Employed / Business Owner
ALS_04205,22,MALE,JUNIOR_HIGH_SCHOOL,MODULAR,0,,1,12591.91,Unemployed / No Income
ALS_04633,16,MALE,JUNIOR_HIGH_SCHOOL,FACE_TO_FACE,1,,0,14282.24,Self-Employed / Business Owner
ALS_04945,20,MALE,JUNIOR_HIGH_SCHOOL,FACE_TO_FACE,0,,1,3963.93,Informal / Contractual Worker
ALS_01928,25,FEMALE,JUNIOR_HIGH_SCHOOL,BLENDED,0,,1,9418.09,Unemployed / No Income
ALS_06586,14,FEMALE,JUNIOR_HIGH_SCHOOL,FACE_TO_FACE,0,,1,11372.37,Self-Employed / Business Owner
ALS_05611,29,MALE,JUNIOR_HIGH_SCHOOL,MODULAR,0,,1,10448.01,Informal / Contractual Worker
ALS_02416,19,FEMALE,JUNIOR_HIGH_SCHOOL,FACE_TO_FACE,0,,1,8112.7,OFW (Overseas Filipino Worker)
ALS_01753,16,MALE,JUNIOR_HIGH_SCHOOL,FACE_TO_FACE,0,,0,14496.06,Retired / Pensioner
ALS_02480,25,FEMALE,ELEMENTARY,FACE_TO_FACE,0,,1,7614.64,Informal / Contractual Worker
ALS_04417,31,FEMALE,JUNIOR_HIGH_SCHOOL,MODULAR,0,,1,16761.7,Informal / Contractual Worker
ALS_05312,18,FEMALE,JUNIOR_HIGH_SCHOOL,FACE_TO_FACE,0,,1,10872.37,Formal Employment
ALS_05707,18,FEMALE,JUNIOR_HIGH_SCHOOL,FACE_TO_FACE,0,,0,16287.18,Informal / Contractual Worker
ALS_04890,17,MALE,JUNIOR_HIGH_SCHOOL,FACE_TO_FACE,0,,1,3844.27,Other
ALS_05924,29,FEMALE,JUNIOR_HIGH_SCHOOL,FACE_TO_FACE,0,,0,15411.8,Formal Employment
ALS_00507,20,MALE,JUNIOR_HIGH_SCHOOL,MODULAR,0,,0,5990.84,Informal / Contractual Worker
ALS_01440,16,MALE,JUNIOR_HIGH_SCHOOL,FACE_TO_FACE,0,,0,3544.96,Formal Employment
ALS_02050,17,FEMALE,JUNIOR_HIGH_SCHOOL,BLENDED,1,,1,10067.79,Informal / Contractual Worker
ALS_05947,21,FEMALE,JUNIOR_HIGH_SCHOOL,FACE_TO_FACE,0,,1,4318.96,Self-Employed / Business Owner
ALS_00066,58,FEMALE,JUNIOR_HIGH_SCHOOL,BLENDED,0,0.05,0,12537.62,Formal Employment
ALS_06384,17,FEMALE,JUNIOR_HIGH_SCHOOL,FACE_TO_FACE,0,,0,21822.42,Other
ALS_06186,21,MALE,JUNIOR_HIGH_SCHOOL,MODULAR,0,0.42,1,11129.56,OFW (Overseas Filipino Worker)
ALS_06793,24,MALE,JUNIOR_HIGH_SCHOOL,FACE_TO_FACE,0,,1,11019.02,Unemployed / No Income
ALS_00564,24,MALE,JUNIOR_HIGH_SCHOOL,MODULAR,0,1.2,0,7522.62,Unemployed / No Income
ALS_01094,19,MALE,JUNIOR_HIGH_SCHOOL,FACE_TO_FACE,0,,1,27148.41,Formal Employment
ALS_04778,15,MALE,JUNIOR_HIGH_SCHOOL,FACE_TO_FACE,0,,1,8095.58,Self-Employed / Business Owner
ALS_03494,28,FEMALE,JUNIOR_HIGH_SCHOOL,MODULAR,0,,0,7486.59,Formal Employment
ALS_06326,21,MALE,JUNIOR_HIGH_SCHOOL,FACE_TO_FACE,0,,1,6803.91,Other
ALS_02960,17,MALE,JUNIOR_HIGH_SCHOOL,FACE_TO_FACE,0,1.28,0,11511.15,Informal / Contractual Worker
ALS_03626,13,MALE,ELEMENTARY,FACE_TO_FACE,0,,1,6515.85,Formal Employment
ALS_02272,30,MALE,ELEMENTARY,MODULAR,0,,1,10196.99,Self-Employed / Business Owner
ALS_03124,26,MALE,JUNIOR_HIGH_SCHOOL,MODULAR,1,,1,9768.37,Formal Employment
ALS_04044,22,FEMALE,JUNIOR_HIGH_SCHOOL,MODULAR,0,,0,17321.74,Formal Employment
ALS_05505,40,MALE,JUNIOR_HIGH_SCHOOL,FACE_TO_FACE,0,0,0,14815.91,Unemployed / No Income
ALS_04439,30,FEMALE,JUNIOR_HIGH_SCHOOL,MODULAR,0,,0,6256.42,Informal / Contractual Worker
ALS_06150,14,MALE,ELEMENTARY,FACE_TO_FACE,0,,1,9576.46,Unemployed / No Income
ALS_02978,20,MALE,JUNIOR_HIGH_SCHOOL,MODULAR,0,,1,13890.59,Unemployed / No Income
ALS_03488,18,MALE,JUNIOR_HIGH_SCHOOL,MODULAR,0,0.42,0,8760.67,Other
ALS_06225,17,MALE,JUNIOR_HIGH_SCHOOL,FACE_TO_FACE,0,,0,8269.77,Informal / Contractual Worker
ALS_01473,15,FEMALE,JUNIOR_HIGH_SCHOOL,FACE_TO_FACE,0,,0,13795.76,Unemployed / No Income
ALS_06269,11,FEMALE,ELEMENTARY,BLENDED,0,,1,9811.08,Self-Employed / Business Owner
ALS_03407,26,FEMALE,JUNIOR_HIGH_SCHOOL,BLENDED,1,,1,3613.13,Informal / Contractual Worker
ALS_05649,19,FEMALE,JUNIOR_HIGH_SCHOOL,MODULAR,0,,1,6002.88,Other
ALS_06103,16,FEMALE,JUNIOR_HIGH_SCHOOL,FACE_TO_FACE,0,,0,14974.93,Formal Employment
ALS_02525,17,MALE,JUNIOR_HIGH_SCHOOL,FACE_TO_FACE,0,,0,7169.51,OFW (Overseas Filipino Worker)
ALS_02163,33,MALE,JUNIOR_HIGH_SCHOOL,FACE_TO_FACE,1,,1,8022.39,Formal Employment
ALS_03937,18,FEMALE,JUNIOR_HIGH_SCHOOL,MODULAR,1,,1,9548.64,Unemployed / No Income
ALS_01238,57,FEMALE,JUNIOR_HIGH_SCHOOL,FACE_TO_FACE,0,,1,4229.51,Unemployed / No Income
ALS_06531,17,FEMALE,JUNIOR_HIGH_SCHOOL,FACE_TO_FACE,0,,0,7408.39,Formal Employment
ALS_04246,33,FEMALE,JUNIOR_HIGH_SCHOOL,FACE_TO_FACE,0,,1,13304.5,Self-Employed / Business Owner
ALS_06348,23,FEMALE,JUNIOR_HIGH_SCHOOL,FACE_TO_FACE,0,,1,6276.13,Other
ALS_00397,20,MALE,JUNIOR_HIGH_SCHOOL,MODULAR,0,1.39,0,12142.9,OFW (Overseas Filipino Worker)
ALS_03240,17,MALE,JUNIOR_HIGH_SCHOOL,MODULAR,0,,1,12036.09,Self-Employed / Business Owner
ALS_05397,20,MALE,JUNIOR_HIGH_SCHOOL,FACE_TO_FACE,0,,1,11624.85,Unemployed / No Income
ALS_05353,20,MALE,JUNIOR_HIGH_SCHOOL,FACE_TO_FACE,0,,1,5489.57,Other
ALS_06145,19,MALE,JUNIOR_HIGH_SCHOOL,FACE_TO_FACE,0,,1,10596.5,Informal / Contractual Worker
ALS_02431,30,MALE,JUNIOR_HIGH_SCHOOL,MODULAR,0,,1,13697.26,Formal Employment
ALS_03534,17,MALE,JUNIOR_HIGH_SCHOOL,FACE_TO_FACE,1,0.42,1,8168.73,OFW (Overseas Filipino Worker)
ALS_04435,35,MALE,JUNIOR_HIGH_SCHOOL,FACE_TO_FACE,0,,1,10541.99,OFW (Overseas Filipino Worker)
ALS_05091,16,FEMALE,JUNIOR_HIGH_SCHOOL,FACE_TO_FACE,0,,1,4241.24,Formal Employment
ALS_06015,15,MALE,JUNIOR_HIGH_SCHOOL,FACE_TO_FACE,0,,1,4204.35,Other
ALS_04880,15,FEMALE,BLP,MODULAR,0,,1,9395.16,Formal Employment
ALS_04892,16,MALE,JUNIOR_HIGH_SCHOOL,FACE_TO_FACE,0,,1,3027.66,Retired / Pensioner
ALS_01909,17,MALE,BLP,BLENDED,1,,1,5556.01,Unemployed / No Income
ALS_00786,37,MALE,JUNIOR_HIGH_SCHOOL,FACE_TO_FACE,0,0,0,9673.18,Formal Employment
ALS_04841,48,MALE,JUNIOR_HIGH_SCHOOL,FACE_TO_FACE,0,,0,7549.69,Formal Employment
ALS_06337,12,FEMALE,ELEMENTARY,FACE_TO_FACE,0,,1,7227.01,Other
ALS_02333,22,MALE,JUNIOR_HIGH_SCHOOL,FACE_TO_FACE,0,,1,10598.54,Informal / Contractual Worker
ALS_03014,18,MALE,JUNIOR_HIGH_SCHOOL,FACE_TO_FACE,1,,1,15116.72,Informal / Contractual Worker
ALS_04204,31,FEMALE,JUNIOR_HIGH_SCHOOL,MODULAR,0,,1,12397.63,Other
ALS_01963,30,FEMALE,JUNIOR_HIGH_SCHOOL,FACE_TO_FACE,0,,1,3997.48,Informal / Contractual Worker
ALS_05975,42,FEMALE,BLP,FACE_TO_FACE,0,,1,6410.5,Unemployed / No Income
ALS_04032,14,MALE,BLP,MODULAR,1,,1,9385.84,Self-Employed / Business Owner
ALS_01216,54,FEMALE,JUNIOR_HIGH_SCHOOL,FACE_TO_FACE,0,,0,8710.08,OFW (Overseas Filipino Worker)
ALS_03273,19,MALE,JUNIOR_HIGH_SCHOOL,MODULAR,1,,1,6186.5,Unemployed / No Income
ALS_00932,17,MALE,JUNIOR_HIGH_SCHOOL,FACE_TO_FACE,0,0,0,14004.49,Formal Employment
ALS_06128,17,MALE,JUNIOR_HIGH_SCHOOL,FACE_TO_FACE,0,,1,9386.95,Retired / Pensioner
ALS_02776,22,MALE,JUNIOR_HIGH_SCHOOL,FACE_TO_FACE,0,,1,4580.16,Other
ALS_03607,37,FEMALE,ELEMENTARY,MODULAR,1,,1,4685.67,Formal Employment
ALS_00619,26,FEMALE,JUNIOR_HIGH_SCHOOL,FACE_TO_FACE,0,0.73,0,9112.4,Unemployed / No Income
ALS_05351,37,FEMALE,JUNIOR_HIGH_SCHOOL,MODULAR,0,,1,28821.04,Other
ALS_06693,33,FEMALE,JUNIOR_HIGH_SCHOOL,MODULAR,0,,0,10114.41,Formal Employment
ALS_05992,29,FEMALE,JUNIOR_HIGH_SCHOOL,FACE_TO_FACE,0,,1,6042.56,Retired / Pensioner
ALS_00257,15,FEMALE,JUNIOR_HIGH_SCHOOL,FACE_TO_FACE,0,0.05,0,7536.67,Informal / Contractual Worker
ALS_04329,15,MALE,JUNIOR_HIGH_SCHOOL,BLENDED,0,,1,7249.88,Informal / Contractual Worker
ALS_02370,17,FEMALE,JUNIOR_HIGH_SCHOOL,MODULAR,0,,1,13235.48,Unemployed / No Income
ALS_03337,29,MALE,JUNIOR_HIGH_SCHOOL,MODULAR,1,,1,7580.14,Other
ALS_01987,23,MALE,ELEMENTARY,FACE_TO_FACE,0,,1,15042.64,Unemployed / No Income
ALS_06760,17,MALE,JUNIOR_HIGH_SCHOOL,FACE_TO_FACE,0,0.42,1,27595.78,Other
ALS_05077,21,MALE,JUNIOR_HIGH_SCHOOL,MODULAR,0,,1,8813.47,Informal / Contractual Worker
ALS_02347,16,MALE,JUNIOR_HIGH_SCHOOL,MODULAR,0,,1,35237.1,Informal / Contractual Worker
ALS_05463,31,FEMALE,JUNIOR_HIGH_SCHOOL,FACE_TO_FACE,0,,1,6238.65,Formal Employment
ALS_04477,43,MALE,JUNIOR_HIGH_SCHOOL,FACE_TO_FACE,0,,1,2310.79,Formal Employment
ALS_01786,16,MALE,ELEMENTARY,FACE_TO_FACE,1,,1,9165.38,Unemployed / No Income
ALS_03444,26,FEMALE,JUNIOR_HIGH_SCHOOL,BLENDED,1,,1,10273.11,Unemployed / No Income
ALS_03570,22,FEMALE,JUNIOR_HIGH_SCHOOL,MODULAR,0,,0,13958.53,Unemployed / No Income
ALS_04535,18,MALE,JUNIOR_HIGH_SCHOOL,FACE_TO_FACE,0,,1,4089.41,Informal / Contractual Worker
ALS_02238,26,FEMALE,JUNIOR_HIGH_SCHOOL,MODULAR,0,,0,8459.73,Informal / Contractual Worker
ALS_04704,25,MALE,JUNIOR_HIGH_SCHOOL,BLENDED,0,,1,3918.84,Self-Employed / Business Owner
ALS_05083,28,MALE,JUNIOR_HIGH_SCHOOL,MODULAR,0,,1,4918.59,Formal Employment
ALS_05648,14,FEMALE,JUNIOR_HIGH_SCHOOL,MODULAR,0,,1,3305.89,OFW (Overseas Filipino Worker)
ALS_02546,45,MALE,JUNIOR_HIGH_SCHOOL,BLENDED,0,,1,7609.86,OFW (Overseas Filipino Worker)
ALS_04589,20,MALE,JUNIOR_HIGH_SCHOOL,FACE_TO_FACE,0,,1,5378.84,Informal / Contractual Worker
ALS_05843,23,MALE,JUNIOR_HIGH_SCHOOL,FACE_TO_FACE,0,,0,12026.53,Unemployed / No Income
ALS_03055,25,FEMALE,ELEMENTARY,FACE_TO_FACE,1,,1,18035.79,Informal / Contractual Worker
ALS_05295,18,MALE,ELEMENTARY,MODULAR,0,,1,13240.61,Other
ALS_05574,35,FEMALE,JUNIOR_HIGH_SCHOOL,MODULAR,0,0.42,0,11533.91,Informal / Contractual Worker
ALS_00846,23,FEMALE,JUNIOR_HIGH_SCHOOL,MODULAR,0,0,0,8971.8,Formal Employment
ALS_01335,27,FEMALE,JUNIOR_HIGH_SCHOOL,FACE_TO_FACE,0,,1,6755.25,Unemployed / No Income
ALS_05754,25,FEMALE,JUNIOR_HIGH_SCHOOL,BLENDED,0,,1,6869.52,Informal / Contractual Worker
ALS_05618,18,FEMALE,JUNIOR_HIGH_SCHOOL,MODULAR,0,,0,7338.67,Self-Employed / Business Owner
ALS_02736,16,MALE,JUNIOR_HIGH_SCHOOL,FACE_TO_FACE,0,,1,15438.87,OFW (Overseas Filipino Worker)
ALS_06684,15,MALE,JUNIOR_HIGH_SCHOOL,FACE_TO_FACE,0,,0,10322.25,Retired / Pensioner
ALS_05758,15,FEMALE,JUNIOR_HIGH_SCHOOL,FACE_TO_FACE,0,,0,9307.17,Informal / Contractual Worker
ALS_03984,17,FEMALE,JUNIOR_HIGH_SCHOOL,BLENDED,0,,0,16861.77,Informal / Contractual Worker
ALS_04043,20,FEMALE,JUNIOR_HIGH_SCHOOL,MODULAR,0,,1,11353.03,Formal Employment
ALS_06234,20,FEMALE,JUNIOR_HIGH_SCHOOL,FACE_TO_FACE,0,,0,7300.24,Formal Employment
ALS_02123,30,MALE,JUNIOR_HIGH_SCHOOL,FACE_TO_FACE,1,,1,3603.51,Unemployed / No Income
ALS_02569,42,FEMALE,JUNIOR_HIGH_SCHOOL,FACE_TO_FACE,0,,1,8355.56,Formal Employment
ALS_05114,16,MALE,JUNIOR_HIGH_SCHOOL,FACE_TO_FACE,0,,0,15035.64,Retired / Pensioner
ALS_04978,21,MALE,JUNIOR_HIGH_SCHOOL,FACE_TO_FACE,0,,1,9465.99,Unemployed / No Income
ALS_02538,25,FEMALE,JUNIOR_HIGH_SCHOOL,BLENDED,0,,0,18421.48,Informal / Contractual Worker
ALS_03121,28,MALE,JUNIOR_HIGH_SCHOOL,FACE_TO_FACE,0,,1,8472.6,Informal / Contractual Worker
ALS_02055,24,FEMALE,JUNIOR_HIGH_SCHOOL,FACE_TO_FACE,1,,1,12233.35,Unemployed / No Income
ALS_01888,25,MALE,JUNIOR_HIGH_SCHOOL,FACE_TO_FACE,0,,1,6075.73,Informal / Contractual Worker
ALS_03059,15,MALE,JUNIOR_HIGH_SCHOOL,FACE_TO_FACE,1,,1,3128.87,Formal Employment
ALS_06395,17,MALE,JUNIOR_HIGH_SCHOOL,FACE_TO_FACE,0,,0,14391.41,Formal Employment
ALS_01798,23,MALE,JUNIOR_HIGH_SCHOOL,MODULAR,1,,1,12911.38,Informal / Contractual Worker
ALS_01504,11,FEMALE,BLP,FACE_TO_FACE,0,,1,4526.71,Formal Employment
ALS_04989,18,MALE,JUNIOR_HIGH_SCHOOL,FACE_TO_FACE,0,0.42,0,14971.35,Informal / Contractual Worker
ALS_06399,16,MALE,JUNIOR_HIGH_SCHOOL,FACE_TO_FACE,0,,0,9569.31,Other
ALS_04834,18,MALE,JUNIOR_HIGH_SCHOOL,FACE_TO_FACE,0,,0,13155.75,Self-Employed / Business Owner
ALS_05469,16,MALE,JUNIOR_HIGH_SCHOOL,FACE_TO_FACE,1,,0,13213.12,Formal Employment
ALS_00546,28,MALE,JUNIOR_HIGH_SCHOOL,BLENDED,0,1.59,0,5215.49,Formal Employment
ALS_03169,29,MALE,JUNIOR_HIGH_SCHOOL,FACE_TO_FACE,0,,1,6046.73,Informal / Contractual Worker
ALS_06191,24,MALE,JUNIOR_HIGH_SCHOOL,MODULAR,0,0.42,0,9308.93,OFW (Overseas Filipino Worker)
ALS_05914,36,FEMALE,JUNIOR_HIGH_SCHOOL,FACE_TO_FACE,0,,1,8658.74,Informal / Contractual Worker
ALS_02785,15,MALE,JUNIOR_HIGH_SCHOOL,FACE_TO_FACE,0,,1,3767.76,Formal Employment
ALS_04138,41,FEMALE,JUNIOR_HIGH_SCHOOL,MODULAR,0,,0,6262.13,Other
ALS_02308,30,MALE,ELEMENTARY,MODULAR,0,,0,4668.87,Self-Employed / Business Owner
ALS_06079,15,MALE,JUNIOR_HIGH_SCHOOL,FACE_TO_FACE,0,,1,6993.19,Formal Employment
ALS_03291,20,MALE,JUNIOR_HIGH_SCHOOL,MODULAR,0,,0,10695.44,Formal Employment
ALS_04085,42,MALE,ELEMENTARY,FACE_TO_FACE,0,,1,4413.62,Formal Employment
ALS_05162,16,FEMALE,JUNIOR_HIGH_SCHOOL,FACE_TO_FACE,0,,0,13171.62,Retired / Pensioner
ALS_01834,18,MALE,JUNIOR_HIGH_SCHOOL,MODULAR,1,,1,5339.3,Other
ALS_00193,21,FEMALE,JUNIOR_HIGH_SCHOOL,BLENDED,1,0.05,1,4502.52,Formal Employment
ALS_03061,26,FEMALE,JUNIOR_HIGH_SCHOOL,FACE_TO_FACE,0,,1,4093.47,Informal / Contractual Worker
ALS_02969,17,FEMALE,JUNIOR_HIGH_SCHOOL,FACE_TO_FACE,0,,1,11252,Formal Employment
ALS_02342,17,MALE,JUNIOR_HIGH_SCHOOL,FACE_TO_FACE,1,,0,8024.26,Other
ALS_04300,14,MALE,ELEMENTARY,MODULAR,1,,0,13666.9,Informal / Contractual Worker
ALS_05048,45,FEMALE,JUNIOR_HIGH_SCHOOL,FACE_TO_FACE,0,,0,14011.89,OFW (Overseas Filipino Worker)
ALS_04742,16,FEMALE,JUNIOR_HIGH_SCHOOL,FACE_TO_FACE,1,,0,11327.25,Self-Employed / Business Owner
ALS_04922,19,MALE,JUNIOR_HIGH_SCHOOL,FACE_TO_FACE,0,,1,10384.82,Self-Employed / Business Owner
ALS_04283,20,FEMALE,JUNIOR_HIGH_SCHOOL,BLENDED,0,,1,7847.11,Formal Employment
ALS_05066,16,MALE,JUNIOR_HIGH_SCHOOL,FACE_TO_FACE,0,,1,5527.27,Formal Employment
ALS_04217,12,MALE,ELEMENTARY,FACE_TO_FACE,0,,0,8690.01,Self-Employed / Business Owner
ALS_02560,16,FEMALE,JUNIOR_HIGH_SCHOOL,FACE_TO_FACE,1,,1,4007.5,Self-Employed / Business Owner
ALS_05407,24,MALE,JUNIOR_HIGH_SCHOOL,FACE_TO_FACE,0,0.01,0,14707.6,Formal Employment
ALS_00497,29,FEMALE,JUNIOR_HIGH_SCHOOL,FACE_TO_FACE,0,0,0,24041.69,Other
ALS_02842,28,FEMALE,JUNIOR_HIGH_SCHOOL,FACE_TO_FACE,0,,1,2080.43,Formal Employment
ALS_00902,71,FEMALE,JUNIOR_HIGH_SCHOOL,FACE_TO_FACE,0,0,0,4328.15,Self-Employed / Business Owner
ALS_05799,34,MALE,JUNIOR_HIGH_SCHOOL,MODULAR,0,,1,5489.26,Formal Employment
ALS_03388,32,MALE,JUNIOR_HIGH_SCHOOL,BLENDED,1,,1,6192.09,Formal Employment
ALS_03961,22,MALE,ELEMENTARY,FACE_TO_FACE,0,,1,8549.49,Unemployed / No Income
ALS_06336,21,MALE,JUNIOR_HIGH_SCHOOL,MODULAR,0,,1,11703.3,Informal / Contractual Worker
ALS_05106,17,FEMALE,JUNIOR_HIGH_SCHOOL,FACE_TO_FACE,0,,1,7125.91,Informal / Contractual Worker
ALS_06105,16,FEMALE,JUNIOR_HIGH_SCHOOL,FACE_TO_FACE,0,,0,15117.79,Formal Employment
ALS_04654,17,FEMALE,JUNIOR_HIGH_SCHOOL,BLENDED,0,,1,7601.62,Informal / Contractual Worker
ALS_00192,24,FEMALE,JUNIOR_HIGH_SCHOOL,BLENDED,0,0.05,0,6478.49,OFW (Overseas Filipino Worker)
ALS_05886,17,MALE,JUNIOR_HIGH_SCHOOL,BLENDED,0,,1,5338.43,Self-Employed / Business Owner
ALS_02073,27,MALE,JUNIOR_HIGH_SCHOOL,FACE_TO_FACE,1,,1,6758.19,Unemployed / No Income
ALS_03364,30,FEMALE,JUNIOR_HIGH_SCHOOL,BLENDED,1,,1,9504.92,Other
ALS_00465,17,MALE,JUNIOR_HIGH_SCHOOL,MODULAR,0,2.01,0,15948.32,Unemployed / No Income
ALS_05225,24,FEMALE,JUNIOR_HIGH_SCHOOL,FACE_TO_FACE,0,,1,4582.59,Other
ALS_03687,16,MALE,JUNIOR_HIGH_SCHOOL,BLENDED,0,,0,17059.52,Formal Employment
ALS_06701,15,MALE,JUNIOR_HIGH_SCHOOL,FACE_TO_FACE,0,,0,9095.03,Self-Employed / Business Owner
ALS_02006,19,MALE,JUNIOR_HIGH_SCHOOL,BLENDED,1,,1,7099.51,Self-Employed / Business Owner
ALS_06224,15,MALE,JUNIOR_HIGH_SCHOOL,FACE_TO_FACE,0,,0,8989.54,Unemployed / No Income
ALS_04514,27,MALE,JUNIOR_HIGH_SCHOOL,FACE_TO_FACE,0,,0,10831.63,Informal / Contractual Worker
ALS_02767,25,MALE,JUNIOR_HIGH_SCHOOL,FACE_TO_FACE,0,,1,7540.19,Formal Employment
ALS_05809,16,MALE,JUNIOR_HIGH_SCHOOL,FACE_TO_FACE,0,,1,4559.51,Informal / Contractual Worker
ALS_03257,23,FEMALE,JUNIOR_HIGH_SCHOOL,FACE_TO_FACE,0,,1,4192.27,Informal / Contractual Worker
ALS_02069,28,FEMALE,JUNIOR_HIGH_SCHOOL,FACE_TO_FACE,0,,1,14450.17,Informal / Contractual Worker
ALS_02832,16,FEMALE,JUNIOR_HIGH_SCHOOL,FACE_TO_FACE,0,,1,10913.3,Informal / Contractual Worker
ALS_06448,27,FEMALE,JUNIOR_HIGH_SCHOOL,MODULAR,0,,1,6157.96,Retired / Pensioner
ALS_05696,16,FEMALE,JUNIOR_HIGH_SCHOOL,BLENDED,0,,0,11536.2,Formal Employment
ALS_03046,31,MALE,ELEMENTARY,FACE_TO_FACE,0,,1,7166.54,Informal / Contractual Worker
ALS_04905,21,MALE,JUNIOR_HIGH_SCHOOL,FACE_TO_FACE,0,,1,10840.8,Informal / Contractual Worker
ALS_04428,30,FEMALE,JUNIOR_HIGH_SCHOOL,FACE_TO_FACE,0,,1,4434.43,Other
ALS_06728,26,MALE,JUNIOR_HIGH_SCHOOL,FACE_TO_FACE,0,,0,9983.03,Self-Employed / Business Owner
ALS_01815,19,MALE,JUNIOR_HIGH_SCHOOL,BLENDED,0,,1,7194.69,Unemployed / No Income
ALS_03736,17,FEMALE,ELEMENTARY,MODULAR,1,,1,11166.17,Other
ALS_02328,22,MALE,JUNIOR_HIGH_SCHOOL,FACE_TO_FACE,0,,1,4848.98,Informal / Contractual Worker
ALS_06082,17,MALE,JUNIOR_HIGH_SCHOOL,FACE_TO_FACE,0,,0,18254.2,Self-Employed / Business Owner
ALS_06543,17,MALE,JUNIOR_HIGH_SCHOOL,FACE_TO_FACE,0,0,0,5399.72,Self-Employed / Business Owner
ALS_04045,30,FEMALE,JUNIOR_HIGH_SCHOOL,MODULAR,0,,0,8722.37,Other
ALS_05564,16,FEMALE,JUNIOR_HIGH_SCHOOL,FACE_TO_FACE,0,,1,8186.5,Informal / Contractual Worker
ALS_01790,28,FEMALE,JUNIOR_HIGH_SCHOOL,BLENDED,1,,1,2766.31,Informal / Contractual Worker
ALS_03168,32,MALE,JUNIOR_HIGH_SCHOOL,MODULAR,0,,1,7585.79,Informal / Contractual Worker
ALS_02592,28,MALE,JUNIOR_HIGH_SCHOOL,MODULAR,0,,1,6875.93,Informal / Contractual Worker
ALS_06433,20,MALE,JUNIOR_HIGH_SCHOOL,MODULAR,0,,1,18950,Informal / Contractual Worker
ALS_00934,19,MALE,JUNIOR_HIGH_SCHOOL,FACE_TO_FACE,0,0,0,14658.47,Self-Employed / Business Owner
ALS_00924,49,FEMALE,JUNIOR_HIGH_SCHOOL,MODULAR,0,0,0,9610.06,Self-Employed / Business Owner
ALS_01854,21,MALE,JUNIOR_HIGH_SCHOOL,BLENDED,1,,1,8209.31,Informal / Contractual Worker
ALS_05099,16,MALE,JUNIOR_HIGH_SCHOOL,FACE_TO_FACE,0,,0,9779.74,Informal / Contractual Worker
ALS_03180,39,FEMALE,JUNIOR_HIGH_SCHOOL,FACE_TO_FACE,0,,0,9547.81,OFW (Overseas Filipino Worker)
ALS_02311,22,MALE,JUNIOR_HIGH_SCHOOL,FACE_TO_FACE,1,,1,5815.64,Formal Employment
ALS_03755,22,MALE,JUNIOR_HIGH_SCHOOL,FACE_TO_FACE,0,,1,9577.7,OFW (Overseas Filipino Worker)
ALS_04657,18,FEMALE,JUNIOR_HIGH_SCHOOL,FACE_TO_FACE,0,,0,16781.93,Unemployed / No Income
ALS_00585,32,FEMALE,JUNIOR_HIGH_SCHOOL,MODULAR,0,0,0,14948.73,Self-Employed / Business Owner
ALS_01823,23,FEMALE,JUNIOR_HIGH_SCHOOL,FACE_TO_FACE,1,,1,8200.65,Informal / Contractual Worker
ALS_01507,16,FEMALE,JUNIOR_HIGH_SCHOOL,FACE_TO_FACE,0,,0,6022.56,Unemployed / No Income
ALS_03615,22,MALE,JUNIOR_HIGH_SCHOOL,FACE_TO_FACE,1,,1,4545.08,OFW (Overseas Filipino Worker)
ALS_03769,18,MALE,JUNIOR_HIGH_SCHOOL,FACE_TO_FACE,0,,1,7391.45,Unemployed / No Income
ALS_03246,32,MALE,JUNIOR_HIGH_SCHOOL,FACE_TO_FACE,0,,0,6553.73,Formal Employment
ALS_04810,16,FEMALE,JUNIOR_HIGH_SCHOOL,FACE_TO_FACE,0,0.42,1,19387.62,Informal / Contractual Worker
ALS_03792,35,FEMALE,JUNIOR_HIGH_SCHOOL,FACE_TO_FACE,1,,0,9075.37,OFW (Overseas Filipino Worker)
ALS_01699,28,FEMALE,JUNIOR_HIGH_SCHOOL,BLENDED,0,0.7,1,9137.13,Retired / Pensioner
ALS_02153,21,FEMALE,JUNIOR_HIGH_SCHOOL,BLENDED,1,,1,3476.22,Self-Employed / Business Owner
ALS_08450,21,MALE,JUNIOR_HIGH_SCHOOL,MODULAR,,0.42,1,6530.34,OFW (Overseas Filipino Worker)
ALS_01055,16,FEMALE,JUNIOR_HIGH_SCHOOL,FACE_TO_FACE,0,2.87,0,10279.04,Other
ALS_06773,23,FEMALE,JUNIOR_HIGH_SCHOOL,FACE_TO_FACE,0,,1,8946.52,Formal Employment
ALS_02889,19,FEMALE,JUNIOR_HIGH_SCHOOL,MODULAR,0,,0,16447.87,Informal / Contractual Worker
ALS_01986,39,MALE,JUNIOR_HIGH_SCHOOL,FACE_TO_FACE,1,,1,7040.4,Self-Employed / Business Owner
ALS_01938,24,MALE,JUNIOR_HIGH_SCHOOL,FACE_TO_FACE,0,,1,15143.43,Informal / Contractual Worker
ALS_00429,17,MALE,JUNIOR_HIGH_SCHOOL,MODULAR,0,0,0,10376.28,Self-Employed / Business Owner
ALS_03915,17,MALE,ELEMENTARY,MODULAR,1,,1,5998.34,Informal / Contractual Worker
ALS_01353,17,MALE,ELEMENTARY,FACE_TO_FACE,0,,1,16825.85,Informal / Contractual Worker
ALS_02122,30,MALE,JUNIOR_HIGH_SCHOOL,FACE_TO_FACE,1,,1,5449.62,Retired / Pensioner
ALS_03753,19,FEMALE,ELEMENTARY,FACE_TO_FACE,1,,1,7442.89,Retired / Pensioner
ALS_03278,16,MALE,JUNIOR_HIGH_SCHOOL,FACE_TO_FACE,1,,1,13435.16,Formal Employment
ALS_01774,47,FEMALE,JUNIOR_HIGH_SCHOOL,MODULAR,1,,1,3349.18,Self-Employed / Business Owner
ALS_02835,22,FEMALE,JUNIOR_HIGH_SCHOOL,FACE_TO_FACE,0,,1,4769.5,Unemployed / No Income
ALS_01187,16,FEMALE,JUNIOR_HIGH_SCHOOL,MODULAR,0,,1,9895.65,Formal Employment
ALS_06036,20,FEMALE,JUNIOR_HIGH_SCHOOL,MODULAR,0,,1,15668.8,Informal / Contractual Worker
ALS_04788,16,MALE,JUNIOR_HIGH_SCHOOL,FACE_TO_FACE,0,0.42,1,5322.21,Self-Employed / Business Owner
ALS_03380,21,FEMALE,JUNIOR_HIGH_SCHOOL,FACE_TO_FACE,1,,1,9840.48,Self-Employed / Business Owner
ALS_00763,34,FEMALE,JUNIOR_HIGH_SCHOOL,FACE_TO_FACE,0,0,0,19825.74,Unemployed / No Income
ALS_03602,30,FEMALE,JUNIOR_HIGH_SCHOOL,FACE_TO_FACE,0,,0,25319.97,OFW (Overseas Filipino Worker)
ALS_01930,18,MALE,JUNIOR_HIGH_SCHOOL,FACE_TO_FACE,1,,1,4170.31,Informal / Contractual Worker
ALS_06725,26,MALE,JUNIOR_HIGH_SCHOOL,FACE_TO_FACE,0,,0,7401.78,Retired / Pensioner
ALS_03977,24,FEMALE,JUNIOR_HIGH_SCHOOL,MODULAR,0,,1,9726.23,Self-Employed / Business Owner
ALS_04330,21,MALE,JUNIOR_HIGH_SCHOOL,BLENDED,0,,1,16302.19,Self-Employed / Business Owner
ALS_00773,32,FEMALE,JUNIOR_HIGH_SCHOOL,FACE_TO_FACE,0,0,0,11816.7,OFW (Overseas Filipino Worker)
ALS_01833,15,FEMALE,JUNIOR_HIGH_SCHOOL,BLENDED,0,,0,17409.26,Self-Employed / Business Owner
ALS_00844,17,FEMALE,JUNIOR_HIGH_SCHOOL,MODULAR,0,0,0,12168.19,Formal Employment
ALS_02680,32,FEMALE,JUNIOR_HIGH_SCHOOL,MODULAR,1,,0,12794.97,Informal / Contractual Worker
ALS_02293,38,FEMALE,JUNIOR_HIGH_SCHOOL,MODULAR,0,,1,6396.31,Informal / Contractual Worker
ALS_03645,21,MALE,JUNIOR_HIGH_SCHOOL,MODULAR,0,,1,5884.31,Unemployed / No Income
ALS_05948,30,FEMALE,JUNIOR_HIGH_SCHOOL,FACE_TO_FACE,0,,1,14185.11,Self-Employed / Business Owner
ALS_06431,14,MALE,ELEMENTARY,FACE_TO_FACE,0,0.42,1,10502.56,Informal / Contractual Worker
ALS_04388,15,FEMALE,JUNIOR_HIGH_SCHOOL,MODULAR,0,,1,12191.66,Self-Employed / Business Owner
ALS_05357,26,MALE,JUNIOR_HIGH_SCHOOL,MODULAR,1,,1,13364.24,Self-Employed / Business Owner
ALS_03019,32,MALE,JUNIOR_HIGH_SCHOOL,BLENDED,0,,0,8924.47,Informal / Contractual Worker
ALS_02693,14,FEMALE,JUNIOR_HIGH_SCHOOL,MODULAR,0,,0,8554.71,Informal / Contractual Worker
ALS_04838,15,MALE,JUNIOR_HIGH_SCHOOL,FACE_TO_FACE,0,,0,12028.54,Informal / Contractual Worker
ALS_00724,22,FEMALE,JUNIOR_HIGH_SCHOOL,MODULAR,0,0,0,17177.01,Formal Employment
ALS_01742,36,FEMALE,JUNIOR_HIGH_SCHOOL,BLENDED,0,0.95,1,7060.31,Informal / Contractual Worker
ALS_04378,15,FEMALE,JUNIOR_HIGH_SCHOOL,FACE_TO_FACE,0,,1,12208.73,Unemployed / No Income
ALS_04366,12,MALE,ELEMENTARY,FACE_TO_FACE,1,,0,6840.83,Self-Employed / Business Owner
ALS_00001,24,MALE,JUNIOR_HIGH_SCHOOL,FACE_TO_FACE,0,0,0,10296.87,Self-Employed / Business Owner
ALS_02864,34,FEMALE,ELEMENTARY,FACE_TO_FACE,0,,1,18319.71,Self-Employed / Business Owner
ALS_04664,15,FEMALE,JUNIOR_HIGH_SCHOOL,FACE_TO_FACE,0,,0,24698.43,OFW (Overseas Filipino Worker)
ALS_02259,25,FEMALE,JUNIOR_HIGH_SCHOOL,MODULAR,0,,1,6170.34,Unemployed / No Income
ALS_05007,20,FEMALE,JUNIOR_HIGH_SCHOOL,MODULAR,0,,1,11583.16,Other
ALS_01873,16,MALE,JUNIOR_HIGH_SCHOOL,FACE_TO_FACE,0,,0,10062.5,Self-Employed / Business Owner
ALS_04528,20,MALE,JUNIOR_HIGH_SCHOOL,MODULAR,0,,1,6021.32,Informal / Contractual Worker
ALS_04816,16,FEMALE,JUNIOR_HIGH_SCHOOL,FACE_TO_FACE,0,0.42,1,15313.51,OFW (Overseas Filipino Worker)
ALS_05217,15,FEMALE,JUNIOR_HIGH_SCHOOL,MODULAR,0,,1,9840.56,Unemployed / No Income
ALS_06523,24,FEMALE,JUNIOR_HIGH_SCHOOL,MODULAR,0,,0,11847.13,Self-Employed / Business Owner
ALS_03594,18,MALE,JUNIOR_HIGH_SCHOOL,MODULAR,0,,0,15754.21,Formal Employment
ALS_06681,15,MALE,JUNIOR_HIGH_SCHOOL,FACE_TO_FACE,0,,1,3903.12,Formal Employment
ALS_04273,20,FEMALE,JUNIOR_HIGH_SCHOOL,MODULAR,0,,1,8166.96,Retired / Pensioner
ALS_06469,31,MALE,JUNIOR_HIGH_SCHOOL,FACE_TO_FACE,0,,0,14228.63,Informal / Contractual Worker
ALS_03005,16,MALE,BLP,MODULAR,0,,0,10247.77,Self-Employed / Business Owner
ALS_00230,15,FEMALE,JUNIOR_HIGH_SCHOOL,BLENDED,0,0.7,0,9969.68,Other
ALS_06098,21,FEMALE,JUNIOR_HIGH_SCHOOL,FACE_TO_FACE,0,,0,21851.09,OFW (Overseas Filipino Worker)
ALS_01886,33,FEMALE,JUNIOR_HIGH_SCHOOL,MODULAR,1,,1,5715.2,Retired / Pensioner
ALS_02147,22,MALE,JUNIOR_HIGH_SCHOOL,FACE_TO_FACE,0,,1,11236.53,Self-Employed / Business Owner
ALS_02338,17,MALE,JUNIOR_HIGH_SCHOOL,FACE_TO_FACE,1,,1,6825.58,Formal Employment
ALS_05459,16,MALE,JUNIOR_HIGH_SCHOOL,FACE_TO_FACE,0,,1,7011.42,Retired / Pensioner
ALS_05673,15,MALE,JUNIOR_HIGH_SCHOOL,FACE_TO_FACE,0,,1,10274.67,Unemployed / No Income
ALS_04888,23,FEMALE,JUNIOR_HIGH_SCHOOL,MODULAR,0,,1,5888.96,Unemployed / No Income
ALS_03331,20,MALE,JUNIOR_HIGH_SCHOOL,MODULAR,0,,1,2000,Unemployed / No Income
ALS_01864,37,FEMALE,JUNIOR_HIGH_SCHOOL,MODULAR,0,,1,5657.2,Other
ALS_03844,21,MALE,BLP,FACE_TO_FACE,1,,1,5507.39,OFW (Overseas Filipino Worker)
ALS_05163,20,MALE,JUNIOR_HIGH_SCHOOL,MODULAR,0,,0,7192.13,Informal / Contractual Worker
ALS_00948,33,MALE,JUNIOR_HIGH_SCHOOL,FACE_TO_FACE,0,0,0,5982.84,Self-Employed / Business Owner
ALS_02956,17,FEMALE,JUNIOR_HIGH_SCHOOL,FACE_TO_FACE,0,,0,18160.73,Informal / Contractual Worker
ALS_01404,35,FEMALE,JUNIOR_HIGH_SCHOOL,FACE_TO_FACE,0,1.09,0,19429.69,Formal Employment
ALS_01816,31,FEMALE,JUNIOR_HIGH_SCHOOL,FACE_TO_FACE,1,,1,15707.93,Unemployed / No Income
ALS_06298,33,MALE,JUNIOR_HIGH_SCHOOL,BLENDED,0,,1,3280.68,Informal / Contractual Worker
ALS_03021,18,MALE,JUNIOR_HIGH_SCHOOL,FACE_TO_FACE,0,,0,7136.04,Formal Employment
ALS_02180,33,FEMALE,JUNIOR_HIGH_SCHOOL,FACE_TO_FACE,0,,0,16387.76,Other
ALS_04951,28,MALE,JUNIOR_HIGH_SCHOOL,FACE_TO_FACE,1,,1,17858,Informal / Contractual Worker
ALS_00776,16,FEMALE,JUNIOR_HIGH_SCHOOL,FACE_TO_FACE,0,0,0,13008.57,Retired / Pensioner
ALS_05504,21,FEMALE,JUNIOR_HIGH_SCHOOL,MODULAR,0,,1,7940.85,Formal Employment
ALS_03547,17,MALE,JUNIOR_HIGH_SCHOOL,MODULAR,1,0.42,1,9063.24,Informal / Contractual Worker
ALS_00555,34,FEMALE,JUNIOR_HIGH_SCHOOL,MODULAR,0,1.64,0,10520.65,Unemployed / No Income
ALS_05166,24,FEMALE,JUNIOR_HIGH_SCHOOL,BLENDED,0,,1,6790.77,Self-Employed / Business Owner
ALS_01328,25,MALE,JUNIOR_HIGH_SCHOOL,MODULAR,0,,1,6741.72,Other
ALS_04950,31,MALE,BLP,FACE_TO_FACE,0,,1,5537.22,Informal / Contractual Worker
ALS_04102,13,MALE,ELEMENTARY,FACE_TO_FACE,1,,0,11638.66,OFW (Overseas Filipino Worker)
ALS_06512,35,FEMALE,JUNIOR_HIGH_SCHOOL,MODULAR,0,,0,25484.53,Other
ALS_03356,25,FEMALE,JUNIOR_HIGH_SCHOOL,MODULAR,0,1.28,0,15540.12,OFW (Overseas Filipino Worker)
ALS_06536,17,MALE,JUNIOR_HIGH_SCHOOL,FACE_TO_FACE,0,,1,20119.64,Informal / Contractual Worker
ALS_00560,32,FEMALE,JUNIOR_HIGH_SCHOOL,MODULAR,0,1.2,0,14508.09,Informal / Contractual Worker
ALS_05349,18,FEMALE,JUNIOR_HIGH_SCHOOL,FACE_TO_FACE,0,,1,5203.4,Informal / Contractual Worker
ALS_05230,25,MALE,JUNIOR_HIGH_SCHOOL,FACE_TO_FACE,1,,0,14086.87,Self-Employed / Business Owner
ALS_03161,33,MALE,JUNIOR_HIGH_SCHOOL,MODULAR,0,,1,9265.77,Self-Employed / Business Owner
ALS_01500,15,MALE,JUNIOR_HIGH_SCHOOL,FACE_TO_FACE,0,,0,8526.02,Self-Employed / Business Owner
ALS_04116,19,FEMALE,JUNIOR_HIGH_SCHOOL,FACE_TO_FACE,0,,1,8120.59,Informal / Contractual Worker
ALS_03826,12,MALE,ELEMENTARY,FACE_TO_FACE,0,,1,7493.31,Retired / Pensioner
ALS_05584,17,MALE,JUNIOR_HIGH_SCHOOL,FACE_TO_FACE,1,,0,9668.15,Formal Employment
ALS_03631,27,MALE,JUNIOR_HIGH_SCHOOL,FACE_TO_FACE,1,,1,12090.39,Informal / Contractual Worker
ALS_00799,29,FEMALE,JUNIOR_HIGH_SCHOOL,BLENDED,0,0.58,0,10453.01,Informal / Contractual Worker
ALS_06769,32,FEMALE,JUNIOR_HIGH_SCHOOL,FACE_TO_FACE,0,0.42,1,9663.21,Informal / Contractual Worker
ALS_05961,18,FEMALE,JUNIOR_HIGH_SCHOOL,FACE_TO_FACE,0,,1,3073.84,Self-Employed / Business Owner
ALS_01784,17,FEMALE,JUNIOR_HIGH_SCHOOL,MODULAR,1,,1,3204.45,Retired / Pensioner
ALS_05304,17,FEMALE,JUNIOR_HIGH_SCHOOL,MODULAR,0,,0,7510.12,Formal Employment
ALS_04541,14,MALE,BLP,FACE_TO_FACE,0,,1,5700.86,Unemployed / No Income
ALS_00268,18,FEMALE,JUNIOR_HIGH_SCHOOL,FACE_TO_FACE,0,0,0,14158.29,OFW (Overseas Filipino Worker)
ALS_02869,17,FEMALE,JUNIOR_HIGH_SCHOOL,FACE_TO_FACE,0,,1,14800.46,Self-Employed / Business Owner
ALS_04561,17,FEMALE,ELEMENTARY,FACE_TO_FACE,0,,1,19044.54,OFW (Overseas Filipino Worker)
ALS_04209,21,MALE,JUNIOR_HIGH_SCHOOL,BLENDED,0,,0,18729.93,Informal / Contractual Worker
ALS_03484,16,FEMALE,JUNIOR_HIGH_SCHOOL,FACE_TO_FACE,0,,0,10693.89,Informal / Contractual Worker
ALS_04239,19,MALE,JUNIOR_HIGH_SCHOOL,MODULAR,0,,1,6151.55,Unemployed / No Income
ALS_02440,18,MALE,JUNIOR_HIGH_SCHOOL,FACE_TO_FACE,0,,1,7595.73,Formal Employment
ALS_06547,15,MALE,JUNIOR_HIGH_SCHOOL,FACE_TO_FACE,0,0,0,7721.45,Informal / Contractual Worker
ALS_03070,28,MALE,JUNIOR_HIGH_SCHOOL,MODULAR,1,,1,4197.76,Formal Employment
ALS_04854,17,FEMALE,JUNIOR_HIGH_SCHOOL,FACE_TO_FACE,1,,0,7824.07,Self-Employed / Business Owner
ALS_04307,27,MALE,JUNIOR_HIGH_SCHOOL,BLENDED,0,,1,8698.71,Unemployed / No Income
ALS_03183,28,FEMALE,JUNIOR_HIGH_SCHOOL,FACE_TO_FACE,0,,0,22892.39,Other
ALS_03510,29,MALE,JUNIOR_HIGH_SCHOOL,FACE_TO_FACE,0,,1,8582.29,Informal / Contractual Worker
ALS_02702,32,FEMALE,JUNIOR_HIGH_SCHOOL,MODULAR,0,,1,5383.71,Other
ALS_00211,15,MALE,JUNIOR_HIGH_SCHOOL,FACE_TO_FACE,0,0,0,8574.38,Informal / Contractual Worker
ALS_03028,20,MALE,JUNIOR_HIGH_SCHOOL,FACE_TO_FACE,1,,1,6967.77,Informal / Contractual Worker
ALS_02438,16,MALE,JUNIOR_HIGH_SCHOOL,FACE_TO_FACE,0,,1,9392.43,Other
ALS_02666,15,MALE,JUNIOR_HIGH_SCHOOL,FACE_TO_FACE,0,,0,6442.05,Formal Employment
ALS_05110,14,MALE,JUNIOR_HIGH_SCHOOL,BLENDED,0,,1,17332.26,Retired / Pensioner
ALS_05713,15,FEMALE,JUNIOR_HIGH_SCHOOL,FACE_TO_FACE,0,,0,5715.84,Informal / Contractual Worker
ALS_04927,24,FEMALE,JUNIOR_HIGH_SCHOOL,FACE_TO_FACE,0,,1,19298.5,Self-Employed / Business Owner
ALS_00623,16,MALE,JUNIOR_HIGH_SCHOOL,FACE_TO_FACE,,2.47,0,9022.26,Informal / Contractual Worker
ALS_06444,13,MALE,ELEMENTARY,MODULAR,0,0.42,1,26968.9,Informal / Contractual Worker
ALS_02643,29,MALE,JUNIOR_HIGH_SCHOOL,MODULAR,1,,1,5408.31,Formal Employment
ALS_02140,31,MALE,JUNIOR_HIGH_SCHOOL,FACE_TO_FACE,1,,1,2430.42,Retired / Pensioner
ALS_03009,18,FEMALE,JUNIOR_HIGH_SCHOOL,MODULAR,0,,1,7737.57,Other
ALS_00798,26,MALE,JUNIOR_HIGH_SCHOOL,BLENDED,0,1.21,0,19286.97,Unemployed / No Income
ALS_04909,17,MALE,JUNIOR_HIGH_SCHOOL,FACE_TO_FACE,0,,1,4169.74,Informal / Contractual Worker
ALS_03031,16,FEMALE,JUNIOR_HIGH_SCHOOL,FACE_TO_FACE,0,0,0,19597.1,OFW (Overseas Filipino Worker)
ALS_03431,15,MALE,JUNIOR_HIGH_SCHOOL,MODULAR,0,,1,9516.71,Informal / Contractual Worker
ALS_04533,15,MALE,JUNIOR_HIGH_SCHOOL,FACE_TO_FACE,0,,1,6203.55,Self-Employed / Business Owner
ALS_04091,26,FEMALE,JUNIOR_HIGH_SCHOOL,FACE_TO_FACE,0,,1,5094.84,Informal / Contractual Worker
ALS_02950,22,FEMALE,JUNIOR_HIGH_SCHOOL,MODULAR,0,,1,7177.31,Self-Employed / Business Owner
ALS_03881,48,FEMALE,JUNIOR_HIGH_SCHOOL,MODULAR,0,,1,12324.76,Other
ALS_02029,16,MALE,JUNIOR_HIGH_SCHOOL,FACE_TO_FACE,1,,1,8926.62,Informal / Contractual Worker
ALS_04492,26,FEMALE,JUNIOR_HIGH_SCHOOL,BLENDED,0,,1,7332.87,Unemployed / No Income
ALS_06095,17,MALE,JUNIOR_HIGH_SCHOOL,FACE_TO_FACE,0,,0,14567.87,Informal / Contractual Worker
ALS_02878,18,FEMALE,JUNIOR_HIGH_SCHOOL,FACE_TO_FACE,0,,1,4865.6,Retired / Pensioner
ALS_05201,21,MALE,JUNIOR_HIGH_SCHOOL,FACE_TO_FACE,0,,0,8005.66,Self-Employed / Business Owner
ALS_02219,23,MALE,JUNIOR_HIGH_SCHOOL,FACE_TO_FACE,1,,0,16194.83,Retired / Pensioner
ALS_03639,18,MALE,JUNIOR_HIGH_SCHOOL,FACE_TO_FACE,0,0,0,10242.13,Formal Employment
ALS_02312,26,MALE,JUNIOR_HIGH_SCHOOL,FACE_TO_FACE,1,,1,4200.9,Informal / Contractual Worker
ALS_06122,15,FEMALE,JUNIOR_HIGH_SCHOOL,FACE_TO_FACE,0,,1,8874.84,Unemployed / No Income
ALS_00348,44,MALE,JUNIOR_HIGH_SCHOOL,FACE_TO_FACE,0,1.7,0,14718.17,Unemployed / No Income
ALS_03709,24,MALE,ELEMENTARY,MODULAR,1,0.42,0,29836.82,Other
ALS_04771,16,MALE,JUNIOR_HIGH_SCHOOL,FACE_TO_FACE,0,0.42,1,6018.25,Formal Employment
ALS_01062,16,MALE,JUNIOR_HIGH_SCHOOL,FACE_TO_FACE,0,0,0,10120.16,Retired / Pensioner
ALS_06709,16,MALE,JUNIOR_HIGH_SCHOOL,FACE_TO_FACE,0,,0,6071.6,Informal / Contractual Worker
ALS_02760,21,MALE,JUNIOR_HIGH_SCHOOL,FACE_TO_FACE,0,,1,4513.64,Informal / Contractual Worker
ALS_04387,13,FEMALE,ELEMENTARY,FACE_TO_FACE,0,,1,9686.17,Informal / Contractual Worker
ALS_04949,21,MALE,ELEMENTARY,FACE_TO_FACE,0,,0,26485.06,Formal Employment
ALS_04468,11,MALE,ELEMENTARY,FACE_TO_FACE,0,,1,7355.42,Other
ALS_00849,18,MALE,JUNIOR_HIGH_SCHOOL,BLENDED,0,0,0,10449.18,OFW (Overseas Filipino Worker)
ALS_05084,24,MALE,JUNIOR_HIGH_SCHOOL,BLENDED,0,,1,6395.69,Unemployed / No Income
ALS_00643,37,FEMALE,JUNIOR_HIGH_SCHOOL,FACE_TO_FACE,0,2.05,0,10361.11,Informal / Contractual Worker
ALS_00111,16,MALE,JUNIOR_HIGH_SCHOOL,MODULAR,0,0,0,5379.28,Formal Employment
ALS_05065,32,MALE,JUNIOR_HIGH_SCHOOL,MODULAR,0,,1,16247.5,Unemployed / No Income
ALS_05394,23,MALE,JUNIOR_HIGH_SCHOOL,FACE_TO_FACE,0,,0,15764.13,Formal Employment
ALS_04474,16,MALE,JUNIOR_HIGH_SCHOOL,MODULAR,0,,1,5318.51,Unemployed / No Income
ALS_01793,15,MALE,ELEMENTARY,FACE_TO_FACE,0,,1,11962.61,Informal / Contractual Worker
ALS_06426,12,MALE,ELEMENTARY,MODULAR,0,0.42,1,7922.19,Formal Employment
ALS_05518,19,MALE,JUNIOR_HIGH_SCHOOL,MODULAR,0,,1,9226.62,Formal Employment
ALS_04565,16,FEMALE,JUNIOR_HIGH_SCHOOL,FACE_TO_FACE,0,,1,7788.39,Unemployed / No Income
ALS_03022,21,MALE,JUNIOR_HIGH_SCHOOL,FACE_TO_FACE,0,,0,18115.06,Informal / Contractual Worker
ALS_01853,43,MALE,JUNIOR_HIGH_SCHOOL,FACE_TO_FACE,1,,1,12025.1,Informal / Contractual Worker
ALS_00793,17,MALE,JUNIOR_HIGH_SCHOOL,BLENDED,0,0.58,0,12657.99,OFW (Overseas Filipino Worker)
ALS_05192,12,MALE,ELEMENTARY,FACE_TO_FACE,0,,1,15912.94,Self-Employed / Business Owner
ALS_01254,19,MALE,JUNIOR_HIGH_SCHOOL,MODULAR,1,,0,18482.12,Formal Employment
ALS_03623,15,MALE,JUNIOR_HIGH_SCHOOL,FACE_TO_FACE,0,,1,3831.96,OFW (Overseas Filipino Worker)
ALS_05124,19,MALE,JUNIOR_HIGH_SCHOOL,BLENDED,0,,0,9458.63,OFW (Overseas Filipino Worker)
ALS_00723,36,MALE,JUNIOR_HIGH_SCHOOL,MODULAR,0,0,0,20771.8,Self-Employed / Business Owner
ALS_02100,23,MALE,JUNIOR_HIGH_SCHOOL,MODULAR,0,,1,13540.35,Unemployed / No Income
ALS_03424,19,MALE,JUNIOR_HIGH_SCHOOL,BLENDED,0,,1,6443.97,Self-Employed / Business Owner
ALS_04215,24,FEMALE,JUNIOR_HIGH_SCHOOL,BLENDED,0,,1,8857.6,Formal Employment
ALS_05993,16,MALE,JUNIOR_HIGH_SCHOOL,FACE_TO_FACE,0,,1,8573.49,Unemployed / No Income
ALS_03071,26,MALE,JUNIOR_HIGH_SCHOOL,FACE_TO_FACE,1,,1,5696.93,Self-Employed / Business Owner
ALS_06003,14,FEMALE,JUNIOR_HIGH_SCHOOL,FACE_TO_FACE,0,,0,16053.75,Formal Employment
ALS_06600,16,MALE,JUNIOR_HIGH_SCHOOL,FACE_TO_FACE,0,,0,25079.66,Informal / Contractual Worker
ALS_00311,13,MALE,ELEMENTARY,FACE_TO_FACE,0,0,0,5344.32,Self-Employed / Business Owner
ALS_03470,55,FEMALE,JUNIOR_HIGH_SCHOOL,MODULAR,0,,0,6459.21,Formal Employment
ALS_02916,21,MALE,JUNIOR_HIGH_SCHOOL,MODULAR,0,,1,5576.82,Informal / Contractual Worker
ALS_05946,17,MALE,JUNIOR_HIGH_SCHOOL,FACE_TO_FACE,0,,1,8155.23,Self-Employed / Business Owner
ALS_05339,46,MALE,JUNIOR_HIGH_SCHOOL,MODULAR,1,,1,5467.64,Formal Employment
ALS_03953,25,MALE,JUNIOR_HIGH_SCHOOL,FACE_TO_FACE,0,,0,16930.66,Formal Employment
ALS_00803,30,MALE,JUNIOR_HIGH_SCHOOL,BLENDED,0,0,0,13451.34,Informal / Contractual Worker
ALS_03745,18,MALE,JUNIOR_HIGH_SCHOOL,FACE_TO_FACE,0,,1,10488.2,Informal / Contractual Worker
ALS_04542,17,MALE,JUNIOR_HIGH_SCHOOL,FACE_TO_FACE,0,,1,3495.68,Self-Employed / Business Owner
ALS_06546,22,MALE,JUNIOR_HIGH_SCHOOL,MODULAR,0,,1,6759.1,Formal Employment
ALS_05720,18,MALE,JUNIOR_HIGH_SCHOOL,FACE_TO_FACE,0,,1,14705.78,Retired / Pensioner
ALS_03542,34,MALE,JUNIOR_HIGH_SCHOOL,MODULAR,0,0.42,0,7519.05,Self-Employed / Business Owner
ALS_00406,19,MALE,JUNIOR_HIGH_SCHOOL,FACE_TO_FACE,0,1.5,0,11868.15,OFW (Overseas Filipino Worker)
ALS_04195,17,FEMALE,JUNIOR_HIGH_SCHOOL,BLENDED,0,,1,6783.54,Other
ALS_03573,15,FEMALE,JUNIOR_HIGH_SCHOOL,FACE_TO_FACE,0,,0,17296.78,Other
ALS_06243,15,MALE,JUNIOR_HIGH_SCHOOL,FACE_TO_FACE,0,,0,19035.2,Self-Employed / Business Owner
ALS_02694,18,FEMALE,JUNIOR_HIGH_SCHOOL,MODULAR,0,,1,4626.12,Formal Employment
ALS_04849,18,MALE,JUNIOR_HIGH_SCHOOL,MODULAR,1,,0,12861.74,Informal / Contractual Worker
ALS_03862,21,MALE,JUNIOR_HIGH_SCHOOL,FACE_TO_FACE,1,0,1,7101.99,Formal Employment
ALS_04502,19,MALE,ELEMENTARY,FACE_TO_FACE,0,,1,4468.95,Formal Employment
ALS_03800,19,MALE,JUNIOR_HIGH_SCHOOL,FACE_TO_FACE,1,,0,11917.49,Retired / Pensioner
ALS_00621,15,FEMALE,JUNIOR_HIGH_SCHOOL,FACE_TO_FACE,0,0.73,0,14126.56,Unemployed / No Income
ALS_05699,15,MALE,JUNIOR_HIGH_SCHOOL,BLENDED,0,,1,10911.16,Unemployed / No Income
ALS_03578,24,MALE,JUNIOR_HIGH_SCHOOL,MODULAR,0,,1,7820.72,Self-Employed / Business Owner
ALS_05589,34,MALE,JUNIOR_HIGH_SCHOOL,MODULAR,1,,1,6531.87,Informal / Contractual Worker
ALS_03118,23,MALE,JUNIOR_HIGH_SCHOOL,FACE_TO_FACE,1,,1,10482.74,Unemployed / No Income
ALS_01719,21,MALE,JUNIOR_HIGH_SCHOOL,BLENDED,0,,1,7083.52,Informal / Contractual Worker
ALS_02305,22,FEMALE,JUNIOR_HIGH_SCHOOL,MODULAR,0,,1,5186.87,Unemployed / No Income
ALS_05770,33,FEMALE,JUNIOR_HIGH_SCHOOL,FACE_TO_FACE,0,,1,6249.45,Informal / Contractual Worker
ALS_06360,18,MALE,JUNIOR_HIGH_SCHOOL,FACE_TO_FACE,0,,0,11193.68,Formal Employment
ALS_01648,24,FEMALE,JUNIOR_HIGH_SCHOOL,FACE_TO_FACE,1,,1,4994.28,Formal Employment
ALS_04595,32,FEMALE,JUNIOR_HIGH_SCHOOL,FACE_TO_FACE,0,,1,4258.26,Unemployed / No Income
ALS_01934,21,FEMALE,JUNIOR_HIGH_SCHOOL,BLENDED,1,,1,9978.36,Informal / Contractual Worker
ALS_00300,13,MALE,ELEMENTARY,FACE_TO_FACE,1,1.38,0,27030.96,Formal Employment
ALS_06596,12,MALE,ELEMENTARY,FACE_TO_FACE,0,,1,5285.02,Self-Employed / Business Owner
ALS_02352,35,FEMALE,JUNIOR_HIGH_SCHOOL,FACE_TO_FACE,0,,0,9435.53,Formal Employment
ALS_03319,15,MALE,JUNIOR_HIGH_SCHOOL,BLENDED,1,1.28,1,5407.55,Unemployed / No Income
ALS_03035,38,FEMALE,JUNIOR_HIGH_SCHOOL,FACE_TO_FACE,0,,0,11519.78,Formal Employment
ALS_04026,14,MALE,JUNIOR_HIGH_SCHOOL,FACE_TO_FACE,1,,1,11492.91,OFW (Overseas Filipino Worker)
ALS_03583,19,FEMALE,JUNIOR_HIGH_SCHOOL,MODULAR,0,,0,10493.73,Formal Employment
ALS_05856,17,MALE,JUNIOR_HIGH_SCHOOL,FACE_TO_FACE,0,,0,22985.41,Self-Employed / Business Owner
ALS_05453,27,FEMALE,JUNIOR_HIGH_SCHOOL,FACE_TO_FACE,0,,0,8991.71,Formal Employment
ALS_04780,17,MALE,BLP,FACE_TO_FACE,0,,1,3767.67,Informal / Contractual Worker
ALS_02107,40,MALE,JUNIOR_HIGH_SCHOOL,MODULAR,0,,1,4866.61,Informal / Contractual Worker
ALS_02860,15,FEMALE,JUNIOR_HIGH_SCHOOL,FACE_TO_FACE,0,,1,5567.91,Retired / Pensioner
ALS_02256,12,MALE,ELEMENTARY,FACE_TO_FACE,0,,1,16128.39,Formal Employment
ALS_02875,16,FEMALE,JUNIOR_HIGH_SCHOOL,FACE_TO_FACE,0,,1,6710.54,Unemployed / No Income
ALS_03126,19,MALE,JUNIOR_HIGH_SCHOOL,FACE_TO_FACE,0,,1,7995.73,Unemployed / No Income
ALS_02517,19,MALE,JUNIOR_HIGH_SCHOOL,FACE_TO_FACE,0,,1,7559.94,Unemployed / No Income
ALS_06190,17,MALE,JUNIOR_HIGH_SCHOOL,FACE_TO_FACE,0,0.42,0,17010.23,Unemployed / No Income
ALS_05559,17,FEMALE,JUNIOR_HIGH_SCHOOL,MODULAR,0,,1,3954.71,Unemployed / No Income
ALS_06450,16,FEMALE,JUNIOR_HIGH_SCHOOL,FACE_TO_FACE,0,,1,8839.68,Informal / Contractual Worker
ALS_00618,21,MALE,JUNIOR_HIGH_SCHOOL,MODULAR,0,1.36,0,11133.83,Informal / Contractual Worker
ALS_00468,21,FEMALE,JUNIOR_HIGH_SCHOOL,FACE_TO_FACE,0,1.16,0,9307.89,Unemployed / No Income
ALS_03426,44,MALE,JUNIOR_HIGH_SCHOOL,BLENDED,0,,0,4458.68,Other
ALS_03936,22,FEMALE,JUNIOR_HIGH_SCHOOL,MODULAR,0,,1,11211.83,Other
ALS_01849,36,MALE,ELEMENTARY,MODULAR,0,,1,17162.58,Informal / Contractual Worker
ALS_00492,32,MALE,JUNIOR_HIGH_SCHOOL,FACE_TO_FACE,0,0,0,11094.46,Informal / Contractual Worker
ALS_04729,23,MALE,JUNIOR_HIGH_SCHOOL,FACE_TO_FACE,1,,1,6649.01,Informal / Contractual Worker
ALS_03700,16,MALE,JUNIOR_HIGH_SCHOOL,FACE_TO_FACE,0,0.42,0,24253.62,OFW (Overseas Filipino Worker)
ALS_05183,35,FEMALE,JUNIOR_HIGH_SCHOOL,FACE_TO_FACE,0,,1,9891.44,Formal Employment
ALS_01825,25,FEMALE,JUNIOR_HIGH_SCHOOL,BLENDED,1,,1,11625.32,Informal / Contractual Worker
ALS_03705,13,MALE,ELEMENTARY,MODULAR,1,0.42,1,7628.29,Informal / Contractual Worker
ALS_03341,26,MALE,JUNIOR_HIGH_SCHOOL,MODULAR,1,,1,21101.31,Informal / Contractual Worker
ALS_04190,29,FEMALE,ELEMENTARY,FACE_TO_FACE,0,,1,19557.58,Other
ALS_04547,19,MALE,ELEMENTARY,FACE_TO_FACE,0,,1,15331.66,Informal / Contractual Worker
ALS_02127,29,MALE,JUNIOR_HIGH_SCHOOL,FACE_TO_FACE,1,,1,3944.37,Other
ALS_03782,16,FEMALE,JUNIOR_HIGH_SCHOOL,FACE_TO_FACE,0,,0,8327.24,Formal Employment
ALS_00113,31,FEMALE,JUNIOR_HIGH_SCHOOL,BLENDED,0,3.62,0,3050,Formal Employment
ALS_02277,25,FEMALE,BLP,FACE_TO_FACE,0,,1,6540.95,Informal / Contractual Worker
ALS_06447,17,MALE,JUNIOR_HIGH_SCHOOL,FACE_TO_FACE,0,,1,10915.94,Informal / Contractual Worker
ALS_02848,36,FEMALE,JUNIOR_HIGH_SCHOOL,FACE_TO_FACE,0,,1,7754.28,Informal / Contractual Worker
ALS_03201,16,FEMALE,JUNIOR_HIGH_SCHOOL,MODULAR,1,,1,3179.87,Retired / Pensioner
ALS_04738,15,MALE,JUNIOR_HIGH_SCHOOL,FACE_TO_FACE,1,,1,8339.83,Formal Employment
ALS_00351,20,MALE,JUNIOR_HIGH_SCHOOL,MODULAR,0,1.7,0,12976.14,Informal / Contractual Worker
ALS_03281,16,FEMALE,JUNIOR_HIGH_SCHOOL,MODULAR,1,,1,20438,Informal / Contractual Worker
ALS_06564,15,MALE,JUNIOR_HIGH_SCHOOL,FACE_TO_FACE,0,,0,6613.44,Unemployed / No Income
ALS_02193,17,FEMALE,JUNIOR_HIGH_SCHOOL,FACE_TO_FACE,1,,1,16945.77,Other
ALS_00364,26,MALE,JUNIOR_HIGH_SCHOOL,FACE_TO_FACE,0,1.64,0,5081.5,Formal Employment
ALS_06754,14,MALE,ELEMENTARY,FACE_TO_FACE,0,0.42,1,11424.11,Other
ALS_06748,15,MALE,JUNIOR_HIGH_SCHOOL,FACE_TO_FACE,0,,1,7784.43,Informal / Contractual Worker
ALS_02750,15,MALE,JUNIOR_HIGH_SCHOOL,FACE_TO_FACE,0,,1,7491.58,Informal / Contractual Worker
ALS_02028,18,FEMALE,JUNIOR_HIGH_SCHOOL,MODULAR,1,,1,8663.02,Retired / Pensioner
ALS_02993,18,FEMALE,JUNIOR_HIGH_SCHOOL,BLENDED,0,,1,5846.85,Informal / Contractual Worker
ALS_04360,17,MALE,JUNIOR_HIGH_SCHOOL,MODULAR,0,,0,8918,Informal / Contractual Worker
ALS_03060,31,MALE,JUNIOR_HIGH_SCHOOL,FACE_TO_FACE,0,,0,6163.35,Other
ALS_04555,14,MALE,JUNIOR_HIGH_SCHOOL,FACE_TO_FACE,0,,1,5912.68,Other
ALS_04995,16,FEMALE,JUNIOR_HIGH_SCHOOL,FACE_TO_FACE,0,,1,8185.74,Unemployed / No Income
ALS_05894,17,MALE,JUNIOR_HIGH_SCHOOL,MODULAR,0,1.7,0,18013.14,Self-Employed / Business Owner
ALS_03662,17,MALE,JUNIOR_HIGH_SCHOOL,FACE_TO_FACE,1,,1,20925.09,Informal / Contractual Worker
ALS_02705,41,FEMALE,JUNIOR_HIGH_SCHOOL,MODULAR,0,,0,12327.74,Informal / Contractual Worker
ALS_01703,34,MALE,JUNIOR_HIGH_SCHOOL,MODULAR,0,,1,10004.94,Other
ALS_06332,25,MALE,JUNIOR_HIGH_SCHOOL,FACE_TO_FACE,0,,1,8528.07,Self-Employed / Business Owner
ALS_02491,23,MALE,JUNIOR_HIGH_SCHOOL,MODULAR,0,,1,12952.37,Other
ALS_01956,20,MALE,JUNIOR_HIGH_SCHOOL,FACE_TO_FACE,0,,1,17379.19,Informal / Contractual Worker
ALS_02483,32,FEMALE,JUNIOR_HIGH_SCHOOL,MODULAR,0,,1,13518.73,Informal / Contractual Worker
ALS_05232,16,MALE,JUNIOR_HIGH_SCHOOL,MODULAR,1,,1,4482.16,Unemployed / No Income
ALS_05042,19,MALE,JUNIOR_HIGH_SCHOOL,FACE_TO_FACE,0,,1,17848.34,OFW (Overseas Filipino Worker)
ALS_06719,16,FEMALE,JUNIOR_HIGH_SCHOOL,FACE_TO_FACE,0,,1,11678.69,Other
ALS_06759,18,MALE,JUNIOR_HIGH_SCHOOL,FACE_TO_FACE,0,,1,4029.91,Informal / Contractual Worker
ALS_04306,20,FEMALE,JUNIOR_HIGH_SCHOOL,FACE_TO_FACE,1,,1,6363.88,Other
ALS_04643,26,MALE,JUNIOR_HIGH_SCHOOL,MODULAR,0,,1,2535.66,Informal / Contractual Worker
ALS_02235,23,MALE,JUNIOR_HIGH_SCHOOL,MODULAR,0,,0,14783.09,Formal Employment
ALS_04440,22,FEMALE,JUNIOR_HIGH_SCHOOL,MODULAR,0,,1,5028.2,Unemployed / No Income
ALS_03735,25,FEMALE,JUNIOR_HIGH_SCHOOL,BLENDED,0,0.42,0,8402.09,Self-Employed / Business Owner
ALS_05095,16,MALE,JUNIOR_HIGH_SCHOOL,FACE_TO_FACE,0,,0,10643.22,Self-Employed / Business Owner
ALS_06933,17,MALE,JUNIOR_HIGH_SCHOOL,FACE_TO_FACE,0,0.42,0,8648.81,Self-Employed / Business Owner
ALS_02213,15,MALE,JUNIOR_HIGH_SCHOOL,FACE_TO_FACE,1,,1,7198.83,Informal / Contractual Worker
ALS_00270,17,FEMALE,JUNIOR_HIGH_SCHOOL,FACE_TO_FACE,0,0,0,12485.09,Retired / Pensioner
ALS_04648,32,FEMALE,JUNIOR_HIGH_SCHOOL,MODULAR,0,,1,8702.75,Retired / Pensioner
ALS_00316,16,MALE,JUNIOR_HIGH_SCHOOL,BLENDED,0,0,0,4032.66,Unemployed / No Income
ALS_02555,23,FEMALE,JUNIOR_HIGH_SCHOOL,BLENDED,0,,1,6173.98,Informal / Contractual Worker
ALS_02982,15,MALE,JUNIOR_HIGH_SCHOOL,MODULAR,0,,1,8268.34,Informal / Contractual Worker
ALS_04207,15,MALE,JUNIOR_HIGH_SCHOOL,BLENDED,0,,1,5789.74,Unemployed / No Income
ALS_04866,23,FEMALE,JUNIOR_HIGH_SCHOOL,FACE_TO_FACE,0,,0,10810.65,OFW (Overseas Filipino Worker)
ALS_04709,29,FEMALE,JUNIOR_HIGH_SCHOOL,BLENDED,0,,0,17439.56,Formal Employment
ALS_05994,17,MALE,JUNIOR_HIGH_SCHOOL,FACE_TO_FACE,0,,0,23566.73,OFW (Overseas Filipino Worker)
ALS_02535,20,FEMALE,JUNIOR_HIGH_SCHOOL,FACE_TO_FACE,0,,0,15917.04,Unemployed / No Income
ALS_04076,14,FEMALE,ELEMENTARY,MODULAR,0,,1,9233.75,Informal / Contractual Worker
ALS_03408,17,FEMALE,JUNIOR_HIGH_SCHOOL,MODULAR,0,,0,11678.48,Informal / Contractual Worker
ALS_06488,16,MALE,JUNIOR_HIGH_SCHOOL,FACE_TO_FACE,0,,1,7432.65,Formal Employment
ALS_02016,17,MALE,JUNIOR_HIGH_SCHOOL,MODULAR,1,,1,10073.25,Unemployed / No Income
ALS_08201,26,MALE,JUNIOR_HIGH_SCHOOL,FACE_TO_FACE,,,1,11945.72,Informal / Contractual Worker
ALS_04707,16,FEMALE,JUNIOR_HIGH_SCHOOL,BLENDED,0,,1,10821.11,Self-Employed / Business Owner
ALS_06791,22,FEMALE,JUNIOR_HIGH_SCHOOL,FACE_TO_FACE,1,0,0,5079.4,OFW (Overseas Filipino Worker)
ALS_00149,24,FEMALE,JUNIOR_HIGH_SCHOOL,FACE_TO_FACE,0,4.63,0,11707.93,Self-Employed / Business Owner
ALS_05651,15,FEMALE,ELEMENTARY,MODULAR,0,,0,4517.09,Informal / Contractual Worker
ALS_04336,25,MALE,ELEMENTARY,MODULAR,0,,1,6608.96,Other
ALS_06386,13,FEMALE,ELEMENTARY,FACE_TO_FACE,0,,0,7293.47,Formal Employment
ALS_05322,20,FEMALE,JUNIOR_HIGH_SCHOOL,FACE_TO_FACE,1,,0,9933.64,Self-Employed / Business Owner
ALS_04365,13,MALE,ELEMENTARY,FACE_TO_FACE,0,,0,9643.73,Self-Employed / Business Owner
ALS_02454,34,MALE,BLP,FACE_TO_FACE,1,,0,16243.61,Self-Employed / Business Owner
ALS_03362,29,FEMALE,JUNIOR_HIGH_SCHOOL,FACE_TO_FACE,1,,1,3128.94,Informal / Contractual Worker
ALS_06568,14,MALE,JUNIOR_HIGH_SCHOOL,FACE_TO_FACE,0,,1,9559.79,Retired / Pensioner
ALS_06274,19,MALE,JUNIOR_HIGH_SCHOOL,FACE_TO_FACE,0,,1,3647.56,Unemployed / No Income
ALS_07121,19,MALE,JUNIOR_HIGH_SCHOOL,FACE_TO_FACE,,0.42,1,11010.97,Unemployed / No Income
ALS_02222,18,MALE,BLP,FACE_TO_FACE,1,,0,9605.11,Other
ALS_06383,22,FEMALE,JUNIOR_HIGH_SCHOOL,MODULAR,0,,1,13498.62,Informal / Contractual Worker
ALS_00118,21,FEMALE,JUNIOR_HIGH_SCHOOL,MODULAR,0,0.05,0,6177.2,OFW (Overseas Filipino Worker)
ALS_03496,14,MALE,ELEMENTARY,FACE_TO_FACE,1,,1,12310.53,Formal Employment
ALS_06213,15,MALE,JUNIOR_HIGH_SCHOOL,FACE_TO_FACE,0,,1,13827.61,Formal Employment
ALS_05535,21,MALE,JUNIOR_HIGH_SCHOOL,MODULAR,0,,0,8753.07,Formal Employment
ALS_03738,32,MALE,JUNIOR_HIGH_SCHOOL,MODULAR,1,,1,12820.96,Unemployed / No Income
ALS_06096,18,MALE,JUNIOR_HIGH_SCHOOL,FACE_TO_FACE,0,,0,7738.61,OFW (Overseas Filipino Worker)
ALS_01723,29,FEMALE,JUNIOR_HIGH_SCHOOL,BLENDED,0,1.14,0,17732.35,Self-Employed / Business Owner
ALS_05865,23,FEMALE,JUNIOR_HIGH_SCHOOL,FACE_TO_FACE,0,,0,5613.79,Formal Employment
ALS_01340,26,FEMALE,JUNIOR_HIGH_SCHOOL,FACE_TO_FACE,0,,1,4829.09,Informal / Contractual Worker
ALS_01051,22,MALE,JUNIOR_HIGH_SCHOOL,FACE_TO_FACE,0,2.87,0,8725.36,Informal / Contractual Worker
ALS_06601,12,MALE,BLP,FACE_TO_FACE,0,,0,16423.44,Self-Employed / Business Owner
ALS_00222,29,MALE,JUNIOR_HIGH_SCHOOL,BLENDED,0,8.93,0,7391.61,Self-Employed / Business Owner
ALS_04681,18,MALE,JUNIOR_HIGH_SCHOOL,MODULAR,0,,1,3888.44,Formal Employment
ALS_05089,39,FEMALE,JUNIOR_HIGH_SCHOOL,MODULAR,0,,1,2459.37,Formal Employment
ALS_05323,16,FEMALE,JUNIOR_HIGH_SCHOOL,FACE_TO_FACE,0,,1,7812.83,Other
ALS_05749,18,FEMALE,JUNIOR_HIGH_SCHOOL,BLENDED,0,,0,12918.54,Informal / Contractual Worker
ALS_00412,26,FEMALE,JUNIOR_HIGH_SCHOOL,FACE_TO_FACE,0,2.65,0,11019.56,Self-Employed / Business Owner
ALS_02696,52,FEMALE,JUNIOR_HIGH_SCHOOL,BLENDED,0,,0,9325.79,Self-Employed / Business Owner
ALS_05645,16,MALE,JUNIOR_HIGH_SCHOOL,MODULAR,0,,0,4929.9,OFW (Overseas Filipino Worker)
ALS_04000,19,MALE,JUNIOR_HIGH_SCHOOL,MODULAR,1,0.42,0,11023.77,Formal Employment
ALS_06607,15,MALE,JUNIOR_HIGH_SCHOOL,FACE_TO_FACE,0,,1,9342.24,Informal / Contractual Worker
ALS_00053,21,FEMALE,JUNIOR_HIGH_SCHOOL,MODULAR,0,0,0,8607,Other
ALS_01791,18,MALE,ELEMENTARY,BLENDED,1,,1,8807.14,Informal / Contractual Worker
ALS_02503,29,FEMALE,JUNIOR_HIGH_SCHOOL,FACE_TO_FACE,0,,1,7178.1,Other
ALS_02995,20,FEMALE,JUNIOR_HIGH_SCHOOL,FACE_TO_FACE,0,,1,12100.61,Other
ALS_01655,33,FEMALE,JUNIOR_HIGH_SCHOOL,FACE_TO_FACE,0,,0,12348.94,Informal / Contractual Worker
ALS_06178,17,MALE,JUNIOR_HIGH_SCHOOL,FACE_TO_FACE,0,,0,5645.68,Retired / Pensioner
ALS_00122,22,FEMALE,JUNIOR_HIGH_SCHOOL,MODULAR,0,0.05,1,8605.81,Other
ALS_02027,20,MALE,JUNIOR_HIGH_SCHOOL,FACE_TO_FACE,1,,1,3310.4,Informal / Contractual Worker
ALS_02669,16,FEMALE,JUNIOR_HIGH_SCHOOL,BLENDED,0,,0,13772.78,Informal / Contractual Worker
ALS_03215,47,FEMALE,ELEMENTARY,MODULAR,0,,1,3671.61,Informal / Contractual Worker
ALS_00596,18,MALE,JUNIOR_HIGH_SCHOOL,FACE_TO_FACE,0,2.44,0,14640,Formal Employment
ALS_03037,22,FEMALE,JUNIOR_HIGH_SCHOOL,FACE_TO_FACE,1,,1,13737.41,Other
ALS_05289,16,MALE,JUNIOR_HIGH_SCHOOL,FACE_TO_FACE,0,,1,9567.77,Self-Employed / Business Owner
ALS_05687,16,MALE,JUNIOR_HIGH_SCHOOL,FACE_TO_FACE,0,,0,20461.18,Unemployed / No Income
ALS_00269,15,FEMALE,JUNIOR_HIGH_SCHOOL,FACE_TO_FACE,0,0,0,8755.15,Informal / Contractual Worker
ALS_02190,37,FEMALE,JUNIOR_HIGH_SCHOOL,FACE_TO_FACE,0,,0,7956.64,Unemployed / No Income
ALS_02980,15,MALE,JUNIOR_HIGH_SCHOOL,FACE_TO_FACE,0,,0,16354.66,Formal Employment
ALS_03384,59,FEMALE,ELEMENTARY,MODULAR,0,,0,6797.27,Formal Employment
ALS_04851,25,MALE,JUNIOR_HIGH_SCHOOL,FACE_TO_FACE,0,,1,3557.81,Informal / Contractual Worker
ALS_00610,17,MALE,JUNIOR_HIGH_SCHOOL,FACE_TO_FACE,,2.84,0,7400.15,Formal Employment
ALS_01973,21,MALE,JUNIOR_HIGH_SCHOOL,MODULAR,0,,1,14128.33,Unemployed / No Income
ALS_02037,23,FEMALE,JUNIOR_HIGH_SCHOOL,BLENDED,1,,1,5993.68,Formal Employment
ALS_05528,16,MALE,JUNIOR_HIGH_SCHOOL,BLENDED,0,,0,9479.06,Self-Employed / Business Owner
ALS_06403,17,MALE,JUNIOR_HIGH_SCHOOL,FACE_TO_FACE,0,,0,6536.83,Informal / Contractual Worker
ALS_01745,18,FEMALE,JUNIOR_HIGH_SCHOOL,BLENDED,0,0.95,0,20831.41,Retired / Pensioner
ALS_04998,24,FEMALE,JUNIOR_HIGH_SCHOOL,FACE_TO_FACE,0,,1,13435.2,Unemployed / No Income
ALS_05040,38,MALE,ELEMENTARY,MODULAR,0,,1,5925.35,Other
ALS_06359,15,MALE,JUNIOR_HIGH_SCHOOL,FACE_TO_FACE,0,,1,13211.65,Unemployed / No Income
ALS_06365,15,MALE,JUNIOR_HIGH_SCHOOL,FACE_TO_FACE,0,,0,16797.21,Informal / Contractual Worker
ALS_03783,28,FEMALE,JUNIOR_HIGH_SCHOOL,BLENDED,0,,0,4100.27,Formal Employment
ALS_04689,18,MALE,BLP,FACE_TO_FACE,0,,1,10906.4,OFW (Overseas Filipino Worker)
ALS_03720,22,FEMALE,JUNIOR_HIGH_SCHOOL,MODULAR,1,,1,5897.95,Informal / Contractual Worker
ALS_00070,25,MALE,JUNIOR_HIGH_SCHOOL,MODULAR,0,0.05,0,4155.83,Other
ALS_00109,45,FEMALE,JUNIOR_HIGH_SCHOOL,BLENDED,0,6.4,0,8147.35,Informal / Contractual Worker
ALS_06338,15,FEMALE,JUNIOR_HIGH_SCHOOL,FACE_TO_FACE,0,,1,5855.33,OFW (Overseas Filipino Worker)
ALS_03923,25,MALE,JUNIOR_HIGH_SCHOOL,MODULAR,1,,1,14525.18,Informal / Contractual Worker
ALS_01751,15,FEMALE,JUNIOR_HIGH_SCHOOL,BLENDED,0,0.26,0,13671.36,OFW (Overseas Filipino Worker)
ALS_04713,16,MALE,JUNIOR_HIGH_SCHOOL,FACE_TO_FACE,0,,0,14849.26,Other
ALS_02079,18,MALE,JUNIOR_HIGH_SCHOOL,FACE_TO_FACE,1,,1,8850.96,Unemployed / No Income
ALS_06385,33,FEMALE,JUNIOR_HIGH_SCHOOL,MODULAR,0,,1,4273.48,Unemployed / No Income
ALS_05801,38,FEMALE,JUNIOR_HIGH_SCHOOL,BLENDED,0,,1,4520.05,Self-Employed / Business Owner
ALS_06602,12,MALE,ELEMENTARY,FACE_TO_FACE,0,,0,20610.1,Self-Employed / Business Owner
ALS_05531,15,MALE,JUNIOR_HIGH_SCHOOL,FACE_TO_FACE,0,,0,12422.34,Retired / Pensioner
ALS_02068,27,MALE,JUNIOR_HIGH_SCHOOL,FACE_TO_FACE,1,,1,5750.65,Unemployed / No Income
ALS_06508,16,MALE,ELEMENTARY,MODULAR,0,,0,6753.87,Other
ALS_00055,24,MALE,JUNIOR_HIGH_SCHOOL,FACE_TO_FACE,0,0,0,13200.99,Informal / Contractual Worker
ALS_04862,35,FEMALE,ELEMENTARY,FACE_TO_FACE,0,,1,6753.72,Informal / Contractual Worker
ALS_01806,14,MALE,JUNIOR_HIGH_SCHOOL,MODULAR,0,,1,3991.41,Informal / Contractual Worker
ALS_03163,32,MALE,JUNIOR_HIGH_SCHOOL,MODULAR,0,,0,6489.5,OFW (Overseas Filipino Worker)
ALS_04651,16,FEMALE,JUNIOR_HIGH_SCHOOL,FACE_TO_FACE,0,,1,17369.67,Informal / Contractual Worker
ALS_05538,17,MALE,JUNIOR_HIGH_SCHOOL,MODULAR,0,,1,4579.48,Informal / Contractual Worker
ALS_04056,21,FEMALE,JUNIOR_HIGH_SCHOOL,MODULAR,0,,1,4358.29,Unemployed / No Income
ALS_00135,16,MALE,JUNIOR_HIGH_SCHOOL,FACE_TO_FACE,0,0,0,7500.07,Unemployed / No Income
ALS_04436,32,MALE,JUNIOR_HIGH_SCHOOL,FACE_TO_FACE,0,,1,2905.22,Informal / Contractual Worker
ALS_02658,15,MALE,JUNIOR_HIGH_SCHOOL,BLENDED,0,,0,5302.29,Informal / Contractual Worker
ALS_05033,16,FEMALE,JUNIOR_HIGH_SCHOOL,MODULAR,0,,1,6734.3,Self-Employed / Business Owner
ALS_03807,25,FEMALE,JUNIOR_HIGH_SCHOOL,FACE_TO_FACE,1,,0,7281.93,Unemployed / No Income
ALS_06397,16,MALE,JUNIOR_HIGH_SCHOOL,FACE_TO_FACE,0,,0,8252.49,Self-Employed / Business Owner
ALS_01174,31,MALE,JUNIOR_HIGH_SCHOOL,MODULAR,0,,0,8439.37,Informal / Contractual Worker
ALS_05636,16,FEMALE,JUNIOR_HIGH_SCHOOL,MODULAR,0,,1,6281.82,Unemployed / No Income
ALS_03880,51,FEMALE,JUNIOR_HIGH_SCHOOL,MODULAR,0,,1,10580.96,Informal / Contractual Worker
ALS_06707,17,MALE,JUNIOR_HIGH_SCHOOL,FACE_TO_FACE,0,,1,5751.3,Self-Employed / Business Owner
ALS_05392,24,MALE,JUNIOR_HIGH_SCHOOL,FACE_TO_FACE,0,,1,7153.32,Self-Employed / Business Owner
ALS_05830,19,MALE,JUNIOR_HIGH_SCHOOL,FACE_TO_FACE,0,,1,6760.58,Self-Employed / Business Owner
ALS_04359,24,MALE,JUNIOR_HIGH_SCHOOL,FACE_TO_FACE,1,,1,7305.73,OFW (Overseas Filipino Worker)
ALS_05746,28,MALE,JUNIOR_HIGH_SCHOOL,FACE_TO_FACE,0,,1,5999.14,Unemployed / No Income
ALS_05624,15,MALE,JUNIOR_HIGH_SCHOOL,FACE_TO_FACE,0,,0,24254.42,Formal Employment
ALS_02367,21,FEMALE,JUNIOR_HIGH_SCHOOL,MODULAR,1,,1,5262.29,Informal / Contractual Worker
ALS_05287,16,MALE,JUNIOR_HIGH_SCHOOL,MODULAR,0,0.42,0,11421.99,Unemployed / No Income
ALS_00890,29,MALE,JUNIOR_HIGH_SCHOOL,FACE_TO_FACE,0,1.21,0,12790.55,Self-Employed / Business Owner
ALS_02511,22,MALE,JUNIOR_HIGH_SCHOOL,FACE_TO_FACE,0,,1,8055.12,Self-Employed / Business Owner
ALS_05555,41,FEMALE,JUNIOR_HIGH_SCHOOL,MODULAR,0,,1,12779.94,Formal Employment
ALS_04476,32,MALE,JUNIOR_HIGH_SCHOOL,MODULAR,0,,1,26092.74,Informal / Contractual Worker
ALS_04334,14,MALE,JUNIOR_HIGH_SCHOOL,FACE_TO_FACE,0,,1,4265.07,Informal / Contractual Worker
ALS_00157,27,MALE,JUNIOR_HIGH_SCHOOL,FACE_TO_FACE,0,6.16,0,11733.93,Formal Employment
ALS_04971,16,MALE,JUNIOR_HIGH_SCHOOL,FACE_TO_FACE,0,,0,22306.75,Self-Employed / Business Owner
ALS_02022,12,MALE,ELEMENTARY,FACE_TO_FACE,1,,1,4641.88,Other
ALS_00672,26,MALE,JUNIOR_HIGH_SCHOOL,FACE_TO_FACE,0,1.71,0,7128.29,Self-Employed / Business Owner
ALS_04626,22,MALE,JUNIOR_HIGH_SCHOOL,FACE_TO_FACE,0,,1,6855.84,Self-Employed / Business Owner
ALS_06226,35,MALE,JUNIOR_HIGH_SCHOOL,FACE_TO_FACE,0,,0,15330.06,Unemployed / No Income
ALS_02676,16,FEMALE,JUNIOR_HIGH_SCHOOL,BLENDED,0,,0,7444.71,Formal Employment
ALS_03531,20,MALE,JUNIOR_HIGH_SCHOOL,MODULAR,0,0.42,0,10276.18,Self-Employed / Business Owner
ALS_02270,35,MALE,JUNIOR_HIGH_SCHOOL,MODULAR,0,,1,11348.36,Unemployed / No Income
ALS_01866,21,MALE,BLP,FACE_TO_FACE,0,,1,8293.33,Unemployed / No Income
ALS_00999,18,FEMALE,JUNIOR_HIGH_SCHOOL,BLENDED,0,0,1,5387.62,Informal / Contractual Worker
ALS_03440,46,FEMALE,JUNIOR_HIGH_SCHOOL,BLENDED,0,,0,13667.49,Self-Employed / Business Owner
ALS_00911,23,FEMALE,JUNIOR_HIGH_SCHOOL,BLENDED,0,1.21,0,5957.37,Self-Employed / Business Owner
ALS_03198,15,FEMALE,JUNIOR_HIGH_SCHOOL,FACE_TO_FACE,1,,1,11237.06,Unemployed / No Income
ALS_04902,22,MALE,JUNIOR_HIGH_SCHOOL,MODULAR,0,,1,3747.12,Informal / Contractual Worker
ALS_02380,37,MALE,JUNIOR_HIGH_SCHOOL,MODULAR,0,,0,9191.63,Other
ALS_01220,17,MALE,JUNIOR_HIGH_SCHOOL,FACE_TO_FACE,0,0.42,1,6086.63,Unemployed / No Income
ALS_03368,28,FEMALE,JUNIOR_HIGH_SCHOOL,MODULAR,1,,1,4842.23,Self-Employed / Business Owner
ALS_04503,20,FEMALE,JUNIOR_HIGH_SCHOOL,FACE_TO_FACE,0,,0,10966.05,Self-Employed / Business Owner
ALS_02036,21,MALE,JUNIOR_HIGH_SCHOOL,MODULAR,1,,1,4425.46,Self-Employed / Business Owner
ALS_03030,12,FEMALE,BLP,FACE_TO_FACE,1,,1,3757.35,Informal / Contractual Worker
ALS_05930,23,MALE,JUNIOR_HIGH_SCHOOL,MODULAR,0,,1,5252.83,Self-Employed / Business Owner
ALS_00655,16,MALE,JUNIOR_HIGH_SCHOOL,BLENDED,0,3.59,0,13725.73,OFW (Overseas Filipino Worker)
ALS_02031,21,MALE,ELEMENTARY,MODULAR,0,,1,5143.4,Other
ALS_06032,16,FEMALE,JUNIOR_HIGH_SCHOOL,MODULAR,0,,1,3391.2,Retired / Pensioner
ALS_05190,19,MALE,JUNIOR_HIGH_SCHOOL,MODULAR,0,,1,3450.48,Unemployed / No Income
ALS_05364,37,FEMALE,JUNIOR_HIGH_SCHOOL,MODULAR,0,,0,9888.94,Formal Employment
ALS_03390,17,MALE,JUNIOR_HIGH_SCHOOL,MODULAR,0,,0,38909.78,Formal Employment
ALS_04158,30,FEMALE,JUNIOR_HIGH_SCHOOL,MODULAR,0,,0,25511.58,Unemployed / No Income
ALS_02700,19,FEMALE,JUNIOR_HIGH_SCHOOL,BLENDED,0,,0,4060.19,Formal Employment
ALS_03541,19,MALE,JUNIOR_HIGH_SCHOOL,FACE_TO_FACE,1,,1,4937.89,Unemployed / No Income
ALS_06071,15,MALE,JUNIOR_HIGH_SCHOOL,FACE_TO_FACE,0,,0,11534.01,Informal / Contractual Worker
ALS_06420,15,FEMALE,JUNIOR_HIGH_SCHOOL,FACE_TO_FACE,0,,0,14034.49,Formal Employment
ALS_05383,38,FEMALE,JUNIOR_HIGH_SCHOOL,FACE_TO_FACE,0,,0,12758.13,Informal / Contractual Worker
ALS_06624,15,MALE,JUNIOR_HIGH_SCHOOL,FACE_TO_FACE,0,,0,20450.4,Unemployed / No Income
ALS_04111,19,MALE,JUNIOR_HIGH_SCHOOL,FACE_TO_FACE,0,,1,9259.7,Self-Employed / Business Owner
ALS_05552,15,FEMALE,JUNIOR_HIGH_SCHOOL,MODULAR,0,0.42,0,3018.99,Formal Employment
ALS_01536,41,FEMALE,JUNIOR_HIGH_SCHOOL,FACE_TO_FACE,0,,0,6744.23,Formal Employment
ALS_04115,19,MALE,JUNIOR_HIGH_SCHOOL,FACE_TO_FACE,0,,1,4011.64,Formal Employment
ALS_02170,23,MALE,JUNIOR_HIGH_SCHOOL,FACE_TO_FACE,0,,0,21896.2,Other
ALS_03911,18,MALE,JUNIOR_HIGH_SCHOOL,FACE_TO_FACE,0,,0,18896.36,Other
ALS_01845,21,FEMALE,JUNIOR_HIGH_SCHOOL,BLENDED,1,,1,8758.4,Unemployed / No Income
ALS_03076,31,MALE,JUNIOR_HIGH_SCHOOL,FACE_TO_FACE,1,,1,7286.62,Other
ALS_03979,39,FEMALE,JUNIOR_HIGH_SCHOOL,MODULAR,0,,0,30591.11,Formal Employment
ALS_00527,22,MALE,JUNIOR_HIGH_SCHOOL,MODULAR,0,1.64,0,23033.04,Self-Employed / Business Owner
ALS_06556,15,MALE,ELEMENTARY,FACE_TO_FACE,0,,0,6138.41,OFW (Overseas Filipino Worker)
ALS_04219,17,MALE,JUNIOR_HIGH_SCHOOL,BLENDED,0,,0,17425.72,Self-Employed / Business Owner
ALS_02675,19,FEMALE,JUNIOR_HIGH_SCHOOL,MODULAR,0,,1,9204.38,OFW (Overseas Filipino Worker)
ALS_03539,12,MALE,ELEMENTARY,FACE_TO_FACE,0,0.42,0,9631.1,Unemployed / No Income
ALS_05491,16,MALE,JUNIOR_HIGH_SCHOOL,FACE_TO_FACE,0,0,0,12015.32,Formal Employment
ALS_06223,30,MALE,JUNIOR_HIGH_SCHOOL,MODULAR,0,,0,11217.37,Self-Employed / Business Owner
ALS_06070,16,MALE,JUNIOR_HIGH_SCHOOL,FACE_TO_FACE,0,,0,8866.08,Formal Employment
ALS_08348,35,MALE,JUNIOR_HIGH_SCHOOL,FACE_TO_FACE,,0,0,8720.64,Formal Employment
ALS_05827,19,FEMALE,JUNIOR_HIGH_SCHOOL,MODULAR,0,,1,3167.6,Formal Employment
ALS_02206,29,MALE,JUNIOR_HIGH_SCHOOL,FACE_TO_FACE,1,,1,4662.88,Other
ALS_02067,17,MALE,JUNIOR_HIGH_SCHOOL,MODULAR,0,,1,9849.47,Retired / Pensioner
ALS_00418,16,FEMALE,JUNIOR_HIGH_SCHOOL,FACE_TO_FACE,0,4.11,0,15502.29,Other
ALS_03483,35,FEMALE,JUNIOR_HIGH_SCHOOL,BLENDED,0,,1,19338.46,Unemployed / No Income
ALS_06515,15,FEMALE,JUNIOR_HIGH_SCHOOL,FACE_TO_FACE,0,,0,8561.74,Formal Employment
ALS_00946,44,MALE,JUNIOR_HIGH_SCHOOL,BLENDED,0,0,0,12052.8,Informal / Contractual Worker
ALS_04173,26,MALE,JUNIOR_HIGH_SCHOOL,FACE_TO_FACE,0,,1,5254.79,Other
ALS_04733,33,FEMALE,BLP,MODULAR,0,,1,3064.2,Informal / Contractual Worker
ALS_02198,23,FEMALE,JUNIOR_HIGH_SCHOOL,FACE_TO_FACE,1,,1,8425.43,Informal / Contractual Worker
ALS_05693,36,MALE,JUNIOR_HIGH_SCHOOL,FACE_TO_FACE,0,,1,14671.36,Self-Employed / Business Owner
ALS_03853,22,MALE,JUNIOR_HIGH_SCHOOL,BLENDED,0,,0,13606.73,Formal Employment
ALS_04100,22,MALE,JUNIOR_HIGH_SCHOOL,FACE_TO_FACE,1,,0,8604.37,Informal / Contractual Worker
ALS_02313,44,MALE,JUNIOR_HIGH_SCHOOL,FACE_TO_FACE,1,,1,7914.2,Unemployed / No Income
ALS_03204,25,MALE,JUNIOR_HIGH_SCHOOL,FACE_TO_FACE,1,,1,5150.55,Other
ALS_02872,29,FEMALE,JUNIOR_HIGH_SCHOOL,FACE_TO_FACE,0,0.28,1,5182.55,Self-Employed / Business Owner
ALS_06501,14,FEMALE,JUNIOR_HIGH_SCHOOL,FACE_TO_FACE,0,,1,12118.31,Other
ALS_02713,17,MALE,JUNIOR_HIGH_SCHOOL,FACE_TO_FACE,0,,1,25493.47,Retired / Pensioner
ALS_04568,32,FEMALE,JUNIOR_HIGH_SCHOOL,FACE_TO_FACE,0,,1,14837.17,Informal / Contractual Worker
ALS_03751,37,FEMALE,ELEMENTARY,FACE_TO_FACE,0,,1,10023.37,Informal / Contractual Worker
ALS_03566,41,FEMALE,JUNIOR_HIGH_SCHOOL,MODULAR,0,,1,9314.04,Informal / Contractual Worker
ALS_06198,17,MALE,JUNIOR_HIGH_SCHOOL,FACE_TO_FACE,0,,0,9619.83,Informal / Contractual Worker
ALS_06164,23,MALE,JUNIOR_HIGH_SCHOOL,MODULAR,0,,1,6958.95,Unemployed / No Income
ALS_05406,27,MALE,JUNIOR_HIGH_SCHOOL,FACE_TO_FACE,0,,1,7823.28,Self-Employed / Business Owner
ALS_01164,36,MALE,JUNIOR_HIGH_SCHOOL,MODULAR,0,,0,18360.72,Self-Employed / Business Owner
ALS_00757,24,MALE,JUNIOR_HIGH_SCHOOL,FACE_TO_FACE,0,0,0,5090.07,Self-Employed / Business Owner
ALS_06355,16,FEMALE,JUNIOR_HIGH_SCHOOL,FACE_TO_FACE,0,,1,6879.1,Unemployed / No Income
ALS_05303,15,MALE,JUNIOR_HIGH_SCHOOL,MODULAR,0,,0,8081.26,Formal Employment
ALS_02852,22,FEMALE,JUNIOR_HIGH_SCHOOL,FACE_TO_FACE,0,,1,2921.46,Informal / Contractual Worker
ALS_04695,28,FEMALE,JUNIOR_HIGH_SCHOOL,BLENDED,0,,0,5988.91,Self-Employed / Business Owner
ALS_01398,19,MALE,JUNIOR_HIGH_SCHOOL,FACE_TO_FACE,1,,0,12060.2,Other
ALS_01952,17,MALE,JUNIOR_HIGH_SCHOOL,BLENDED,0,4.1,0,36928.35,Other
ALS_06378,17,MALE,JUNIOR_HIGH_SCHOOL,FACE_TO_FACE,0,,1,2185.16,Informal / Contractual Worker
ALS_02831,19,MALE,JUNIOR_HIGH_SCHOOL,FACE_TO_FACE,0,,1,9278.55,Unemployed / No Income
ALS_07047,18,MALE,JUNIOR_HIGH_SCHOOL,FACE_TO_FACE,0,,0,6292.03,Formal Employment
ALS_04963,26,FEMALE,JUNIOR_HIGH_SCHOOL,FACE_TO_FACE,0,,1,6690.17,Self-Employed / Business Owner
ALS_04600,15,MALE,JUNIOR_HIGH_SCHOOL,FACE_TO_FACE,0,,0,18996.81,Formal Employment
ALS_02601,44,MALE,JUNIOR_HIGH_SCHOOL,FACE_TO_FACE,0,,1,5173.23,Formal Employment
ALS_04420,32,MALE,JUNIOR_HIGH_SCHOOL,MODULAR,1,,0,20726.55,Formal Employment
ALS_02630,18,MALE,JUNIOR_HIGH_SCHOOL,BLENDED,0,,0,4179.49,Formal Employment
ALS_02521,37,FEMALE,JUNIOR_HIGH_SCHOOL,MODULAR,0,,1,7954.08,Formal Employment
ALS_02551,14,MALE,JUNIOR_HIGH_SCHOOL,BLENDED,0,,0,5979.15,Informal / Contractual Worker
ALS_03289,40,FEMALE,JUNIOR_HIGH_SCHOOL,MODULAR,1,,1,7965.78,Formal Employment
ALS_03638,13,MALE,ELEMENTARY,FACE_TO_FACE,0,0,0,10834.39,Self-Employed / Business Owner
ALS_06541,15,MALE,JUNIOR_HIGH_SCHOOL,FACE_TO_FACE,0,0,0,7013.57,Self-Employed / Business Owner
ALS_00574,19,MALE,JUNIOR_HIGH_SCHOOL,FACE_TO_FACE,0,3.43,0,12396.45,Formal Employment
ALS_04844,19,MALE,JUNIOR_HIGH_SCHOOL,FACE_TO_FACE,1,,0,20227.53,Formal Employment
ALS_00228,17,FEMALE,JUNIOR_HIGH_SCHOOL,MODULAR,0,,0,15018.38,OFW (Overseas Filipino Worker)
ALS_05116,15,FEMALE,JUNIOR_HIGH_SCHOOL,FACE_TO_FACE,0,,1,4318.13,Informal / Contractual Worker
ALS_03400,18,MALE,JUNIOR_HIGH_SCHOOL,BLENDED,1,,1,3956.15,Formal Employment
ALS_00593,17,FEMALE,JUNIOR_HIGH_SCHOOL,FACE_TO_FACE,0,0,0,10011.1,Informal / Contractual Worker
ALS_02721,27,FEMALE,ELEMENTARY,FACE_TO_FACE,0,,1,10559.6,Formal Employment
ALS_05901,17,MALE,JUNIOR_HIGH_SCHOOL,MODULAR,0,,1,4398.65,Unemployed / No Income
ALS_04911,16,MALE,JUNIOR_HIGH_SCHOOL,FACE_TO_FACE,0,,1,7706.2,Unemployed / No Income
ALS_01857,31,FEMALE,JUNIOR_HIGH_SCHOOL,MODULAR,1,,1,7361.95,Informal / Contractual Worker
ALS_00688,18,MALE,JUNIOR_HIGH_SCHOOL,FACE_TO_FACE,0,1.91,0,14119.43,Informal / Contractual Worker
ALS_03196,13,FEMALE,ELEMENTARY,FACE_TO_FACE,0,,0,12814.32,Formal Employment
ALS_02413,17,FEMALE,JUNIOR_HIGH_SCHOOL,BLENDED,0,,0,6183.93,Self-Employed / Business Owner
ALS_04873,32,FEMALE,JUNIOR_HIGH_SCHOOL,FACE_TO_FACE,0,,0,8342.13,Retired / Pensioner
ALS_05576,20,FEMALE,JUNIOR_HIGH_SCHOOL,MODULAR,0,,1,6137.71,Retired / Pensioner
ALS_03481,47,MALE,JUNIOR_HIGH_SCHOOL,MODULAR,1,,1,6296.36,Other
ALS_00536,26,MALE,JUNIOR_HIGH_SCHOOL,FACE_TO_FACE,0,0,0,13501.05,Self-Employed / Business Owner
ALS_05973,32,MALE,JUNIOR_HIGH_SCHOOL,FACE_TO_FACE,0,,1,6951.46,Other
ALS_01233,29,FEMALE,JUNIOR_HIGH_SCHOOL,MODULAR,0,0.42,0,10606.09,Formal Employment
ALS_04585,16,FEMALE,JUNIOR_HIGH_SCHOOL,FACE_TO_FACE,0,,0,12646.21,Informal / Contractual Worker
ALS_06202,26,FEMALE,JUNIOR_HIGH_SCHOOL,MODULAR,0,,0,16326.38,Informal / Contractual Worker
ALS_03365,35,FEMALE,JUNIOR_HIGH_SCHOOL,MODULAR,1,,1,6852.64,Other
ALS_02452,34,MALE,JUNIOR_HIGH_SCHOOL,MODULAR,0,,1,3972.72,Unemployed / No Income
ALS_03713,21,MALE,JUNIOR_HIGH_SCHOOL,FACE_TO_FACE,1,,1,6462.78,Unemployed / No Income
ALS_00997,44,MALE,JUNIOR_HIGH_SCHOOL,MODULAR,0,0,1,9929.21,Informal / Contractual Worker
ALS_02157,23,MALE,JUNIOR_HIGH_SCHOOL,FACE_TO_FACE,1,,1,16048.14,Self-Employed / Business Owner
ALS_05334,40,FEMALE,JUNIOR_HIGH_SCHOOL,MODULAR,0,,0,3682.69,Informal / Contractual Worker
ALS_03128,26,MALE,JUNIOR_HIGH_SCHOOL,MODULAR,0,,0,21306.51,Other
ALS_05134,17,MALE,JUNIOR_HIGH_SCHOOL,MODULAR,0,,1,14677.17,Unemployed / No Income
ALS_02516,19,MALE,JUNIOR_HIGH_SCHOOL,BLENDED,0,,0,4635.67,Retired / Pensioner
ALS_02186,18,MALE,JUNIOR_HIGH_SCHOOL,FACE_TO_FACE,1,,1,2122.29,Self-Employed / Business Owner
ALS_06570,33,MALE,JUNIOR_HIGH_SCHOOL,FACE_TO_FACE,0,,0,10995.52,Self-Employed / Business Owner
ALS_01371,20,MALE,JUNIOR_HIGH_SCHOOL,MODULAR,1,,0,11718.14,OFW (Overseas Filipino Worker)
ALS_02156,27,MALE,JUNIOR_HIGH_SCHOOL,FACE_TO_FACE,1,,1,11849,Informal / Contractual Worker
ALS_05679,15,MALE,JUNIOR_HIGH_SCHOOL,BLENDED,0,,1,7204.05,Unemployed / No Income
ALS_03604,21,MALE,JUNIOR_HIGH_SCHOOL,MODULAR,0,,0,10241.06,Other
ALS_02566,50,FEMALE,JUNIOR_HIGH_SCHOOL,FACE_TO_FACE,0,,0,11902.17,Self-Employed / Business Owner
ALS_05764,24,FEMALE,JUNIOR_HIGH_SCHOOL,FACE_TO_FACE,0,,0,8490.27,Formal Employment
ALS_05391,16,MALE,ELEMENTARY,FACE_TO_FACE,0,,1,4178.4,Retired / Pensioner
ALS_04976,16,MALE,JUNIOR_HIGH_SCHOOL,FACE_TO_FACE,1,0.42,1,6448.1,Self-Employed / Business Owner
ALS_03584,36,FEMALE,JUNIOR_HIGH_SCHOOL,FACE_TO_FACE,0,,1,13818.47,OFW (Overseas Filipino Worker)
ALS_02651,52,MALE,JUNIOR_HIGH_SCHOOL,MODULAR,0,,1,7920.42,Unemployed / No Income
ALS_04001,22,MALE,JUNIOR_HIGH_SCHOOL,FACE_TO_FACE,0,0.42,0,7871.11,OFW (Overseas Filipino Worker)
ALS_04559,25,FEMALE,JUNIOR_HIGH_SCHOOL,FACE_TO_FACE,0,,1,5803.78,Informal / Contractual Worker
ALS_05676,31,FEMALE,JUNIOR_HIGH_SCHOOL,BLENDED,0,,1,4894.62,Self-Employed / Business Owner
ALS_01414,17,MALE,JUNIOR_HIGH_SCHOOL,FACE_TO_FACE,0,,1,6529.15,Informal / Contractual Worker
ALS_05102,17,MALE,JUNIOR_HIGH_SCHOOL,MODULAR,0,,1,6206.45,Other
ALS_05277,30,FEMALE,JUNIOR_HIGH_SCHOOL,FACE_TO_FACE,0,,0,10430.58,Formal Employment
ALS_05221,13,FEMALE,ELEMENTARY,FACE_TO_FACE,0,,1,4401.41,Self-Employed / Business Owner
ALS_01643,17,MALE,JUNIOR_HIGH_SCHOOL,FACE_TO_FACE,0,,0,11814.67,Unemployed / No Income
ALS_00325,22,MALE,JUNIOR_HIGH_SCHOOL,FACE_TO_FACE,0,0,0,8017.74,Formal Employment
ALS_01228,25,FEMALE,JUNIOR_HIGH_SCHOOL,FACE_TO_FACE,0,,1,3149.1,Formal Employment
ALS_05177,18,FEMALE,JUNIOR_HIGH_SCHOOL,BLENDED,0,,1,4383.62,Self-Employed / Business Owner
ALS_03945,24,FEMALE,JUNIOR_HIGH_SCHOOL,MODULAR,0,,1,8200.52,Retired / Pensioner
ALS_03968,25,MALE,JUNIOR_HIGH_SCHOOL,FACE_TO_FACE,1,,0,12612.3,Self-Employed / Business Owner
ALS_05591,15,MALE,JUNIOR_HIGH_SCHOOL,FACE_TO_FACE,0,,0,7397.07,Formal Employment
ALS_03321,29,MALE,JUNIOR_HIGH_SCHOOL,BLENDED,0,,1,2295.55,Informal / Contractual Worker
ALS_04566,40,FEMALE,JUNIOR_HIGH_SCHOOL,FACE_TO_FACE,0,,1,4324.78,Unemployed / No Income
ALS_00161,11,FEMALE,ELEMENTARY,BLENDED,0,12.06,0,8375.64,Self-Employed / Business Owner
ALS_06522,16,FEMALE,JUNIOR_HIGH_SCHOOL,FACE_TO_FACE,0,,0,9784.61,OFW (Overseas Filipino Worker)
ALS_05763,21,FEMALE,BLP,FACE_TO_FACE,0,,0,13325.77,Unemployed / No Income
ALS_02746,28,MALE,JUNIOR_HIGH_SCHOOL,FACE_TO_FACE,0,,1,23707.42,Self-Employed / Business Owner
ALS_04186,25,FEMALE,JUNIOR_HIGH_SCHOOL,BLENDED,0,,1,9370.27,Informal / Contractual Worker
ALS_00362,30,MALE,JUNIOR_HIGH_SCHOOL,FACE_TO_FACE,0,0,0,9472.64,Unemployed / No Income
ALS_02591,25,MALE,JUNIOR_HIGH_SCHOOL,MODULAR,1,,1,18639.16,Self-Employed / Business Owner
ALS_02042,21,MALE,JUNIOR_HIGH_SCHOOL,FACE_TO_FACE,1,,1,12037.51,Other
ALS_00388,16,MALE,JUNIOR_HIGH_SCHOOL,FACE_TO_FACE,0,4.49,0,12990.4,Formal Employment
ALS_06279,17,FEMALE,JUNIOR_HIGH_SCHOOL,FACE_TO_FACE,0,,1,12217.04,Formal Employment
ALS_06280,25,FEMALE,JUNIOR_HIGH_SCHOOL,FACE_TO_FACE,0,,1,10549.15,Formal Employment
ALS_06387,22,FEMALE,JUNIOR_HIGH_SCHOOL,FACE_TO_FACE,0,,0,22491.23,Formal Employment
ALS_04826,29,FEMALE,BLP,FACE_TO_FACE,1,,0,8784.32,Formal Employment
ALS_03964,15,MALE,BLP,FACE_TO_FACE,1,,1,5481.84,Unemployed / No Income
ALS_06584,15,FEMALE,JUNIOR_HIGH_SCHOOL,FACE_TO_FACE,0,,0,19550.24,Informal / Contractual Worker
ALS_05544,16,MALE,JUNIOR_HIGH_SCHOOL,FACE_TO_FACE,0,0.42,1,8131.09,Other
ALS_00693,29,FEMALE,JUNIOR_HIGH_SCHOOL,MODULAR,0,3.25,0,6000.99,OFW (Overseas Filipino Worker)
ALS_04993,17,MALE,JUNIOR_HIGH_SCHOOL,FACE_TO_FACE,1,0.42,0,14555.99,Other
ALS_05440,21,FEMALE,JUNIOR_HIGH_SCHOOL,MODULAR,0,,1,15591.7,Informal / Contractual Worker
ALS_04509,52,FEMALE,JUNIOR_HIGH_SCHOOL,FACE_TO_FACE,0,,1,8335.86,Self-Employed / Business Owner
ALS_04864,17,FEMALE,JUNIOR_HIGH_SCHOOL,FACE_TO_FACE,1,,0,9972.3,Formal Employment
ALS_01002,19,MALE,JUNIOR_HIGH_SCHOOL,MODULAR,0,0,0,28095.86,Formal Employment
ALS_00900,32,MALE,JUNIOR_HIGH_SCHOOL,BLENDED,0,0,0,8648.86,Formal Employment
ALS_05586,15,FEMALE,JUNIOR_HIGH_SCHOOL,FACE_TO_FACE,0,,1,6228.88,Unemployed / No Income
ALS_00865,30,FEMALE,JUNIOR_HIGH_SCHOOL,FACE_TO_FACE,0,,0,7474.54,Informal / Contractual Worker
ALS_05571,23,FEMALE,JUNIOR_HIGH_SCHOOL,MODULAR,0,0.42,0,17461.9,Formal Employment
ALS_05718,31,FEMALE,ELEMENTARY,FACE_TO_FACE,0,,1,6998.1,Self-Employed / Business Owner
ALS_03244,28,MALE,JUNIOR_HIGH_SCHOOL,FACE_TO_FACE,0,,0,13078.38,Formal Employment
ALS_00374,22,FEMALE,JUNIOR_HIGH_SCHOOL,FACE_TO_FACE,0,2.84,0,11244.61,OFW (Overseas Filipino Worker)
ALS_02691,15,FEMALE,JUNIOR_HIGH_SCHOOL,MODULAR,0,,0,3664,Unemployed / No Income
ALS_01875,25,FEMALE,JUNIOR_HIGH_SCHOOL,FACE_TO_FACE,0,,1,15200.58,Informal / Contractual Worker
ALS_06014,18,FEMALE,JUNIOR_HIGH_SCHOOL,FACE_TO_FACE,0,,0,12972.27,Self-Employed / Business Owner
ALS_05219,23,FEMALE,JUNIOR_HIGH_SCHOOL,FACE_TO_FACE,0,,1,3743.49,Formal Employment
ALS_04250,38,FEMALE,JUNIOR_HIGH_SCHOOL,FACE_TO_FACE,1,,1,18822.53,Informal / Contractual Worker
ALS_02430,16,MALE,JUNIOR_HIGH_SCHOOL,MODULAR,0,,1,6322.93,Unemployed / No Income
ALS_06210,15,FEMALE,JUNIOR_HIGH_SCHOOL,FACE_TO_FACE,0,,1,6564.18,Formal Employment
ALS_01709,26,MALE,JUNIOR_HIGH_SCHOOL,BLENDED,0,,1,5676.48,Other
ALS_05480,33,FEMALE,JUNIOR_HIGH_SCHOOL,FACE_TO_FACE,1,0,1,7856.55,Informal / Contractual Worker
ALS_05864,13,FEMALE,BLP,FACE_TO_FACE,0,,1,7582.13,OFW (Overseas Filipino Worker)
ALS_04725,30,FEMALE,JUNIOR_HIGH_SCHOOL,MODULAR,0,,0,10341.23,Unemployed / No Income
ALS_03214,25,MALE,JUNIOR_HIGH_SCHOOL,BLENDED,0,,0,11271.93,Self-Employed / Business Owner
ALS_02230,23,MALE,JUNIOR_HIGH_SCHOOL,MODULAR,1,,0,7634.94,Self-Employed / Business Owner
ALS_02610,39,FEMALE,JUNIOR_HIGH_SCHOOL,FACE_TO_FACE,0,,1,8915.35,Unemployed / No Income
ALS_04119,17,MALE,JUNIOR_HIGH_SCHOOL,FACE_TO_FACE,0,,0,19497.35,Informal / Contractual Worker
ALS_01748,22,FEMALE,JUNIOR_HIGH_SCHOOL,MODULAR,0,,1,5857.6,Formal Employment
ALS_05821,25,MALE,JUNIOR_HIGH_SCHOOL,FACE_TO_FACE,0,,1,4070.26,Other
ALS_04174,28,FEMALE,JUNIOR_HIGH_SCHOOL,FACE_TO_FACE,1,,0,10760.75,Informal / Contractual Worker
ALS_01579,19,MALE,JUNIOR_HIGH_SCHOOL,FACE_TO_FACE,0,,1,5166.03,Self-Employed / Business Owner
ALS_06492,17,MALE,JUNIOR_HIGH_SCHOOL,FACE_TO_FACE,0,,1,4323.84,Retired / Pensioner
ALS_05866,16,MALE,JUNIOR_HIGH_SCHOOL,BLENDED,0,,1,3467.27,Formal Employment
ALS_05735,16,FEMALE,JUNIOR_HIGH_SCHOOL,FACE_TO_FACE,0,,1,9014.53,Other
ALS_03768,18,MALE,JUNIOR_HIGH_SCHOOL,FACE_TO_FACE,0,,1,9060.31,Formal Employment
ALS_04903,17,MALE,JUNIOR_HIGH_SCHOOL,MODULAR,0,,1,2859.57,Self-Employed / Business Owner
ALS_02487,39,FEMALE,JUNIOR_HIGH_SCHOOL,MODULAR,0,,1,3956.68,Informal / Contractual Worker
ALS_05670,31,FEMALE,JUNIOR_HIGH_SCHOOL,FACE_TO_FACE,0,,1,12112.77,Retired / Pensioner
ALS_05468,20,MALE,JUNIOR_HIGH_SCHOOL,FACE_TO_FACE,0,,1,9520.35,Unemployed / No Income
ALS_00713,25,MALE,JUNIOR_HIGH_SCHOOL,FACE_TO_FACE,0,0,0,9691.29,Informal / Contractual Worker
ALS_04384,26,MALE,JUNIOR_HIGH_SCHOOL,MODULAR,0,,1,13608.3,Informal / Contractual Worker
ALS_06604,17,MALE,JUNIOR_HIGH_SCHOOL,FACE_TO_FACE,0,,0,5364.59,Formal Employment
ALS_05448,31,MALE,ELEMENTARY,FACE_TO_FACE,0,,1,4547.67,Unemployed / No Income
ALS_08451,17,FEMALE,JUNIOR_HIGH_SCHOOL,FACE_TO_FACE,,0.42,1,2177.54,Self-Employed / Business Owner
ALS_05526,29,MALE,JUNIOR_HIGH_SCHOOL,MODULAR,0,,1,2980.82,OFW (Overseas Filipino Worker)
ALS_05868,29,MALE,JUNIOR_HIGH_SCHOOL,BLENDED,0,,1,8439.9,Formal Employment
ALS_06597,16,MALE,JUNIOR_HIGH_SCHOOL,FACE_TO_FACE,0,,0,9887.85,OFW (Overseas Filipino Worker)
ALS_08446,25,MALE,JUNIOR_HIGH_SCHOOL,MODULAR,0,,0,6603.85,Informal / Contractual Worker
ALS_04968,33,FEMALE,JUNIOR_HIGH_SCHOOL,FACE_TO_FACE,0,,0,19976.7,Formal Employment
ALS_06222,23,FEMALE,JUNIOR_HIGH_SCHOOL,FACE_TO_FACE,0,,1,3652.8,Unemployed / No Income
ALS_03916,22,MALE,ELEMENTARY,MODULAR,0,,1,15110.45,Other
ALS_03338,19,MALE,JUNIOR_HIGH_SCHOOL,MODULAR,1,,1,7181.52,Formal Employment
ALS_04222,33,FEMALE,JUNIOR_HIGH_SCHOOL,FACE_TO_FACE,0,,0,12067.63,Other
ALS_05798,19,MALE,JUNIOR_HIGH_SCHOOL,BLENDED,0,,1,8904.73,Informal / Contractual Worker
ALS_05829,23,FEMALE,JUNIOR_HIGH_SCHOOL,MODULAR,0,,1,9863.79,Formal Employment
ALS_04429,17,MALE,JUNIOR_HIGH_SCHOOL,FACE_TO_FACE,0,,1,12484.13,Self-Employed / Business Owner
ALS_06398,15,MALE,JUNIOR_HIGH_SCHOOL,FACE_TO_FACE,0,,1,7663.88,Informal / Contractual Worker
ALS_03296,20,MALE,JUNIOR_HIGH_SCHOOL,BLENDED,1,,1,8773.42,Unemployed / No Income
ALS_03778,15,MALE,JUNIOR_HIGH_SCHOOL,FACE_TO_FACE,1,,1,2771.84,Other
ALS_06275,16,MALE,JUNIOR_HIGH_SCHOOL,FACE_TO_FACE,0,,1,4041.43,Unemployed / No Income
ALS_01992,32,FEMALE,JUNIOR_HIGH_SCHOOL,BLENDED,1,,1,9001.43,Informal / Contractual Worker
ALS_02818,25,MALE,JUNIOR_HIGH_SCHOOL,FACE_TO_FACE,0,,1,7732.94,Informal / Contractual Worker
ALS_03357,32,FEMALE,JUNIOR_HIGH_SCHOOL,MODULAR,0,1.28,0,8216.28,Self-Employed / Business Owner
ALS_06134,15,MALE,JUNIOR_HIGH_SCHOOL,FACE_TO_FACE,0,,1,5903.84,Formal Employment
ALS_01809,19,MALE,JUNIOR_HIGH_SCHOOL,FACE_TO_FACE,1,,1,4857.99,Unemployed / No Income
ALS_00667,17,FEMALE,JUNIOR_HIGH_SCHOOL,FACE_TO_FACE,0,1.97,0,9935.51,Self-Employed / Business Owner
ALS_00499,16,FEMALE,JUNIOR_HIGH_SCHOOL,FACE_TO_FACE,0,0,0,20713.87,Unemployed / No Income
ALS_03667,28,MALE,JUNIOR_HIGH_SCHOOL,FACE_TO_FACE,0,0,0,11482.45,Formal Employment
ALS_06669,16,FEMALE,BLP,FACE_TO_FACE,0,,1,10261.46,Self-Employed / Business Owner
ALS_01981,15,MALE,JUNIOR_HIGH_SCHOOL,FACE_TO_FACE,0,,0,10717.01,Unemployed / No Income
ALS_06455,14,FEMALE,ELEMENTARY,FACE_TO_FACE,0,,1,8040.67,Self-Employed / Business Owner
ALS_05787,16,MALE,JUNIOR_HIGH_SCHOOL,BLENDED,0,,0,24859.85,Self-Employed / Business Owner
ALS_03634,18,MALE,JUNIOR_HIGH_SCHOOL,FACE_TO_FACE,1,,1,5930.63,Unemployed / No Income
ALS_06304,25,FEMALE,JUNIOR_HIGH_SCHOOL,BLENDED,0,,1,20179.9,Unemployed / No Income
ALS_03879,18,FEMALE,JUNIOR_HIGH_SCHOOL,BLENDED,0,0,0,12735.83,Other
ALS_06241,16,FEMALE,JUNIOR_HIGH_SCHOOL,FACE_TO_FACE,0,,0,16195.34,Unemployed / No Income
ALS_04049,16,FEMALE,JUNIOR_HIGH_SCHOOL,FACE_TO_FACE,0,0.42,0,9200.5,Self-Employed / Business Owner
ALS_06268,16,MALE,JUNIOR_HIGH_SCHOOL,FACE_TO_FACE,0,,1,6195.2,Unemployed / No Income
ALS_02626,15,MALE,JUNIOR_HIGH_SCHOOL,FACE_TO_FACE,0,,1,5012.39,Formal Employment
ALS_04464,27,FEMALE,JUNIOR_HIGH_SCHOOL,MODULAR,0,,0,9080.08,Self-Employed / Business Owner
ALS_04405,24,FEMALE,JUNIOR_HIGH_SCHOOL,FACE_TO_FACE,0,,0,15754.67,Informal / Contractual Worker
ALS_04088,33,MALE,JUNIOR_HIGH_SCHOOL,FACE_TO_FACE,0,,1,13362.66,OFW (Overseas Filipino Worker)
ALS_05076,16,FEMALE,JUNIOR_HIGH_SCHOOL,FACE_TO_FACE,0,,0,10548.29,Retired / Pensioner
ALS_04466,23,MALE,JUNIOR_HIGH_SCHOOL,MODULAR,0,,1,4457.32,Formal Employment
ALS_03732,14,FEMALE,ELEMENTARY,MODULAR,1,,1,5048.6,Other
ALS_00409,28,FEMALE,JUNIOR_HIGH_SCHOOL,MODULAR,0,,0,12665.38,Retired / Pensioner
ALS_00315,23,MALE,JUNIOR_HIGH_SCHOOL,MODULAR,1,0,1,8665.16,Self-Employed / Business Owner
ALS_06595,34,FEMALE,JUNIOR_HIGH_SCHOOL,FACE_TO_FACE,0,,1,16887.77,Informal / Contractual Worker
ALS_01905,14,MALE,ELEMENTARY,BLENDED,1,,1,5735.96,Informal / Contractual Worker
ALS_03818,26,MALE,ELEMENTARY,FACE_TO_FACE,0,,1,2529.36,OFW (Overseas Filipino Worker)
ALS_03149,16,MALE,ELEMENTARY,MODULAR,0,,1,13033.4,Self-Employed / Business Owner
ALS_03895,30,MALE,JUNIOR_HIGH_SCHOOL,MODULAR,0,,1,7145.69,Self-Employed / Business Owner
ALS_02635,12,MALE,ELEMENTARY,FACE_TO_FACE,0,,0,10466.2,Informal / Contractual Worker
ALS_03387,35,MALE,JUNIOR_HIGH_SCHOOL,MODULAR,1,,1,11799.46,Formal Employment
ALS_01777,16,MALE,ELEMENTARY,BLENDED,1,,1,9335.4,Self-Employed / Business Owner
ALS_06043,17,MALE,JUNIOR_HIGH_SCHOOL,MODULAR,0,,1,13906.37,Unemployed / No Income
ALS_04614,15,MALE,ELEMENTARY,FACE_TO_FACE,0,,1,7685.63,Unemployed / No Income
ALS_02334,17,MALE,BLP,FACE_TO_FACE,1,,1,2889.23,Informal / Contractual Worker
ALS_00133,19,MALE,JUNIOR_HIGH_SCHOOL,FACE_TO_FACE,0,5.64,0,10776.43,Formal Employment
ALS_03990,18,FEMALE,JUNIOR_HIGH_SCHOOL,BLENDED,0,,0,10148.18,Formal Employment
ALS_02475,28,MALE,JUNIOR_HIGH_SCHOOL,FACE_TO_FACE,0,,1,6919.76,Unemployed / No Income
ALS_05297,13,MALE,ELEMENTARY,FACE_TO_FACE,0,,1,15916.34,Self-Employed / Business Owner
ALS_02108,16,MALE,JUNIOR_HIGH_SCHOOL,MODULAR,0,,0,5962.72,OFW (Overseas Filipino Worker)
ALS_01505,52,FEMALE,JUNIOR_HIGH_SCHOOL,BLENDED,0,50.23,1,17698.48,Informal / Contractual Worker
ALS_06161,22,MALE,ELEMENTARY,MODULAR,0,,1,13307.46,Formal Employment
ALS_02731,40,MALE,JUNIOR_HIGH_SCHOOL,FACE_TO_FACE,0,,1,8123.34,Informal / Contractual Worker
ALS_02556,28,FEMALE,JUNIOR_HIGH_SCHOOL,BLENDED,0,,1,4151.09,Informal / Contractual Worker
ALS_03659,17,MALE,JUNIOR_HIGH_SCHOOL,FACE_TO_FACE,1,,1,15900.12,Informal / Contractual Worker
ALS_00978,35,MALE,JUNIOR_HIGH_SCHOOL,FACE_TO_FACE,0,0,0,19377.5,Self-Employed / Business Owner
ALS_06755,17,MALE,JUNIOR_HIGH_SCHOOL,FACE_TO_FACE,0,,1,4304.85,Other
ALS_04047,15,FEMALE,JUNIOR_HIGH_SCHOOL,MODULAR,0,,1,7316.48,Informal / Contractual Worker
ALS_00365,18,MALE,JUNIOR_HIGH_SCHOOL,FACE_TO_FACE,0,1.96,0,8228.29,Unemployed / No Income
ALS_03142,22,FEMALE,JUNIOR_HIGH_SCHOOL,FACE_TO_FACE,0,,1,6397.85,Formal Employment
ALS_03596,39,FEMALE,JUNIOR_HIGH_SCHOOL,MODULAR,0,,1,9403.14,Unemployed / No Income
ALS_06436,18,MALE,JUNIOR_HIGH_SCHOOL,FACE_TO_FACE,0,,1,9820.27,Self-Employed / Business Owner
ALS_03511,28,MALE,JUNIOR_HIGH_SCHOOL,FACE_TO_FACE,0,,1,30779.93,Formal Employment
ALS_00660,23,FEMALE,JUNIOR_HIGH_SCHOOL,BLENDED,1,1.64,1,15795.26,Unemployed / No Income
ALS_02612,19,MALE,JUNIOR_HIGH_SCHOOL,MODULAR,0,,0,6288.99,Unemployed / No Income
ALS_03442,40,FEMALE,JUNIOR_HIGH_SCHOOL,MODULAR,0,,1,6987.05,Retired / Pensioner
ALS_00280,38,MALE,JUNIOR_HIGH_SCHOOL,FACE_TO_FACE,0,0.75,0,11172.67,Retired / Pensioner
ALS_05657,41,FEMALE,JUNIOR_HIGH_SCHOOL,FACE_TO_FACE,0,,1,6283.43,Informal / Contractual Worker
ALS_02471,21,MALE,JUNIOR_HIGH_SCHOOL,MODULAR,0,,1,3972.49,Self-Employed / Business Owner
ALS_03760,28,MALE,JUNIOR_HIGH_SCHOOL,FACE_TO_FACE,1,,0,8019.56,Other
ALS_04848,19,MALE,JUNIOR_HIGH_SCHOOL,FACE_TO_FACE,0,,1,10807.09,Formal Employment
ALS_04212,16,MALE,JUNIOR_HIGH_SCHOOL,FACE_TO_FACE,1,,1,2937.68,Other
ALS_02908,18,MALE,ELEMENTARY,FACE_TO_FACE,1,,0,19005.11,Self-Employed / Business Owner
ALS_04214,32,FEMALE,JUNIOR_HIGH_SCHOOL,BLENDED,0,,1,3348.14,OFW (Overseas Filipino Worker)
ALS_05299,13,MALE,ELEMENTARY,FACE_TO_FACE,0,,1,6871.17,OFW (Overseas Filipino Worker)
ALS_03974,16,FEMALE,JUNIOR_HIGH_SCHOOL,FACE_TO_FACE,0,,1,8111.09,Unemployed / No Income
ALS_02737,18,MALE,JUNIOR_HIGH_SCHOOL,FACE_TO_FACE,0,,1,5853.8,Self-Employed / Business Owner
ALS_04053,15,FEMALE,JUNIOR_HIGH_SCHOOL,FACE_TO_FACE,0,,0,14374.48,Formal Employment
ALS_06554,13,MALE,JUNIOR_HIGH_SCHOOL,MODULAR,0,,1,10172.11,Retired / Pensioner
ALS_03007,16,MALE,JUNIOR_HIGH_SCHOOL,MODULAR,0,,0,8273.96,Formal Employment
ALS_05898,22,FEMALE,JUNIOR_HIGH_SCHOOL,FACE_TO_FACE,0,,0,7235.65,Unemployed / No Income
ALS_00021,15,FEMALE,JUNIOR_HIGH_SCHOOL,BLENDED,0,0,0,14393.17,Formal Employment
ALS_02803,28,MALE,JUNIOR_HIGH_SCHOOL,FACE_TO_FACE,0,,1,5846.18,Other
ALS_03064,22,MALE,ELEMENTARY,FACE_TO_FACE,0,,1,15161.63,Self-Employed / Business Owner
ALS_05536,16,MALE,JUNIOR_HIGH_SCHOOL,FACE_TO_FACE,0,0.42,1,9192.96,Unemployed / No Income
ALS_02611,21,MALE,JUNIOR_HIGH_SCHOOL,MODULAR,0,,1,5963.45,Informal / Contractual Worker
ALS_02051,25,MALE,JUNIOR_HIGH_SCHOOL,MODULAR,1,,1,4567.02,Unemployed / No Income
ALS_00361,15,FEMALE,JUNIOR_HIGH_SCHOOL,BLENDED,0,1.96,0,7877.71,Self-Employed / Business Owner
ALS_01102,20,FEMALE,JUNIOR_HIGH_SCHOOL,FACE_TO_FACE,0,,0,5816.67,Informal / Contractual Worker
ALS_05168,29,FEMALE,JUNIOR_HIGH_SCHOOL,MODULAR,0,,1,18216.58,Formal Employment
ALS_03690,23,MALE,JUNIOR_HIGH_SCHOOL,MODULAR,1,,1,5758.76,Unemployed / No Income
ALS_04505,14,MALE,BLP,FACE_TO_FACE,1,,1,3297.23,Informal / Contractual Worker
ALS_06062,13,FEMALE,ELEMENTARY,FACE_TO_FACE,0,,1,10194.71,Formal Employment
ALS_02407,29,MALE,JUNIOR_HIGH_SCHOOL,MODULAR,0,,1,5409.77,Self-Employed / Business Owner
ALS_02812,18,MALE,JUNIOR_HIGH_SCHOOL,FACE_TO_FACE,0,,1,24426.66,Unemployed / No Income
ALS_05598,27,MALE,JUNIOR_HIGH_SCHOOL,FACE_TO_FACE,0,,1,5599.9,Unemployed / No Income
ALS_04824,18,FEMALE,JUNIOR_HIGH_SCHOOL,FACE_TO_FACE,0,,0,5102.16,Formal Employment
ALS_02210,25,MALE,JUNIOR_HIGH_SCHOOL,FACE_TO_FACE,0,,1,3663.48,Unemployed / No Income
ALS_05896,17,MALE,BLP,FACE_TO_FACE,0,,0,14807.61,Unemployed / No Income
ALS_00177,18,MALE,JUNIOR_HIGH_SCHOOL,BLENDED,0,1.04,1,3329.1,Unemployed / No Income
ALS_02275,39,FEMALE,JUNIOR_HIGH_SCHOOL,FACE_TO_FACE,0,,1,2660.18,Unemployed / No Income
ALS_03398,16,MALE,JUNIOR_HIGH_SCHOOL,MODULAR,1,,1,10624.02,Informal / Contractual Worker
ALS_04080,13,MALE,ELEMENTARY,FACE_TO_FACE,1,,0,5337.12,Unemployed / No Income
ALS_00450,22,FEMALE,JUNIOR_HIGH_SCHOOL,MODULAR,0,0,0,6334.85,Unemployed / No Income
ALS_04112,29,MALE,JUNIOR_HIGH_SCHOOL,FACE_TO_FACE,0,,1,19270.49,Informal / Contractual Worker
ALS_00064,19,MALE,JUNIOR_HIGH_SCHOOL,MODULAR,0,0.05,0,14687.82,Self-Employed / Business Owner
ALS_04809,17,FEMALE,JUNIOR_HIGH_SCHOOL,FACE_TO_FACE,0,,1,8337.67,Unemployed / No Income
ALS_02549,16,MALE,JUNIOR_HIGH_SCHOOL,BLENDED,0,,1,6334.37,Self-Employed / Business Owner
ALS_04349,18,FEMALE,JUNIOR_HIGH_SCHOOL,FACE_TO_FACE,1,,1,4214.32,Self-Employed / Business Owner
ALS_06599,16,MALE,JUNIOR_HIGH_SCHOOL,FACE_TO_FACE,0,,0,15462.93,Formal Employment
ALS_05165,18,MALE,ELEMENTARY,BLENDED,0,,0,6359.09,Informal / Contractual Worker
ALS_05782,16,MALE,JUNIOR_HIGH_SCHOOL,BLENDED,0,,0,8176.17,OFW (Overseas Filipino Worker)
ALS_04574,15,FEMALE,JUNIOR_HIGH_SCHOOL,MODULAR,0,,1,10906.49,Formal Employment
ALS_05356,16,MALE,JUNIOR_HIGH_SCHOOL,FACE_TO_FACE,0,,1,3845.86,Unemployed / No Income
ALS_05336,25,FEMALE,JUNIOR_HIGH_SCHOOL,MODULAR,0,,1,5446.94,Retired / Pensioner
ALS_05509,15,MALE,JUNIOR_HIGH_SCHOOL,FACE_TO_FACE,0,,0,16685.45,Self-Employed / Business Owner
ALS_03479,35,MALE,JUNIOR_HIGH_SCHOOL,BLENDED,0,,0,11829.34,Informal / Contractual Worker
ALS_04861,18,FEMALE,JUNIOR_HIGH_SCHOOL,MODULAR,1,,1,6206.94,Informal / Contractual Worker
ALS_03918,14,FEMALE,ELEMENTARY,MODULAR,1,,0,8736.78,Informal / Contractual Worker
ALS_02719,31,FEMALE,JUNIOR_HIGH_SCHOOL,MODULAR,0,,1,12949.26,Informal / Contractual Worker
ALS_01098,26,FEMALE,JUNIOR_HIGH_SCHOOL,FACE_TO_FACE,0,,0,11343.09,OFW (Overseas Filipino Worker)
ALS_00616,15,FEMALE,JUNIOR_HIGH_SCHOOL,FACE_TO_FACE,0,3.7,0,12982.63,Informal / Contractual Worker
ALS_04265,17,MALE,JUNIOR_HIGH_SCHOOL,MODULAR,0,,1,10841.23,Formal Employment
ALS_00304,30,FEMALE,JUNIOR_HIGH_SCHOOL,FACE_TO_FACE,0,0,0,6555.69,Unemployed / No Income
ALS_06497,28,MALE,JUNIOR_HIGH_SCHOOL,MODULAR,0,,1,15274.19,Informal / Contractual Worker
ALS_04318,12,MALE,ELEMENTARY,BLENDED,1,,1,24003.76,Informal / Contractual Worker
ALS_00483,19,MALE,ELEMENTARY,BLENDED,1,0,0,6809.56,Informal / Contractual Worker
ALS_03160,27,MALE,JUNIOR_HIGH_SCHOOL,MODULAR,0,,0,17758.63,Informal / Contractual Worker
ALS_00568,31,FEMALE,JUNIOR_HIGH_SCHOOL,MODULAR,0,0,0,23697.56,Self-Employed / Business Owner
ALS_03310,29,FEMALE,JUNIOR_HIGH_SCHOOL,FACE_TO_FACE,1,,1,6780.28,Formal Employment
ALS_05109,16,MALE,JUNIOR_HIGH_SCHOOL,BLENDED,0,,0,16178.26,Informal / Contractual Worker
ALS_04137,44,FEMALE,JUNIOR_HIGH_SCHOOL,MODULAR,0,,1,20424.77,Unemployed / No Income
ALS_00831,45,FEMALE,JUNIOR_HIGH_SCHOOL,BLENDED,0,0,0,9891.95,Formal Employment
ALS_04711,37,FEMALE,JUNIOR_HIGH_SCHOOL,BLENDED,0,,1,16552.51,Informal / Contractual Worker
ALS_06030,17,FEMALE,JUNIOR_HIGH_SCHOOL,MODULAR,0,,1,8475.08,Informal / Contractual Worker
ALS_02929,19,FEMALE,JUNIOR_HIGH_SCHOOL,FACE_TO_FACE,1,,1,15626.16,Informal / Contractual Worker
ALS_04343,28,MALE,JUNIOR_HIGH_SCHOOL,FACE_TO_FACE,0,,1,12738.95,Unemployed / No Income
ALS_02286,33,MALE,JUNIOR_HIGH_SCHOOL,MODULAR,0,,1,17808.83,Informal / Contractual Worker
ALS_03113,19,MALE,JUNIOR_HIGH_SCHOOL,MODULAR,0,,0,7930.82,Self-Employed / Business Owner
ALS_02141,27,MALE,JUNIOR_HIGH_SCHOOL,FACE_TO_FACE,0,,0,11058.49,Formal Employment
ALS_04770,17,MALE,JUNIOR_HIGH_SCHOOL,FACE_TO_FACE,0,,1,2043.63,Informal / Contractual Worker
ALS_03463,44,FEMALE,ELEMENTARY,MODULAR,0,,1,4619.99,Informal / Contractual Worker
ALS_04511,14,MALE,JUNIOR_HIGH_SCHOOL,FACE_TO_FACE,1,,1,3794.74,Informal / Contractual Worker
ALS_02315,24,MALE,JUNIOR_HIGH_SCHOOL,FACE_TO_FACE,0,,1,8591.72,Unemployed / No Income
ALS_00277,18,FEMALE,JUNIOR_HIGH_SCHOOL,FACE_TO_FACE,0,5.25,0,17290.65,Retired / Pensioner
ALS_01176,22,MALE,JUNIOR_HIGH_SCHOOL,FACE_TO_FACE,0,,1,8453.87,Self-Employed / Business Owner
ALS_01910,17,MALE,BLP,BLENDED,0,,1,3880.24,Unemployed / No Income
ALS_05411,34,FEMALE,ELEMENTARY,FACE_TO_FACE,0,,1,5218.89,Self-Employed / Business Owner
ALS_04921,17,MALE,JUNIOR_HIGH_SCHOOL,MODULAR,0,,1,7926.65,Informal / Contractual Worker
ALS_06538,15,MALE,JUNIOR_HIGH_SCHOOL,FACE_TO_FACE,0,,1,6786.55,Informal / Contractual Worker
ALS_01907,24,MALE,JUNIOR_HIGH_SCHOOL,BLENDED,0,,1,7364.23,Other
ALS_05818,16,FEMALE,JUNIOR_HIGH_SCHOOL,FACE_TO_FACE,0,,1,5956.55,Other
ALS_03194,15,FEMALE,JUNIOR_HIGH_SCHOOL,FACE_TO_FACE,0,,0,18992.71,Other
ALS_05451,14,MALE,JUNIOR_HIGH_SCHOOL,FACE_TO_FACE,0,,0,10732.43,Formal Employment
ALS_02077,30,MALE,JUNIOR_HIGH_SCHOOL,MODULAR,0,,1,3962.48,Unemployed / No Income
ALS_02152,39,FEMALE,ELEMENTARY,FACE_TO_FACE,0,,1,10024.17,Self-Employed / Business Owner
ALS_05321,17,MALE,JUNIOR_HIGH_SCHOOL,MODULAR,0,,0,12912.84,Formal Employment
ALS_04985,17,MALE,JUNIOR_HIGH_SCHOOL,FACE_TO_FACE,1,0.42,0,5632.17,Unemployed / No Income
ALS_00556,18,MALE,JUNIOR_HIGH_SCHOOL,BLENDED,0,1.64,0,10144.44,Self-Employed / Business Owner
ALS_06660,18,MALE,JUNIOR_HIGH_SCHOOL,FACE_TO_FACE,0,,0,20809.91,Other
ALS_02082,39,MALE,JUNIOR_HIGH_SCHOOL,MODULAR,1,,1,3712.5,Informal / Contractual Worker
ALS_03259,27,FEMALE,JUNIOR_HIGH_SCHOOL,FACE_TO_FACE,0,,0,10124.99,Formal Employment
ALS_03242,13,FEMALE,JUNIOR_HIGH_SCHOOL,MODULAR,1,,0,13246.92,Informal / Contractual Worker
ALS_05641,37,FEMALE,ELEMENTARY,MODULAR,0,,1,10998.68,Retired / Pensioner
ALS_03865,24,MALE,JUNIOR_HIGH_SCHOOL,MODULAR,0,,1,8220.28,Self-Employed / Business Owner
ALS_05129,28,FEMALE,JUNIOR_HIGH_SCHOOL,FACE_TO_FACE,0,,0,16150.07,Informal / Contractual Worker
ALS_01240,16,FEMALE,JUNIOR_HIGH_SCHOOL,FACE_TO_FACE,0,,1,11804.25,Informal / Contractual Worker
ALS_06366,20,MALE,JUNIOR_HIGH_SCHOOL,FACE_TO_FACE,0,,0,15585.31,Formal Employment
ALS_06148,19,MALE,JUNIOR_HIGH_SCHOOL,FACE_TO_FACE,0,,1,11567.05,Informal / Contractual Worker
ALS_00389,18,FEMALE,JUNIOR_HIGH_SCHOOL,MODULAR,0,1.64,0,11272.5,Unemployed / No Income
ALS_00548,28,FEMALE,JUNIOR_HIGH_SCHOOL,FACE_TO_FACE,0,2.63,0,8380,Informal / Contractual Worker
ALS_04808,18,FEMALE,JUNIOR_HIGH_SCHOOL,FACE_TO_FACE,0,0.42,1,3394.79,Formal Employment
ALS_03939,15,MALE,ELEMENTARY,FACE_TO_FACE,0,,0,4077.17,Informal / Contractual Worker
ALS_06535,38,MALE,JUNIOR_HIGH_SCHOOL,MODULAR,0,0,0,6402.61,Retired / Pensioner
ALS_03355,23,FEMALE,JUNIOR_HIGH_SCHOOL,MODULAR,1,,1,3917.66,Unemployed / No Income
ALS_01830,16,MALE,JUNIOR_HIGH_SCHOOL,FACE_TO_FACE,0,,1,2123.36,Unemployed / No Income
ALS_05088,20,FEMALE,JUNIOR_HIGH_SCHOOL,BLENDED,0,,0,9386.16,Self-Employed / Business Owner
ALS_01924,30,MALE,JUNIOR_HIGH_SCHOOL,FACE_TO_FACE,0,0,0,14881.48,Self-Employed / Business Owner
ALS_04179,17,FEMALE,JUNIOR_HIGH_SCHOOL,MODULAR,0,,0,11824.32,Formal Employment
ALS_00701,16,FEMALE,JUNIOR_HIGH_SCHOOL,FACE_TO_FACE,1,2.19,0,18037.87,Self-Employed / Business Owner
ALS_03093,21,FEMALE,JUNIOR_HIGH_SCHOOL,MODULAR,1,,1,3435.92,Self-Employed / Business Owner
ALS_05235,16,MALE,JUNIOR_HIGH_SCHOOL,FACE_TO_FACE,0,,0,6236.36,Formal Employment
ALS_04289,29,MALE,JUNIOR_HIGH_SCHOOL,MODULAR,0,,1,4130.01,Self-Employed / Business Owner
ALS_03913,27,MALE,JUNIOR_HIGH_SCHOOL,MODULAR,0,,1,11159.58,Self-Employed / Business Owner
ALS_01696,20,MALE,JUNIOR_HIGH_SCHOOL,FACE_TO_FACE,1,,1,9482.55,Self-Employed / Business Owner
ALS_02276,38,FEMALE,JUNIOR_HIGH_SCHOOL,MODULAR,0,,1,2934.82,Retired / Pensioner
ALS_01053,19,MALE,JUNIOR_HIGH_SCHOOL,FACE_TO_FACE,0,2.87,0,4850.26,Formal Employment
ALS_03129,34,MALE,JUNIOR_HIGH_SCHOOL,MODULAR,1,,1,10546.9,OFW (Overseas Filipino Worker)
ALS_04581,24,MALE,JUNIOR_HIGH_SCHOOL,FACE_TO_FACE,0,,1,5295.01,Informal / Contractual Worker
ALS_04675,17,MALE,JUNIOR_HIGH_SCHOOL,FACE_TO_FACE,0,,0,14128.87,Informal / Contractual Worker
ALS_04263,16,MALE,JUNIOR_HIGH_SCHOOL,FACE_TO_FACE,1,,1,7965.04,Informal / Contractual Worker
ALS_02339,19,MALE,JUNIOR_HIGH_SCHOOL,FACE_TO_FACE,1,,1,7389.13,Retired / Pensioner
ALS_04783,15,MALE,JUNIOR_HIGH_SCHOOL,FACE_TO_FACE,0,,1,6272.39,Informal / Contractual Worker
ALS_00205,16,FEMALE,JUNIOR_HIGH_SCHOOL,FACE_TO_FACE,0,0.05,0,24006.29,Self-Employed / Business Owner
ALS_04974,23,MALE,JUNIOR_HIGH_SCHOOL,FACE_TO_FACE,0,,1,13296.93,OFW (Overseas Filipino Worker)
ALS_01891,22,MALE,JUNIOR_HIGH_SCHOOL,BLENDED,1,,1,3413.7,Informal / Contractual Worker
ALS_05892,14,MALE,JUNIOR_HIGH_SCHOOL,FACE_TO_FACE,0,,1,9710.18,Unemployed / No Income
ALS_00781,22,MALE,JUNIOR_HIGH_SCHOOL,FACE_TO_FACE,0,0,0,11785.85,Formal Employment
ALS_01870,43,MALE,JUNIOR_HIGH_SCHOOL,MODULAR,1,,1,14548.69,Self-Employed / Business Owner
ALS_00552,27,MALE,JUNIOR_HIGH_SCHOOL,BLENDED,0,,0,8433.84,Formal Employment
ALS_02101,19,FEMALE,JUNIOR_HIGH_SCHOOL,MODULAR,1,,1,5979.73,Informal / Contractual Worker
ALS_04166,13,MALE,ELEMENTARY,FACE_TO_FACE,1,,0,16060.62,Retired / Pensioner
ALS_00116,15,MALE,JUNIOR_HIGH_SCHOOL,MODULAR,0,0.05,0,20306.22,Retired / Pensioner
ALS_00401,21,MALE,JUNIOR_HIGH_SCHOOL,FACE_TO_FACE,0,0,0,6253.14,Formal Employment
ALS_02124,15,MALE,JUNIOR_HIGH_SCHOOL,FACE_TO_FACE,1,,1,5302.38,Formal Employment
ALS_04087,18,MALE,JUNIOR_HIGH_SCHOOL,BLENDED,0,,0,9249.9,Formal Employment
ALS_00444,25,MALE,JUNIOR_HIGH_SCHOOL,FACE_TO_FACE,0,0.56,0,16973.15,Formal Employment
ALS_03067,23,MALE,JUNIOR_HIGH_SCHOOL,MODULAR,0,,1,4442.79,Formal Employment
ALS_02280,40,MALE,JUNIOR_HIGH_SCHOOL,MODULAR,0,,1,8106.66,Unemployed / No Income
ALS_05982,22,FEMALE,JUNIOR_HIGH_SCHOOL,FACE_TO_FACE,0,,1,8636.67,Unemployed / No Income
ALS_04524,22,MALE,JUNIOR_HIGH_SCHOOL,FACE_TO_FACE,1,,0,12056.55,Formal Employment
ALS_02748,25,MALE,JUNIOR_HIGH_SCHOOL,FACE_TO_FACE,0,,1,8454.38,Formal Employment
ALS_03322,15,MALE,JUNIOR_HIGH_SCHOOL,BLENDED,1,,1,2347.22,Informal / Contractual Worker
ALS_05193,22,MALE,JUNIOR_HIGH_SCHOOL,FACE_TO_FACE,0,,0,7547.54,Formal Employment
ALS_06449,35,FEMALE,JUNIOR_HIGH_SCHOOL,MODULAR,0,,1,16667.21,Informal / Contractual Worker
ALS_01761,28,FEMALE,JUNIOR_HIGH_SCHOOL,BLENDED,1,,1,11357.32,Other
ALS_02775,17,MALE,JUNIOR_HIGH_SCHOOL,FACE_TO_FACE,0,,1,6624.37,Unemployed / No Income
ALS_02058,22,MALE,JUNIOR_HIGH_SCHOOL,FACE_TO_FACE,1,,1,9565.48,Formal Employment
ALS_05197,14,MALE,ELEMENTARY,FACE_TO_FACE,0,,0,9444.36,Informal / Contractual Worker
ALS_02062,27,FEMALE,JUNIOR_HIGH_SCHOOL,MODULAR,0,,1,3652.39,Formal Employment
ALS_04825,24,FEMALE,JUNIOR_HIGH_SCHOOL,FACE_TO_FACE,0,,1,8912.62,Other
ALS_06772,15,FEMALE,JUNIOR_HIGH_SCHOOL,FACE_TO_FACE,0,,1,4989.5,Informal / Contractual Worker
ALS_04223,38,MALE,JUNIOR_HIGH_SCHOOL,MODULAR,0,,1,8782.26,Formal Employment
ALS_03202,17,FEMALE,JUNIOR_HIGH_SCHOOL,FACE_TO_FACE,0,,0,7260.6,Unemployed / No Income
ALS_05565,32,FEMALE,JUNIOR_HIGH_SCHOOL,MODULAR,0,,1,4236.46,Other
ALS_06347,12,FEMALE,BLP,FACE_TO_FACE,0,,1,5728.73,Unemployed / No Income
ALS_03917,36,FEMALE,JUNIOR_HIGH_SCHOOL,MODULAR,0,,0,5604.96,Self-Employed / Business Owner
ALS_03986,17,MALE,JUNIOR_HIGH_SCHOOL,FACE_TO_FACE,0,,1,9362.64,Informal / Contractual Worker
ALS_00302,44,FEMALE,JUNIOR_HIGH_SCHOOL,FACE_TO_FACE,0,0.05,0,12427.74,Formal Employment
ALS_02575,28,MALE,JUNIOR_HIGH_SCHOOL,FACE_TO_FACE,0,,1,5464.84,Informal / Contractual Worker
ALS_02641,28,MALE,JUNIOR_HIGH_SCHOOL,BLENDED,0,,0,6036.93,Formal Employment
ALS_06558,16,MALE,JUNIOR_HIGH_SCHOOL,FACE_TO_FACE,0,,0,10225.32,Self-Employed / Business Owner
ALS_05919,10,FEMALE,ELEMENTARY,MODULAR,0,,1,7886.15,Informal / Contractual Worker
ALS_04196,15,MALE,JUNIOR_HIGH_SCHOOL,BLENDED,1,,0,7088,Informal / Contractual Worker
ALS_05958,28,MALE,JUNIOR_HIGH_SCHOOL,FACE_TO_FACE,0,,1,6901.61,Unemployed / No Income
ALS_06228,17,FEMALE,JUNIOR_HIGH_SCHOOL,FACE_TO_FACE,0,,0,13083.34,OFW (Overseas Filipino Worker)
ALS_05319,26,MALE,JUNIOR_HIGH_SCHOOL,FACE_TO_FACE,0,,1,13980.2,Informal / Contractual Worker
ALS_01702,30,MALE,JUNIOR_HIGH_SCHOOL,FACE_TO_FACE,1,,1,10943.26,Unemployed / No Income
ALS_05527,18,MALE,JUNIOR_HIGH_SCHOOL,MODULAR,0,,0,9170.25,Unemployed / No Income
ALS_01947,20,MALE,JUNIOR_HIGH_SCHOOL,BLENDED,0,,1,8009.25,OFW (Overseas Filipino Worker)
ALS_03450,34,MALE,JUNIOR_HIGH_SCHOOL,BLENDED,1,,1,22961.27,Unemployed / No Income
ALS_05669,34,MALE,JUNIOR_HIGH_SCHOOL,FACE_TO_FACE,0,,0,9575.11,Self-Employed / Business Owner
ALS_01838,21,FEMALE,JUNIOR_HIGH_SCHOOL,FACE_TO_FACE,0,,1,8712.42,Formal Employment
ALS_05340,32,MALE,JUNIOR_HIGH_SCHOOL,MODULAR,1,,1,5389.51,Self-Employed / Business Owner
ALS_03486,26,MALE,JUNIOR_HIGH_SCHOOL,MODULAR,0,,1,17625.95,Unemployed / No Income
ALS_00042,29,MALE,JUNIOR_HIGH_SCHOOL,MODULAR,0,0.26,0,5379.89,Informal / Contractual Worker
ALS_02780,16,MALE,JUNIOR_HIGH_SCHOOL,FACE_TO_FACE,0,,1,6005.7,Unemployed / No Income
ALS_02248,19,FEMALE,ELEMENTARY,FACE_TO_FACE,1,,0,11913.95,OFW (Overseas Filipino Worker)
ALS_06475,15,FEMALE,JUNIOR_HIGH_SCHOOL,FACE_TO_FACE,0,,1,6060.15,Formal Employment
ALS_02917,47,FEMALE,ELEMENTARY,FACE_TO_FACE,1,,0,8806.01,Other
ALS_05860,17,MALE,JUNIOR_HIGH_SCHOOL,FACE_TO_FACE,0,,0,7485.87,Formal Employment
ALS_01261,15,FEMALE,JUNIOR_HIGH_SCHOOL,MODULAR,0,,0,12903.5,Informal / Contractual Worker
ALS_03098,12,MALE,ELEMENTARY,FACE_TO_FACE,0,,0,16043.61,Retired / Pensioner
